-- phpMyAdmin SQL Dump
-- version 5.1.1
-- https://www.phpmyadmin.net/
--
-- Host: 127.0.0.1
-- Generation Time: Jan 21, 2024 at 01:05 PM
-- Server version: 10.4.20-MariaDB
-- PHP Version: 7.3.29

SET SQL_MODE = "NO_AUTO_VALUE_ON_ZERO";
START TRANSACTION;
SET time_zone = "+00:00";


/*!40101 SET @OLD_CHARACTER_SET_CLIENT=@@CHARACTER_SET_CLIENT */;
/*!40101 SET @OLD_CHARACTER_SET_RESULTS=@@CHARACTER_SET_RESULTS */;
/*!40101 SET @OLD_COLLATION_CONNECTION=@@COLLATION_CONNECTION */;
/*!40101 SET NAMES utf8mb4 */;

--
-- Database: `originatesoft_db_upwork`
--

-- --------------------------------------------------------

--
-- Table structure for table `pref_access_panel`
--

CREATE TABLE `pref_access_panel` (
  `access_user_id` int(11) NOT NULL,
  `access_user_email` varchar(50) NOT NULL,
  `access_user_password` varchar(100) NOT NULL,
  `login_status` tinyint(2) NOT NULL DEFAULT 0
) ENGINE=InnoDB DEFAULT CHARSET=utf8;

--
-- Dumping data for table `pref_access_panel`
--

INSERT INTO `pref_access_panel` (`access_user_id`, `access_user_email`, `access_user_password`, `login_status`) VALUES
(1, 'asish9735@gmail.com', '$2a$08$SJGZD..ywhF/V2RA7J.lyOhFEdCj6vgBDEhyOu.UDzJ4p5A5Ysuci', 1),
(2, 'asish9735vv@gmail.com', '$2a$08$wCj2tfrtOuBrP0FRm5JTy.f2UCeiHy9Ic.vFF2g896x7AzAju7uKi', 1),
(3, 'test2@test.com', '7ef3bc5f4a1e3ee1f06e690b6c6d6d91', 1),
(4, 'dcsharma1991@gmail.com', '$2a$08$nGX6RwAijM0lzMOE7gNJMOxWSuiI3Tw6.1YBLNPQR/XWUWyp4y8au', 1),
(5, 'asishs@gmail.com', '$2a$08$4sCOhTrtyEvQ2gUMgVLn1..88qDczRpH3dU.KEHlpT//GNSl8smYS', 1),
(6, 'asishbb@gmail.com', '$2a$08$WJ7fAI1nC2NcDdRYEPZo7eIJCLWh9lbCdT8l.r5gCDWM8Yyz/hGdm', 1),
(7, 'asishbbb@gmail.com', '$2a$08$S6niHygjE/GumEpKt6WpDewTYYUVPCfsQzkRECYPdoGWH7pMT8IyK', 1),
(8, 'asish@gmail.com', '$2a$08$yzhBmrTqJgYjzA60S0iQj.um/L9EFmWKVKhktp.oE.70jYhGIodLu', 1),
(9, 'asish9735_c@gmail.com', '$2a$08$RNg29RXfYS.DmwoxElOKbuOtxrZoqRtuAK4LPg5ljfYA41ptq0PA.', 1),
(10, 'asish9735_d@gmail.com', '$2a$08$Fleqvlt3BD38Gc/CK6KQcuud7MHGV2M6zbgnPedSdj9yiZ0XWYkp.', 1),
(11, 'asish9735_biz@gmail.com', '$2a$08$.kgCd2UUviBoUY0KLY0Ss.hLhr4I4OOMRyb.Q2LFuC2XsvfSZtIJW', 1),
(12, 'asish9735_old@gmail.com', '$2a$08$EYg2CLRl9H1/Zo2cv5h2n.gt0D2TnY2kUmZdNBz6PjDFf.F4pPnue', 0),
(13, 'asish9735_old2@gmail.com', '$2a$08$OXZJ5w5vjpClHVwMIfXUbu7qHroCTWWaFbkOY37chtOdWQh0tpyo.', 0),
(14, 'asish9735_old3@gmail.com', '$2a$08$jIrsPnN7HYQ4.jFjjiaH2eX1pdPEfFHdefr0KUleoC0ujxM0rWSxq', 0),
(15, 'asish9735_per@gmail.com', '$2a$08$ltYgmHcZY/929sycE0/57.hnv4GcQV5z/z1mmz/sm0m1ChotWjp6y', 1),
(16, 'asimpatra24@gmail.com', '$2a$08$BstOT5vChP4E2w/RZgbCUOkedHrUg8oMoWydoDxU2BPYavTb829iW', 1),
(17, 'asimpatra@gmail.com', '$2a$08$YqdOaYUEuKkXrJdCtGrzlOjBnIy73LM37g6c4Bhofkn7LNkgCk0Q.', 1),
(18, 'faxrob1@gmail.com', '$2a$08$P8E1Y5GYz1RtkqjJU5p8gucUYVwjCybKo0qqLgor0.M/EEIK3k9ea', 1),
(19, 'santoshbajaj753@gmail.com', '$2a$08$.82mGneMKHBN.MUcQyX3z.0PFw0bkHpnfqJvEQ28IKxHOUDCjbgGy', 1),
(20, 'j3nnenca@yahoo.com', '$2a$08$WFsPyD3m3nvhaPcSEBzylut95IvIG3NIc7zpA070/59KI5t7m6u0e', 1),
(21, 'jenn_aurelio@yahoo.com', '$2a$08$1FS0vrarz65z/rOM/LcxLOQXfNTXdXSEb66XPoNWTAYsi7opUQcNm', 1),
(22, 'ubps1986@gmail.com', '$2a$08$MA.KypA0UL4Wi0g6xozQAeCHd/d9AGUCMwNbPGnGzOCzEOAvoXdfS', 1),
(23, 'girishan0788@gmail.com', '$2a$08$23LotdRoqZMBR/7yYj9SYOE4uMpuli2GDSIlKiuB1tUwSNSnH94S2', 1),
(24, 'Uhip2021@gmail.com', '$2a$08$/YWgW3tFgS737vzAxWQVoeoj3MBDZpp6MY2ojJtZc76pBz3Vqk2VC', 1),
(25, 'murthy@gmail.com', '$2a$08$wPXsMYa4gz8PqF9pZMf7TOR.F17zQmAZX6YEgp.ocApn708e5zyoe', 1),
(26, 'giri@gmail.com', '$2a$08$3AScI16mvqdoQFqkYGbKue7EkYXuAzMdnvm.vIYWhuWx2kOmeN5Wi', 1),
(27, 'bmeyers2020@yahoo.com', '$2a$08$VnBOZDm.uwKS3dn/UGo8duK0cEqtyf7H3tQX9EZKgCHDVJt0kWwWq', 1),
(28, 'echextechnologies@gmail.com', '$2a$08$lm6G/btQWyqHfbmjkO3kLer5l61xpPg.a7LyaZ3BIuvXpoL4yUgRm', 1),
(29, 'hikefeb488@showbaz.com', '$2a$08$6BylkJktDtdWshPjeIeIuOixxhbahKb0bAY3gI/sYyyOM.RJl1hBe', 1),
(30, 'wakeupandsmellthecoffee13@gmail.com', '$2a$08$ZMcmLOjGSv7SJeQYsiIHUODPV7pPYdXGsygWPnCf43.vTUDrN7UnC', 1),
(31, 'thisismy.dummyacc03@gmail.com', '$2a$08$BoRFY.U3K8Vp.i4WWFUzDONILT4aRDnCAEWRarNtlAbocC/hYrDC.', 1),
(32, 'sheikhswiminfo@gmail.com', '$2a$08$1o9pTIiArqWPBTrsqcBRsugh5bdk7kIDjC8HWGelvW5.o..Qweike', 1),
(33, 'sheikhjewelahmedjoy@gmail.com', '$2a$08$TK4It89bWfu5o2MbSz4Gte/1bAVGnkIE7CLFUsa1sAX75uHC6RdCW', 1),
(34, 'thisismy_dummyacc03@gmail.com', '$2a$08$C2x.Z.b8JjPLV44QMwmh0u0tljq4u4BDnubidYh0RCZQH3DkW73cK', 1),
(35, 'safgg@gmail.com', '$2a$08$zMR41HfHoYwOIkkHyOfFL..MCKYIscQ/PR.PM4nP8gzK/bOUlVoUy', 1),
(36, 'top@gmail.com', '$2a$08$bTYpWl2J1EvBOYuzAhpHDuxoifeho7AjdBL/yk1hpIyrHckVMESH.', 1),
(37, 'teke@mailinator.com', '$2a$08$p8C/strV7OInJOYsDga9W.ZzCBAbTrNSw7qOLksIHxPKarPGx7WIK', 1),
(38, 'gexetel887@aikusy.com', '$2a$08$TDsGt6Avj66H6ITZs.H5.ORGt0i3Mea8/AALxykDP1WGnSvKX8SiC', 1),
(39, 'demouser1@gmail.com', '$2a$08$MurmzueWqijTMjvPXmK25.efSQCC9gtELG1jK7JGIooovcnB2/3dC', 1),
(40, 'priyanka.chatterjee785@gmail.com', '$2a$08$xXyVmOL.LL6TfI/n4GPZle4nUFHqgShj5dRminGWjns.QTC.U.uDa', 1),
(41, '4saudii@gmail.com', '$2a$08$yOlzjwhkDHelhepSQZCLYukRdMSQQsCThj7RVqqUzWv1FzlVvMM1S', 1),
(42, '4saudii250@gmail.com', '$2a$08$.1xmo/tqACwQyrjleq.uk.X4YcU2BoA6cFsi8iKMFfsiDK3qrevUi', 1),
(43, 'hr.wadfne@gmail.com', '$2a$08$OsMebAqEBJcKP7BVZcoON.mebm09/gy7tmi.6C0D/XfkdLtu3Humq', 1),
(44, '4saudii255@gmail.com', '$2a$08$TU9dNUKL6U21R.lXr2d.ueRtwSER3FKrAcyK5k.STGTxRURGcc/qm', 1),
(45, '4saudii256@gmail.com', '$2a$08$uO6udWpuWztO4Dml4z7lvOV13WndJbpbjoviaZ7wSmpXax1CBnisq', 1),
(46, '4saudii257@gmail.com', '$2a$08$tUGtZlFJ7Db3KwZVx/COWOfC/mnbuIjAg1QdGDQHF2yxYuCOyJF9W', 1),
(47, '4saudii258@gmail.com', '$2a$08$RUhmqBYspJMv/eobdlLOhOJ2qwjRCt3UdIXKH9kyf0OLvTXD1RGaS', 1),
(48, '4saudii1000@gmail.com', '$2a$08$V5wW9g42bLiKbUu41BwI0uD/wDrkvF02Ett8y7xvZXP.EJDFWhJ16', 1),
(49, '4saudii2000@gmail.com', '$2a$08$q2PtIBC.wfLLpy.weACn.eVMvRIzY0/IncfaZxNtd2/49eQFalFYe', 1),
(50, '4saudii259@gmail.com', '$2a$08$Iw9Xw4QxSlkJ9FMpw3XyXuKd7sHyhBPg6LZ0LKigeB0BmH/BcyXEO', 1),
(51, '4saudii260@gmail.com', '$2a$08$YSw7AJ23G8iQSi8aqXuye.fmUJ.rv4yQV6KV9/SBJtLF/qkEnOFXK', 1),
(52, '4saudii261@gmail.com', '$2a$08$VdP4VVQ9vPX1wlnpH7QIeOS3poZeyGDE4lWh68pgCEAiqb3M0Ia22', 1),
(53, '4saudii262@gmail.com', '$2a$08$XR2N6rhBKuyCaQmO2YzZ1OaYbogUmYMakXl5ZeWB2CQzVeuLdkBKq', 1),
(54, '4saudii209090908@gmail.com', '$2a$08$t2YB3qXcpyARXkW6npn4jObKCgseZXbG/F9.aBRLM8ymUZAmUSLUG', 1),
(55, '4saudii263@gmail.com', '$2a$08$7wtPM3pjloICGIPwHUwk9ujli7jhhj5FdjHJ.vx5B6y/abUuPlkq.', 1),
(56, 'Rahul.purbia21@gmail.com', '$2a$08$fNODy6I1X7PiguJ78UANj.KPiM3KWU8wfoGkwpNf7NCuhWGZtSVSu', 1),
(57, 'scpndv@gmail.com', '$2a$08$bZ4GNyBK/P7Fh4ZyLlQMXekRhOWVZZBJTPMkb8T5jh0cg6Az7U.NG', 1),
(58, 'android@dineoutbahrain.com', '$2a$08$q7IFoQwh7/0vWUsDc2MdwekdVAgGBmfejwdGOa7qSLJql2tZFiVpm', 1),
(59, 'patraasim@gmail.com', '$2a$08$/DKV/0u6AZVZBburfs4v7.iLT.0n9ipuCt2TUFf2Ze0oJfCSB9iuO', 1),
(60, 'test1@gmail.com', '$2a$08$0m8VSMaW6JRilE7ZMb/mxeaCd58qEQyJJQdVRjYcH8nqGIY75Ttfm', 1),
(61, '4saudii251@gmail.com', '$2a$08$0PNGBEX.EdckaqrhHOIEzOpKhQhqkSZHODs4fvdCNQrcki4VtFk4.', 1),
(62, '4sauii252@gmail.com', '$2a$08$8aiyzdjgF9VUIGkxfuyBRuwly2xQkJX8cXrXfPdGJyi7iyLhlvvU2', 1),
(63, '4saudii252@gmail.com', '$2a$08$k7EyQcjjLCPQLgB6Q.Vl0ur252Tfpu42RXR89V6CHwoVjy89cGXs6', 0),
(64, '4saudii270@gmail.com', '$2a$08$6tmiNwdxKz75DnzYGCin6.mDpPvzZUHOwV50AzuuHOuwmWLs/XPzW', 1),
(65, '4saudii271@gmail.com', '$2a$08$6qSVwEWk/NmcKX5Kro1oaeha95Faag8PMGvn6Ek.bd7K90DlryEqe', 1),
(66, 'laliso2480@esmoud.com', '$2a$08$fkDprgLKC4q5PapGoS6WquJ5enFzcDgFHOX4X.M8StzGnL3rYP4/G', 1),
(67, 'mkae96@gmail.com', '$2a$08$vQKHfXQpp54M2Xh085b47unDEXYj3.V4yP31dZ7ofoWmp4DL6bobC', 1),
(68, 'mutabb@ssmasesd.com', '$2a$08$mLxgRmhluFIBVGljn5SV5O1gIh/im3WRmJOZeBxsXDqlLT0fUIWlm', 1),
(69, 'mutabbbbb@mutabbb.com', '$2a$08$4w3nb/zniVXD/TlRTaAb.u02ygTas1uw.1.PuQ.k6v/T2vLS7Mami', 1),
(70, '123@qq.com', '$2a$08$klcCn49U0mx9f.Ri7sIZFeYhSraChPJQM30XnwDamO1DjLJI0tUky', 1),
(71, 'ruiqi1001@gmail.com', '$2a$08$aZTjmUe6pfzMNvMeWZ6Ps.PbBE/LH7xSo5B0gpGrRBxorN2qVakKi', 1),
(72, 'test@gmail.com', '$2a$08$tzueUwqm4zdn.VYXqgNZ3eN3gHyvG3arv2aftaFg5zYd6A3IpaW16', 1),
(73, 'tux584@gmail.com', '$2a$08$8ddZKUJfwu9/peZgdrlxN.mFS3ST6w86BtldKL3FrP2.yA/0AUmrW', 1);

-- --------------------------------------------------------

--
-- Table structure for table `pref_admin`
--

CREATE TABLE `pref_admin` (
  `admin_id` int(11) UNSIGNED NOT NULL,
  `username` varchar(100) NOT NULL,
  `email` varchar(100) NOT NULL,
  `password` varchar(100) NOT NULL,
  `full_name` varchar(100) NOT NULL,
  `registered_on` datetime NOT NULL,
  `profile_pic` varchar(100) NOT NULL,
  `role_id` int(11) NOT NULL,
  `status` tinyint(4) NOT NULL,
  `super_admin` tinyint(4) NOT NULL,
  `token` varchar(100) DEFAULT NULL
) ENGINE=InnoDB DEFAULT CHARSET=utf8;

--
-- Dumping data for table `pref_admin`
--

INSERT INTO `pref_admin` (`admin_id`, `username`, `email`, `password`, `full_name`, `registered_on`, `profile_pic`, `role_id`, `status`, `super_admin`, `token`) VALUES
(1, 'superadmin', 'bishukumar007@gmail.com', 'e10adc3949ba59abbe56e057f20f883e', 'Vk bishu', '2017-12-02 07:27:34', '', 0, 1, 1, '024859562ed44e5fff9bd0bfdbd7cd5e'),
(2, 'admin', 'asish9735@gmail.com', 'e10adc3949ba59abbe56e057f20f883e', 'Admin 2', '2019-07-19 14:01:45', '', 1, 1, 0, 'a16112203385cb72f7443f957e0d4503'),
(3, 'admin_3', 'admin3@gmail.com', 'e10adc3949ba59abbe56e057f20f883e', 'Bishu', '2019-07-24 11:14:45', '', 2, 1, 0, ''),
(4, 'Support', 'Support@gmail.com', '434990c8a25d2be94863561ae98bd682', 'Support', '2022-08-14 01:51:01', '', 4, 1, 0, NULL),
(5, 'test1', 'test1@gmail.com', 'e10adc3949ba59abbe56e057f20f883e', 'test1', '2022-08-24 05:41:23', '', 4, -1, 0, NULL),
(6, 'test2', 'test2@gmail.com', 'e10adc3949ba59abbe56e057f20f883e', 'test1', '2022-08-24 05:42:16', '', 4, 1, 0, NULL);

-- --------------------------------------------------------

--
-- Table structure for table `pref_adminmenu`
--

CREATE TABLE `pref_adminmenu` (
  `id` int(4) NOT NULL,
  `name` varchar(200) NOT NULL DEFAULT '',
  `title` varchar(150) NOT NULL COMMENT 'Menu Title',
  `url` varchar(200) DEFAULT NULL,
  `menu_desc` varchar(200) NOT NULL DEFAULT '',
  `style_class` varchar(100) NOT NULL DEFAULT 'i-menu-6',
  `parent_id` int(4) NOT NULL DEFAULT 0,
  `status` tinyint(4) DEFAULT NULL,
  `show_left` enum('Y','N') NOT NULL DEFAULT 'Y',
  `ord` int(5) NOT NULL DEFAULT 0,
  `menu_code` varchar(20) NOT NULL,
  `action` varchar(20) NOT NULL
) ENGINE=MyISAM DEFAULT CHARSET=utf8;

--
-- Dumping data for table `pref_adminmenu`
--

INSERT INTO `pref_adminmenu` (`id`, `name`, `title`, `url`, `menu_desc`, `style_class`, `parent_id`, `status`, `show_left`, `ord`, `menu_code`, `action`) VALUES
(1, 'Setting', 'Setting', 'settingmain', 'Website Setting', 'icon-feather-settings', 0, 1, 'Y', 2, 'MEN0001', ''),
(4, 'Admin', 'Admin', 'adminmain', 'Admin Control Panel', 'icon-feather-user', 0, 1, 'Y', 1, 'MEN0004', ''),
(5, 'User', 'User', 'admin_user/list_record', 'Admin User', '', 4, 1, 'Y', 1, 'MEN0005_LIST', 'LIST'),
(6, 'Role', 'Role', 'permission/role_list', 'Admin Role', '', 4, 1, 'Y', 2, 'MEN0006_LIST', 'LIST'),
(7, 'Permission', 'Permission', 'permission/give_permission', 'Menu Permission', '', 4, 1, 'Y', 3, 'MEN0007_EDIT', 'EDIT'),
(10, 'Management', 'Management', 'management_main', 'Management', 'icon-feather-clock', 0, 1, 'Y', 0, 'MEN0010', ''),
(11, 'Category', 'Category', 'category/list_record', 'Category', '', 10, 1, 'Y', 1, 'MEN0011_LIST', 'LIST'),
(16, 'Countries', 'Countries', 'country/list_record', 'Countries Management', '', 10, 1, 'Y', 0, 'MEN0016_LIST', 'LIST'),
(17, 'States', 'States', 'state/list_record', 'State Management', '', 10, 0, 'Y', 4, 'MEN0017_LIST', 'LIST'),
(18, 'Cities', 'Cities', 'city/list_record', 'Cities Management', '', 10, 0, 'Y', 5, 'MEN0018_LIST', 'LIST'),
(19, 'Partner', 'Partner', 'sections/list_record', 'Partner Management', '', 10, 1, 'Y', 0, 'MEN0019', ''),
(29, 'Email Template', 'Email Template', 'email_template/list_record', 'Email Template Management', '', 10, 1, 'Y', 0, 'MEN0029_LIST', 'LIST'),
(30, 'Notification Template', 'Notification Template', 'notification_template/list_record', 'Notification Template Management', '', 10, 1, 'Y', 0, 'MEN0030_LIST', 'LIST'),
(31, 'Skills', 'Skills', 'skills/list_record', 'Skills Management', '', 10, 1, 'Y', 0, 'MEN0031_LIST', 'LIST'),
(32, 'CMS', 'CMS', 'cms/list_record', 'Content Management System', '', 10, 1, 'Y', 0, 'MEN0032_LIST', 'LIST'),
(51, 'All Settings', 'All Settings', 'setting/default_setting', 'All Settings', '', 1, 1, 'Y', 0, 'MEN0051_LIST', 'LIST'),
(52, 'Setting Group', 'Setting Group', 'setting_group/list_record', 'Setting Group', '', 1, 1, 'Y', 0, 'MEN0052_LIST', 'LIST'),
(53, 'Member', 'Member', 'membermain', 'Member Management', 'icon-feather-users', 0, 1, 'Y', 0, 'MEN0053_LIST', 'LIST'),
(54, 'All Member', 'All Member', 'member/list_record', 'All Member List', '', 53, 1, 'Y', 0, 'MEN0054_LIST', 'LIST'),
(55, 'Projects', 'Projects', 'projectmain', 'Project Management', 'icon-feather-briefcase', 0, 1, 'Y', 0, 'MEN0055', ''),
(56, 'All Project', 'All Project', 'proposal/list_record', 'All Project List', '', 55, 1, 'Y', 0, 'MEN0056_LIST', 'LIST'),
(89, 'Banner management', 'Banner management', 'home_slider/list_record', 'Banner ', '', 10, 1, 'Y', 0, 'MEN0089_LIST', 'LIST'),
(59, 'User Contact', 'User Contact', 'user-contact-main', 'User Contact Management', 'icon-feather-mail', 0, 1, 'Y', 0, 'MEN0059', ''),
(60, 'Contact Request', 'Contact Request', 'contact/list_record', 'User Contact Request Managment', '', 59, 1, 'Y', 0, 'MEN0060_LIST', 'LIST'),
(61, 'Report Incorrect', 'Report Incorrect', 'reportmain', 'Reports Management System', 'icon-material-outline-bug-report', 0, 1, 'Y', 0, 'MEN0061', ''),
(62, 'Project Reports', 'Project Reports', 'reports/project', 'All Reported Projects', '', 61, 1, 'Y', 0, 'MEN0062_LIST', 'LIST'),
(90, 'Testimonial', 'Testimonial', 'testimonial/list_record', 'Testimonial', '', 10, 1, 'Y', 0, 'MEN0090_LIST', 'LIST'),
(92, 'Message Board', 'Message Board', 'message/list_record', 'Message Board', '', 55, 1, 'Y', 0, 'MEN0092_LIST', 'LIST'),
(77, 'Document Verification', 'Document Verification', 'document/list_record', 'Document Verification', '', 53, 1, 'Y', 2, 'MEN0077_LIST', 'LIST'),
(78, 'Fund Management', 'Fund Management', 'fundmain', 'Fund Management', 'icon-material-outline-account-balance-wallet', 0, 1, 'Y', 13, 'MEN0078', ''),
(79, 'Wallet', 'Wallet', 'wallet/list_record', 'Wallet', '', 78, 1, 'Y', 1, 'MEN0079_LIST', 'LIST'),
(80, 'Transactions', 'Transactions', 'wallet/txn_list', 'Transactions', '', 78, 1, 'Y', 2, 'MEN0080_LIST', 'LIST'),
(81, 'Application List', 'Application List', 'project_application/list_record', 'Application List', '', 55, 1, 'Y', 2, 'MEN0081_LIST', 'LIST'),
(82, 'Create Account', 'Create Account', 'member/create_account', 'Create Account', '', 53, 1, 'Y', 0, 'MEN0082_ADD', 'ADD'),
(83, 'All Badges', 'All Badges', 'badge/list_record', 'All Badges', '', 53, 1, 'Y', 0, 'MEN0084_LIST', 'LIST'),
(84, 'All Offers', 'All Offers', 'offers/list_record', 'All Offers', '', 55, 1, 'Y', 3, 'MEN0084', ''),
(85, 'All Contracts', 'All Contracts', 'offers/contracts', 'All Contracts List', '', 55, 1, 'Y', 4, 'MEN0085', ''),
(86, 'Commission Slab', 'Commission Slab', 'commission_slab/list_record', 'Commission Slab', '', 78, 1, 'Y', 6, 'MEN0086', ''),
(87, 'All Escrows', 'All Escrows', 'project_escrow/list_record', 'All Escrows', '', 78, 1, 'Y', 3, 'MEN0087', ''),
(88, 'All Milestones', 'All Milestones', 'offers/milestone', 'All Milestones', '', 55, 1, 'Y', 5, 'MEN0088', ''),
(93, 'Invoices', 'Invoices', 'invoice/list_record', 'Invoices', '', 78, 1, 'Y', 0, 'MEN0093_LIST', 'LIST'),
(94, 'Reviews', 'Reviews', 'review/list_record', 'Reviews', '', 55, 1, 'Y', 0, 'MEN0094_LIST', 'LIST'),
(95, 'Dispute', 'Dispute', 'dispute/list_record', 'Dispute', '', 55, 1, 'Y', 0, 'MEN0095_LIST', 'LIST'),
(96, 'Membership', 'Membership', 'membership/list_record', 'Membership', '', 78, 1, 'Y', 0, 'MEN0096_LIST', 'LIST'),
(97, 'Withdrawn', 'Withdrawn', 'wallet/withdrawn_list', 'Withdrawn', '', 78, 1, 'Y', 3, 'MEN0097', ''),
(98, 'FAQ', 'FAQ', 'help_cms/list_record', 'FAQ', '', 10, 1, 'Y', 0, 'MEN0098', '');

-- --------------------------------------------------------

--
-- Table structure for table `pref_adminmenu_permission`
--

CREATE TABLE `pref_adminmenu_permission` (
  `menu_id` int(11) NOT NULL,
  `menu_code` varchar(20) NOT NULL,
  `role_id` int(11) NOT NULL
) ENGINE=InnoDB DEFAULT CHARSET=utf8;

--
-- Dumping data for table `pref_adminmenu_permission`
--

INSERT INTO `pref_adminmenu_permission` (`menu_id`, `menu_code`, `role_id`) VALUES
(1, 'MEN0001', 2),
(4, 'MEN0004', 2),
(5, 'MEN0005_LIST', 2),
(6, 'MEN0006_LIST', 2),
(7, 'MEN0007_EDIT', 2),
(10, 'MEN0010', 2),
(11, 'MEN0011_LIST', 2),
(16, 'MEN0016_LIST', 2),
(19, 'MEN0019', 2),
(29, 'MEN0029_LIST', 2),
(30, 'MEN0030_LIST', 2),
(31, 'MEN0031_LIST', 2),
(32, 'MEN0032_LIST', 2),
(89, 'MEN0089_LIST', 2),
(90, 'MEN0090_LIST', 2),
(98, 'MEN0098', 2),
(53, 'MEN0053_LIST', 2),
(54, 'MEN0054_LIST', 2),
(77, 'MEN0077_LIST', 2),
(82, 'MEN0082_ADD', 2),
(83, 'MEN0084_LIST', 2),
(55, 'MEN0055', 2),
(56, 'MEN0056_LIST', 2),
(92, 'MEN0092_LIST', 2),
(81, 'MEN0081_LIST', 2),
(84, 'MEN0084', 2),
(85, 'MEN0085', 2),
(88, 'MEN0088', 2),
(94, 'MEN0094_LIST', 2),
(95, 'MEN0095_LIST', 2),
(59, 'MEN0059', 2),
(60, 'MEN0060_LIST', 2),
(61, 'MEN0061', 2),
(62, 'MEN0062_LIST', 2),
(78, 'MEN0078', 2),
(79, 'MEN0079_LIST', 2),
(80, 'MEN0080_LIST', 2),
(86, 'MEN0086', 2),
(87, 'MEN0087', 2),
(93, 'MEN0093_LIST', 2),
(96, 'MEN0096_LIST', 2),
(97, 'MEN0097', 2),
(4, 'MEN0004', 4),
(5, 'MEN0005_LIST', 4),
(6, 'MEN0006_LIST', 4),
(7, 'MEN0007_EDIT', 4),
(78, 'MEN0078', 4),
(79, 'MEN0079_LIST', 4),
(80, 'MEN0080_LIST', 4),
(86, 'MEN0086', 4),
(87, 'MEN0087', 4),
(93, 'MEN0093_LIST', 4),
(96, 'MEN0096_LIST', 4),
(97, 'MEN0097', 4),
(1, 'MEN0001', 1),
(51, 'MEN0051_LIST', 1),
(52, 'MEN0052_LIST', 1),
(4, 'MEN0004', 1),
(5, 'MEN0005_LIST', 1),
(6, 'MEN0006_LIST', 1),
(7, 'MEN0007_EDIT', 1),
(10, 'MEN0010', 1),
(11, 'MEN0011_LIST', 1),
(16, 'MEN0016_LIST', 1),
(29, 'MEN0029_LIST', 1),
(32, 'MEN0032_LIST', 1),
(53, 'MEN0053_LIST', 1),
(54, 'MEN0054_LIST', 1),
(55, 'MEN0055', 1),
(56, 'MEN0056_LIST', 1),
(59, 'MEN0059', 1),
(60, 'MEN0060_LIST', 1),
(61, 'MEN0061', 1),
(62, 'MEN0062_LIST', 1),
(78, 'MEN0078', 1),
(79, 'MEN0079_LIST', 1),
(80, 'MEN0080_LIST', 1),
(86, 'MEN0086', 1),
(87, 'MEN0087', 1),
(93, 'MEN0093_LIST', 1),
(96, 'MEN0096_LIST', 1),
(97, 'MEN0097', 1);

-- --------------------------------------------------------

--
-- Table structure for table `pref_admin_notifications`
--

CREATE TABLE `pref_admin_notifications` (
  `id` int(11) NOT NULL,
  `message` varchar(255) NOT NULL,
  `created_date` datetime NOT NULL,
  `read_status` tinyint(4) NOT NULL,
  `link` text DEFAULT NULL,
  `template_key` varchar(100) DEFAULT NULL
) ENGINE=MyISAM DEFAULT CHARSET=utf8;

--
-- Dumping data for table `pref_admin_notifications`
--

INSERT INTO `pref_admin_notifications` (`id`, `message`, `created_date`, `read_status`, `link`, `template_key`) VALUES
(16, 'Wallet balance error for the wallet 21 after transaction 14.', '2020-01-20 11:37:41', 0, 'wallet/txn_list?ID=14', 'wallet-balance-error'),
(15, 'Wallet balance error for the wallet 17 after transaction 9.', '2020-01-16 12:38:55', 0, 'wallet/txn_list?ID=9', 'wallet-balance-error'),
(14, 'Wallet balance error for the wallet 21 after transaction 9.', '2020-01-16 12:38:55', 0, 'wallet/txn_list?ID=9', 'wallet-balance-error'),
(13, 'You have a new contact request.', '2020-01-10 08:47:14', 0, 'contact/list_record', 'admin-user-contact-request'),
(12, 'You have a new contact request.', '2020-01-10 08:45:56', 0, 'contact/list_record', 'admin-user-contact-request'),
(11, 'You have a new contact request.', '2020-01-10 08:45:23', 0, 'contact/list_record', 'admin-user-contact-request'),
(17, 'Wallet balance error for the wallet 21 after transaction 16.', '2020-01-20 11:40:08', 0, 'wallet/txn_list?ID=16', 'wallet-balance-error'),
(18, 'Wallet balance error for the wallet 21 after transaction 19.', '2020-01-20 15:28:46', 0, 'wallet/txn_list?ID=19', 'wallet-balance-error'),
(19, 'Wallet balance error for the wallet 21 after transaction 22.', '2020-01-24 10:49:44', 0, 'wallet/txn_list?ID=22', 'wallet-balance-error'),
(20, 'Wallet balance error for the wallet 21 after transaction 23.', '2020-01-24 12:52:41', 0, 'wallet/txn_list?ID=23', 'wallet-balance-error'),
(21, 'Wallet balance error for the wallet 21 after transaction 26.', '2020-01-25 12:52:31', 0, 'wallet/txn_list?ID=26', 'wallet-balance-error'),
(22, 'Wallet balance error for the wallet 21 after transaction 27.', '2020-01-25 12:53:34', 0, 'wallet/txn_list?ID=27', 'wallet-balance-error'),
(23, 'Wallet balance error for the wallet 21 after transaction 30.', '2020-01-28 21:53:43', 0, 'wallet/txn_list?ID=30', 'wallet-balance-error'),
(24, 'Wallet balance error for the wallet 21 after transaction 34.', '2020-01-29 11:37:28', 0, 'wallet/txn_list?ID=34', 'wallet-balance-error'),
(25, 'Wallet balance error for the wallet 21 after transaction 36.', '2020-01-29 12:15:58', 0, 'wallet/txn_list?ID=36', 'wallet-balance-error'),
(26, 'New Ad Posted . Title : Testing Project', '2021-01-15 08:23:57', 0, 'proposal/list_record?ID=7', 'admin-ad-post'),
(27, 'New Ad Posted . Title : test', '2021-01-19 11:09:28', 0, 'proposal/list_record?ID=8', 'admin-ad-post'),
(28, 'New User Registered . Name Asim Patra', '2021-02-04 13:13:30', 0, 'member/list_record', 'admin-user-signup'),
(29, 'New Document Verification Request. By: Asim Patra', '2021-02-04 13:14:40', 0, 'document/list_record?ID=3', 'admin-document-verification'),
(30, 'New Ad Posted . Title : Cryptocurrency Expert Needed For Freelancer Marketplace', '2021-02-19 09:00:03', 0, 'proposal/list_record?ID=9', 'admin-ad-post'),
(31, 'New Ad Posted . Title : Need an Elementor Freelance for Theme Creation from a Mockup', '2021-02-19 09:31:08', 0, 'proposal/list_record?ID=10', 'admin-ad-post'),
(32, 'New Ad Posted . Title : ios development', '2021-03-11 18:56:50', 0, 'proposal/list_record?ID=11', 'admin-ad-post'),
(33, 'New Ad Posted . Title : android develop', '2021-03-14 21:20:44', 0, 'proposal/list_record?ID=12', 'admin-ad-post'),
(34, 'New Ad Posted . Title : Create a website with recomendations system&#40;AI&#41; on django', '2021-03-25 13:57:34', 0, 'proposal/list_record?ID=13', 'admin-ad-post'),
(35, 'New Ad Posted . Title : web development site', '2021-03-26 03:03:01', 0, 'proposal/list_record?ID=14', 'admin-ad-post'),
(36, 'New User Registered . Name Somya Patra', '2021-03-26 08:43:54', 1, 'member/list_record', 'admin-user-signup'),
(37, 'New Ad Posted . Title : web development site', '2021-03-27 12:30:20', 0, 'proposal/list_record?ID=15', 'admin-ad-post'),
(38, 'New User Registered . Name rob fax', '2021-03-28 13:43:17', 1, 'member/list_record', 'admin-user-signup'),
(39, 'New Ad Posted . Title : Technical Support', '2021-03-29 08:03:00', 0, 'proposal/list_record?ID=16', 'admin-ad-post'),
(40, 'New Ad Posted . Title : Website creation_Raja', '2021-03-29 08:12:08', 0, 'proposal/list_record?ID=17', 'admin-ad-post'),
(41, 'Wallet balance error for the wallet 21 after transaction 63.', '2021-04-06 11:25:36', 0, 'wallet/txn_list?ID=63', 'wallet-balance-error'),
(42, 'Wallet balance error for the wallet 18 after transaction 63.', '2021-04-06 11:25:36', 0, 'wallet/txn_list?ID=63', 'wallet-balance-error'),
(43, 'Wallet balance error for the wallet 32 after transaction 63.', '2021-04-06 11:25:36', 0, 'wallet/txn_list?ID=63', 'wallet-balance-error'),
(44, 'New Ad Posted . Title : Web designer with a skill set geared towrds bespoke designs', '2021-04-06 12:10:42', 0, 'proposal/list_record?ID=18', 'admin-ad-post'),
(45, 'New Ad Posted . Title : Create Static Samples of PDF and EMail Layouts', '2021-04-06 12:15:18', 0, 'proposal/list_record?ID=19', 'admin-ad-post'),
(46, 'Wallet balance error for the wallet 21 after transaction 64.', '2021-04-06 12:16:40', 0, 'wallet/txn_list?ID=64', 'wallet-balance-error'),
(47, 'Wallet balance error for the wallet 18 after transaction 64.', '2021-04-06 12:16:40', 0, 'wallet/txn_list?ID=64', 'wallet-balance-error'),
(48, 'Wallet balance error for the wallet 32 after transaction 64.', '2021-04-06 12:16:40', 0, 'wallet/txn_list?ID=64', 'wallet-balance-error'),
(49, 'Wallet balance error for the wallet 18 after transaction 76.', '2021-04-06 18:28:59', 0, 'wallet/txn_list?ID=76', 'wallet-balance-error'),
(50, 'Wallet balance error for the wallet 32 after transaction 76.', '2021-04-06 18:28:59', 0, 'wallet/txn_list?ID=76', 'wallet-balance-error'),
(51, 'Wallet balance error for the wallet 18 after transaction 77.', '2021-04-06 18:54:37', 0, 'wallet/txn_list?ID=77', 'wallet-balance-error'),
(52, 'Wallet balance error for the wallet 32 after transaction 77.', '2021-04-06 18:54:37', 0, 'wallet/txn_list?ID=77', 'wallet-balance-error'),
(53, 'Wallet balance error for the wallet 18 after transaction 78.', '2021-04-06 19:04:49', 0, 'wallet/txn_list?ID=78', 'wallet-balance-error'),
(54, 'Wallet balance error for the wallet 32 after transaction 78.', '2021-04-06 19:04:49', 0, 'wallet/txn_list?ID=78', 'wallet-balance-error'),
(55, 'New Ad Posted . Title : Need some one to integrate a telegram chat bot with the WordPress website', '2021-04-09 06:42:13', 0, 'proposal/list_record?ID=20', 'admin-ad-post'),
(56, 'New User Registered . Name santosh bajaj', '2021-04-30 12:43:20', 0, 'member/list_record', 'admin-user-signup'),
(57, 'New Ad Posted . Title : PHP Developer for MVCL', '2021-05-27 07:36:47', 0, 'proposal/list_record?ID=21', 'admin-ad-post'),
(58, 'New Ad Posted . Title : Customer Service Agent', '2021-06-10 15:31:20', 0, 'proposal/list_record?ID=22', 'admin-ad-post'),
(59, 'New User Registered . Name Jenn', '2021-06-10 17:27:13', 0, 'member/list_record', 'admin-user-signup'),
(60, 'New User Registered . Name Jenn', '2021-06-10 17:34:54', 0, 'member/list_record', 'admin-user-signup'),
(61, 'Wallet balance error for the wallet 18 after transaction 91.', '2021-06-10 18:21:03', 0, 'wallet/txn_list?ID=91', 'wallet-balance-error'),
(62, 'Wallet balance error for the wallet 32 after transaction 91.', '2021-06-10 18:21:03', 0, 'wallet/txn_list?ID=91', 'wallet-balance-error'),
(63, 'Wallet balance error for the wallet 18 after transaction 92.', '2021-06-10 18:24:18', 0, 'wallet/txn_list?ID=92', 'wallet-balance-error'),
(64, 'Wallet balance error for the wallet 32 after transaction 92.', '2021-06-10 18:24:18', 0, 'wallet/txn_list?ID=92', 'wallet-balance-error'),
(65, 'New Ad Posted . Title : Convert Byte Array to String and Back in Java', '2021-06-11 13:39:52', 0, 'proposal/list_record?ID=23', 'admin-ad-post'),
(66, 'New Ad Posted . Title : TESTING', '2021-06-15 15:17:28', 0, 'proposal/list_record?ID=24', 'admin-ad-post'),
(67, 'New User Registered . Name Girishan', '2021-06-29 16:33:40', 0, 'member/list_record', 'admin-user-signup'),
(68, 'New Ad Posted . Title : Andriod Developer', '2021-06-29 16:59:02', 0, 'proposal/list_record?ID=25', 'admin-ad-post'),
(69, 'New User Registered . Name dhi', '2021-06-29 18:41:10', 0, 'member/list_record', 'admin-user-signup'),
(70, 'New Ad Posted . Title : Chat app development', '2021-06-29 18:51:28', 1, 'proposal/list_record?ID=26', 'admin-ad-post'),
(71, 'New User Registered . Name Sample tick', '2021-06-30 03:57:40', 1, 'member/list_record', 'admin-user-signup'),
(72, 'New Ad Posted . Title : I need webdesigner - 01', '2021-07-07 16:54:02', 1, 'proposal/list_record?ID=27', 'admin-ad-post'),
(73, 'New User Registered . Name Murthy', '2021-07-27 17:24:47', 1, 'member/list_record', 'admin-user-signup'),
(74, 'New Ad Posted . Title : Chat Application', '2021-07-27 17:30:28', 1, 'proposal/list_record?ID=28', 'admin-ad-post'),
(75, 'New Ad Posted . Title : POS development', '2021-07-28 11:20:49', 0, 'proposal/list_record?ID=29', 'admin-ad-post'),
(76, 'New User Registered . Name Neo', '2021-08-08 16:26:03', 0, 'member/list_record', 'admin-user-signup'),
(77, 'New User Registered . Name Benjamin Meyers', '2021-09-12 21:02:06', 1, 'member/list_record', 'admin-user-signup'),
(78, 'New Ad Posted . Title : 666', '2021-11-12 22:12:48', 0, 'proposal/list_record?ID=30', 'admin-ad-post'),
(79, 'New Document Verification Request. By: Asim Patra', '2021-12-04 11:30:32', 1, 'document/list_record?ID=4', 'admin-document-verification'),
(80, 'New Ad Posted . Title : Woocommerce expert required for payment system modification', '2021-12-07 15:15:18', 0, 'proposal/list_record?ID=31', 'admin-ad-post'),
(81, 'Wallet balance error for the wallet 18 after transaction 102.', '2021-12-07 15:29:16', 0, 'wallet/txn_list?ID=102', 'wallet-balance-error'),
(82, 'Wallet balance error for the wallet 19 after transaction 102.', '2021-12-07 15:29:16', 0, 'wallet/txn_list?ID=102', 'wallet-balance-error'),
(83, 'Wallet balance error for the wallet 18 after transaction 104.', '2021-12-07 15:31:06', 0, 'wallet/txn_list?ID=104', 'wallet-balance-error'),
(84, 'Wallet balance error for the wallet 19 after transaction 104.', '2021-12-07 15:31:06', 0, 'wallet/txn_list?ID=104', 'wallet-balance-error'),
(85, 'New Ad Posted . Title : sda', '2021-12-09 10:01:44', 0, 'proposal/list_record?ID=32', 'admin-ad-post'),
(86, 'New Ad Posted . Title : test', '2021-12-30 16:12:51', 0, 'proposal/list_record?ID=33', 'admin-ad-post'),
(87, 'New User Registered . Name Mister Gupta', '2021-12-30 16:45:28', 0, 'member/list_record', 'admin-user-signup'),
(88, 'New Ad Posted . Title : test', '2022-01-10 09:50:07', 0, 'proposal/list_record?ID=34', 'admin-ad-post'),
(89, 'New User Registered . Name unknown', '2022-01-27 19:04:18', 0, 'member/list_record', 'admin-user-signup'),
(90, 'New Ad Posted . Title : Project X', '2022-01-31 12:03:38', 0, 'proposal/list_record?ID=35', 'admin-ad-post'),
(91, 'Wallet balance error for the wallet 21 after transaction 112.', '2022-02-09 02:28:41', 0, 'wallet/txn_list?ID=112', 'wallet-balance-error'),
(92, 'New Ad Posted . Title : Blog Post Mini Storage', '2022-02-09 04:51:10', 0, 'proposal/list_record?ID=36', 'admin-ad-post'),
(93, 'Wallet balance error for the wallet 21 after transaction 114.', '2022-02-09 05:23:19', 0, 'wallet/txn_list?ID=114', 'wallet-balance-error'),
(94, 'New Ad Posted . Title : Content writer - food category', '2022-02-09 05:32:17', 0, 'proposal/list_record?ID=37', 'admin-ad-post'),
(95, 'You have a new contact request.', '2022-02-09 05:55:22', 0, 'contact/list_record', 'admin-user-contact-request'),
(96, 'New User Registered . Name Hensely Baker', '2022-02-09 12:13:50', 0, 'member/list_record', 'admin-user-signup'),
(97, 'Wallet balance error for the wallet 21 after transaction 117.', '2022-02-09 13:09:22', 0, 'wallet/txn_list?ID=117', 'wallet-balance-error'),
(98, 'Wallet balance error for the wallet 21 after transaction 119.', '2022-02-09 13:24:14', 0, 'wallet/txn_list?ID=119', 'wallet-balance-error'),
(99, 'New User Registered . Name Bee Hive', '2022-02-09 14:44:01', 0, 'member/list_record', 'admin-user-signup'),
(100, 'New Ad Posted . Title : Project ABC', '2022-02-10 00:52:02', 0, 'proposal/list_record?ID=38', 'admin-ad-post'),
(101, 'Wallet balance error for the wallet 21 after transaction 123.', '2022-02-12 00:38:06', 0, 'wallet/txn_list?ID=123', 'wallet-balance-error'),
(102, 'New Ad Posted . Title : Fashion Blog Content Writing', '2022-02-12 02:16:38', 0, 'proposal/list_record?ID=39', 'admin-ad-post'),
(103, 'New Ad Posted . Title : Food Blog Website Management', '2022-02-12 06:54:02', 0, 'proposal/list_record?ID=40', 'admin-ad-post'),
(104, 'Wallet balance error for the wallet 21 after transaction 124.', '2022-02-14 11:07:55', 0, 'wallet/txn_list?ID=124', 'wallet-balance-error'),
(105, 'New Ad Posted . Title : Project A', '2022-02-15 00:54:01', 0, 'proposal/list_record?ID=41', 'admin-ad-post'),
(106, 'Wallet balance error for the wallet 21 after transaction 126.', '2022-02-15 02:32:24', 0, 'wallet/txn_list?ID=126', 'wallet-balance-error'),
(107, 'Wallet balance error for the wallet 21 after transaction 128.', '2022-02-15 03:23:29', 0, 'wallet/txn_list?ID=128', 'wallet-balance-error'),
(108, 'New Ad Posted . Title : What is fuck?', '2022-02-24 06:14:00', 1, 'proposal/list_record?ID=42', 'admin-ad-post'),
(109, 'New Ad Posted . Title : Tetsing by Z', '2022-02-25 09:28:01', 1, 'proposal/list_record?ID=43', 'admin-ad-post'),
(110, 'New Ad Posted . Title : testing by abc', '2022-02-25 09:56:36', 0, 'proposal/list_record?ID=44', 'admin-ad-post'),
(111, 'New User Registered . Name saad', '2022-03-03 09:56:10', 0, 'member/list_record', 'admin-user-signup'),
(112, 'New Ad Posted . Title : neew wordpress deveploper', '2022-03-03 10:05:03', 1, 'proposal/list_record?ID=45', 'admin-ad-post'),
(113, 'New Ad Posted . Title : laravel dvlpr', '2022-03-03 10:35:34', 1, 'proposal/list_record?ID=46', 'admin-ad-post'),
(114, 'New User Registered . Name swim', '2022-03-03 12:13:35', 0, 'member/list_record', 'admin-user-signup'),
(115, 'New Document Verification Request. By: swim', '2022-03-03 12:24:27', 1, 'document/list_record?ID=5', 'admin-document-verification'),
(116, 'New Ad Posted . Title : Project 1', '2022-03-11 06:35:32', 1, 'proposal/list_record?ID=47', 'admin-ad-post'),
(117, 'Wallet balance error for the wallet 21 after transaction 143.', '2022-03-12 07:55:05', 1, 'wallet/txn_list?ID=143', 'wallet-balance-error'),
(118, 'Wallet balance error for the wallet 21 after transaction 144.', '2022-03-12 07:55:53', 1, 'wallet/txn_list?ID=144', 'wallet-balance-error'),
(119, 'Wallet balance error for the wallet 21 after transaction 146.', '2022-03-13 03:41:21', 1, 'wallet/txn_list?ID=146', 'wallet-balance-error'),
(120, 'New Ad Posted . Title : Test Backend {rpject', '2022-03-15 18:55:11', 1, 'proposal/list_record?ID=48', 'admin-ad-post'),
(121, 'New Ad Posted . Title : Need new printer', '2022-03-21 00:49:13', 1, 'proposal/list_record?ID=49', 'admin-ad-post'),
(122, 'Wallet balance error for the wallet 21 after transaction 147.', '2022-03-22 17:54:11', 1, 'wallet/txn_list?ID=147', 'wallet-balance-error'),
(123, 'Wallet balance error for the wallet 21 after transaction 149.', '2022-03-22 18:44:07', 1, 'wallet/txn_list?ID=149', 'wallet-balance-error'),
(124, 'Wallet balance error for the wallet 21 after transaction 151.', '2022-03-24 06:48:35', 1, 'wallet/txn_list?ID=151', 'wallet-balance-error'),
(125, 'New Ad Posted . Title : Blog Writer In Need', '2022-03-24 01:25:45', 1, 'proposal/list_record?ID=50', 'admin-ad-post'),
(126, 'Wallet balance error for the wallet 21 after transaction 155.', '2022-03-24 03:04:20', 1, 'wallet/txn_list?ID=155', 'wallet-balance-error'),
(127, 'Wallet balance error for the wallet 21 after transaction 158.', '2022-03-24 11:36:32', 1, 'wallet/txn_list?ID=158', 'wallet-balance-error'),
(128, 'New Ad Posted . Title : PROJECT BLOG ADVERTISING', '2022-03-25 06:10:37', 1, 'proposal/list_record?ID=51', 'admin-ad-post'),
(129, 'New User Registered . Name Bee Tucker', '2022-03-26 11:09:22', 1, 'member/list_record', 'admin-user-signup'),
(130, 'New Ad Posted . Title : Project Example', '2022-03-28 13:22:02', 1, 'proposal/list_record?ID=52', 'admin-ad-post'),
(131, 'Wallet balance error for the wallet 21 after transaction 161.', '2022-03-28 14:49:30', 1, 'wallet/txn_list?ID=161', 'wallet-balance-error'),
(132, 'Wallet balance error for the wallet 21 after transaction 164.', '2022-03-28 15:02:18', 1, 'wallet/txn_list?ID=164', 'wallet-balance-error'),
(133, 'Wallet balance error for the wallet 21 after transaction 165.', '2022-04-01 17:45:29', 1, 'wallet/txn_list?ID=165', 'wallet-balance-error'),
(134, 'Wallet balance error for the wallet 21 after transaction 166.', '2022-04-04 14:08:43', 1, 'wallet/txn_list?ID=166', 'wallet-balance-error'),
(135, 'New User Registered . Name dfsg ydfghd', '2022-04-04 18:06:52', 0, 'member/list_record', 'admin-user-signup'),
(136, 'New Ad Posted . Title : Test design', '2022-04-06 04:35:44', 0, 'proposal/list_record?ID=53', 'admin-ad-post'),
(137, 'New User Registered . Name ROOD', '2022-04-10 12:49:22', 0, 'member/list_record', 'admin-user-signup'),
(138, 'New Ad Posted . Title : test 2', '2022-04-11 01:53:37', 0, 'proposal/list_record?ID=54', 'admin-ad-post'),
(139, 'Wallet balance error for the wallet 21 after transaction 170.', '2022-04-12 06:42:21', 0, 'wallet/txn_list?ID=170', 'wallet-balance-error'),
(140, 'New Ad Posted . Title : ERFBRGTBH', '2022-04-12 09:28:16', 0, 'proposal/list_record?ID=55', 'admin-ad-post'),
(141, 'New User Registered . Name Marsden Richards', '2022-04-18 12:45:57', 0, 'member/list_record', 'admin-user-signup'),
(142, 'Wallet balance error for the wallet 18 after transaction 173.', '2022-04-19 08:25:06', 0, 'wallet/txn_list?ID=173', 'wallet-balance-error'),
(151, 'New Ad Posted . Title : Software Developer', '2022-05-26 07:07:43', 0, 'proposal/list_record?ID=58', 'admin-ad-post'),
(144, 'Wallet balance error for the wallet 18 after transaction 174.', '2022-04-19 08:26:33', 0, 'wallet/txn_list?ID=174', 'wallet-balance-error'),
(145, 'Wallet balance error for the wallet 19 after transaction 174.', '2022-04-19 08:26:33', 1, 'wallet/txn_list?ID=174', 'wallet-balance-error'),
(146, 'New User Registered . Name test', '2022-04-19 08:44:29', 0, 'member/list_record', 'admin-user-signup'),
(147, 'Wallet balance error for the wallet 18 after transaction 175.', '2022-04-19 11:01:38', 1, 'wallet/txn_list?ID=175', 'wallet-balance-error'),
(149, 'New Ad Posted . Title : Widget Platform', '2022-05-07 23:12:23', 1, 'proposal/list_record?ID=56', 'admin-ad-post'),
(150, 'New Ad Posted . Title : Testing AB', '2022-05-11 02:47:47', 0, 'proposal/list_record?ID=57', 'admin-ad-post'),
(152, 'New User Registered . Name priyanka', '2022-05-26 10:32:00', 0, 'member/list_record', 'admin-user-signup'),
(153, 'New Ad Posted . Title : nknlkndvv', '2022-06-08 09:46:28', 0, 'proposal/list_record?ID=59', 'admin-ad-post'),
(154, 'New Ad Posted . Title : test', '2022-06-09 18:40:27', 0, 'proposal/list_record?ID=60', 'admin-ad-post'),
(155, 'New Ad Posted . Title : Test title', '2022-06-11 09:12:43', 0, 'proposal/list_record?ID=61', 'admin-ad-post'),
(156, 'New User Registered . Name hdossary', '2022-06-12 13:38:53', 0, 'member/list_record', 'admin-user-signup'),
(157, 'New Document Verification Request. By: hdossary', '2022-06-12 13:41:48', 0, 'document/list_record?ID=6', 'admin-document-verification'),
(158, 'New User Registered . Name dossary', '2022-06-12 13:55:50', 0, 'member/list_record', 'admin-user-signup'),
(159, 'New Ad Posted . Title : HADI PROJECT', '2022-06-13 10:49:50', 0, 'proposal/list_record?ID=62', 'admin-ad-post'),
(160, 'New User Registered . Name SAMI', '2022-06-15 06:52:05', 0, 'member/list_record', 'admin-user-signup'),
(161, 'New User Registered . Name SAMI', '2022-06-15 07:10:14', 0, 'member/list_record', 'admin-user-signup'),
(162, 'New User Registered . Name lina', '2022-06-23 05:29:36', 0, 'member/list_record', 'admin-user-signup'),
(163, 'New Document Verification Request. By: lina', '2022-06-23 05:39:01', 0, 'document/list_record?ID=7', 'admin-document-verification'),
(164, 'New Ad Posted . Title : مشروع تجربة العميل من لينا واخواتها', '2022-06-23 09:00:48', 0, 'proposal/list_record?ID=63', 'admin-ad-post'),
(165, 'New User Registered . Name NORAH', '2022-06-23 10:27:17', 1, 'member/list_record', 'admin-user-signup'),
(166, 'New Ad Posted . Title : hadi 2 project 4saudii', '2022-06-27 05:33:49', 0, 'proposal/list_record?ID=64', 'admin-ad-post'),
(167, 'New User Registered . Name هادي الدوسري', '2022-06-27 05:40:30', 0, 'member/list_record', 'admin-user-signup'),
(168, 'New Ad Posted . Title : Test Project', '2022-06-28 07:41:13', 0, 'proposal/list_record?ID=65', 'admin-ad-post'),
(169, 'New User Registered . Name هادي الدوسري', '2022-06-30 06:23:52', 0, 'member/list_record', 'admin-user-signup'),
(170, 'New User Registered . Name هادي الدوسري', '2022-06-30 06:26:53', 0, 'member/list_record', 'admin-user-signup'),
(171, 'New User Registered . Name 4saudii', '2022-07-01 20:12:38', 0, 'member/list_record', 'admin-user-signup'),
(172, 'New Document Verification Request. By: hdossary', '2022-07-02 04:29:38', 0, 'document/list_record?ID=8', 'admin-document-verification'),
(173, 'New User Registered . Name الهلال', '2022-07-02 04:32:47', 0, 'member/list_record', 'admin-user-signup'),
(174, 'New User Registered . Name هادي الدوسري', '2022-07-02 11:38:04', 0, 'member/list_record', 'admin-user-signup'),
(175, 'New User Registered . Name الرجل الاصيل', '2022-07-02 17:57:24', 0, 'member/list_record', 'admin-user-signup'),
(176, 'New Ad Posted . Title : شعار نادي الهلال', '2022-07-09 09:39:44', 0, 'proposal/list_record?ID=66', 'admin-ad-post'),
(177, 'New User Registered . Name salem suilam', '2022-07-10 10:33:03', 0, 'member/list_record', 'admin-user-signup'),
(178, 'New User Registered . Name shja nono', '2022-07-13 19:41:01', 0, 'member/list_record', 'admin-user-signup'),
(179, 'New Ad Posted . Title : Azoz', '2022-07-15 19:35:30', 0, 'proposal/list_record?ID=67', 'admin-ad-post'),
(180, 'New Ad Posted . Title : werwer', '2022-07-16 23:05:41', 0, 'proposal/list_record?ID=68', 'admin-ad-post'),
(181, 'New Ad Posted . Title : Filter/Sort Firebase Realtime Database', '2022-07-17 03:06:43', 0, 'proposal/list_record?ID=69', 'admin-ad-post'),
(182, 'New Ad Posted . Title : هوية تجارية', '2022-07-19 06:12:52', 0, 'proposal/list_record?ID=70', 'admin-ad-post'),
(183, 'New Ad Posted . Title : PHP DEVELOPER', '2022-07-24 19:35:03', 0, 'proposal/list_record?ID=71', 'admin-ad-post'),
(184, 'Wallet balance error for the wallet 29 after transaction 188.', '2022-07-24 19:57:38', 0, 'wallet/txn_list?ID=188', 'wallet-balance-error'),
(185, 'New User Registered . Name Rahul Purbia', '2022-07-25 09:12:32', 1, 'member/list_record', 'admin-user-signup'),
(186, 'New User Registered . Name gaurav', '2022-07-25 09:20:57', 0, 'member/list_record', 'admin-user-signup'),
(187, 'New User Registered . Name jelly', '2022-07-28 12:18:52', 0, 'member/list_record', 'admin-user-signup'),
(188, 'New Ad Posted . Title : Test', '2022-08-05 03:25:07', 0, 'proposal/list_record?ID=72', 'admin-ad-post'),
(189, 'New Ad Posted . Title : MMMM', '2022-08-06 06:35:15', 0, 'proposal/list_record?ID=73', 'admin-ad-post'),
(190, 'New Ad Posted . Title : test', '2022-08-08 11:58:08', 1, 'proposal/list_record?ID=74', 'admin-ad-post'),
(191, 'New Ad Posted . Title : Logo design', '2022-08-14 06:12:15', 1, 'proposal/list_record?ID=75', 'admin-ad-post'),
(192, 'New User Registered . Name Asim Patra', '2022-08-23 14:00:00', 0, 'member/list_record', 'admin-user-signup'),
(193, 'New User Registered . Name test1', '2022-08-24 00:30:21', 0, 'member/list_record', 'admin-user-signup'),
(194, 'Wallet balance error for the wallet 29 after transaction 194.', '2022-08-24 02:10:55', 0, 'wallet/txn_list?ID=194', 'wallet-balance-error'),
(195, 'New Document Verification Request. By: Asim Patra', '2022-08-25 23:52:49', 0, 'document/list_record?ID=9', 'admin-document-verification'),
(196, 'New Ad Posted . Title : Data entry operator', '2022-08-26 00:57:25', 0, 'proposal/list_record?ID=76', 'admin-ad-post'),
(197, 'New User Registered . Name alkharj', '2022-08-29 05:23:45', 0, 'member/list_record', 'admin-user-signup'),
(198, 'New Ad Posted . Title : 360', '2022-08-29 05:37:39', 0, 'proposal/list_record?ID=77', 'admin-ad-post'),
(199, 'New Ad Posted . Title : 355', '2022-08-29 05:45:20', 0, 'proposal/list_record?ID=78', 'admin-ad-post'),
(200, 'New User Registered . Name wadi do', '2022-08-29 05:47:36', 0, 'member/list_record', 'admin-user-signup'),
(201, 'New User Registered . Name nnnhadi', '2022-08-29 05:53:55', 0, 'member/list_record', 'admin-user-signup'),
(202, 'New User Registered . Name Aws', '2022-09-01 08:55:47', 0, 'member/list_record', 'admin-user-signup'),
(203, 'New User Registered . Name Ans', '2022-09-01 08:57:45', 0, 'member/list_record', 'admin-user-signup'),
(204, 'You have a new contact request.', '2022-09-02 01:48:35', 0, 'contact/list_record', 'admin-user-contact-request'),
(205, 'You have a new contact request.', '2022-09-02 02:15:54', 0, 'contact/list_record', 'admin-user-contact-request'),
(206, 'User reported for the Project 355', '2022-09-02 02:19:00', 1, 'reports/project', 'admin-reported-project'),
(207, 'New Ad Posted . Title : dfd', '2022-09-04 19:12:45', 0, 'proposal/list_record?ID=79', 'admin-ad-post'),
(208, 'New User Registered . Name Scopin dev', '2022-09-06 18:41:40', 0, 'member/list_record', 'admin-user-signup'),
(209, 'New User Registered . Name re', '2022-09-11 12:14:27', 0, 'member/list_record', 'admin-user-signup'),
(210, 'New User Registered . Name متعب', '2022-09-15 08:16:26', 0, 'member/list_record', 'admin-user-signup'),
(211, 'New User Registered . Name متعب 2', '2022-09-15 08:28:49', 0, 'member/list_record', 'admin-user-signup'),
(212, 'New Ad Posted . Title : this job', '2022-10-08 08:25:14', 0, 'proposal/list_record?ID=80', 'admin-ad-post'),
(213, 'New Ad Posted . Title : Build a website', '2022-10-18 12:50:50', 0, 'proposal/list_record?ID=81', 'admin-ad-post'),
(214, 'New User Registered . Name Terence', '2022-10-18 13:22:51', 0, 'member/list_record', 'admin-user-signup'),
(215, 'New User Registered . Name Terence', '2022-10-18 13:24:17', 0, 'member/list_record', 'admin-user-signup'),
(216, 'Wallet balance error for the wallet 29 after transaction 199.', '2022-10-18 15:23:46', 0, 'wallet/txn_list?ID=199', 'wallet-balance-error'),
(217, 'New Ad Posted . Title : Create app', '2022-10-19 07:53:34', 0, 'proposal/list_record?ID=82', 'admin-ad-post'),
(218, 'New User Registered . Name Test Name', '2022-10-31 06:51:12', 0, 'member/list_record', 'admin-user-signup'),
(219, 'Wallet balance error for the wallet 29 after transaction 200.', '2022-11-30 14:30:55', 0, 'wallet/txn_list?ID=200', 'wallet-balance-error'),
(220, '', '2023-02-02 12:26:23', 0, 'contact/list_record', 'admin-user-contact-request'),
(221, '', '2023-02-02 12:29:31', 0, 'contact/list_record', 'admin-user-contact-request'),
(222, '', '2023-02-03 06:05:00', 0, 'proposal/list_record?ID=83', 'admin-ad-post'),
(223, '', '2023-02-03 06:57:53', 0, 'contact/list_record', 'admin-user-contact-request'),
(224, '', '2023-02-03 07:44:18', 0, 'reports/project', 'admin-reported-project'),
(225, '', '2023-02-03 09:06:32', 0, 'reports/project', 'admin-reported-project'),
(226, '', '2023-02-03 12:04:40', 0, 'proposal/list_record?ID=84', 'admin-ad-post'),
(227, '', '2023-02-11 15:51:06', 1, 'proposal/list_record?ID=85', 'admin-ad-post'),
(228, 'New Ad Posted . Title : Need PHP developer', '2023-03-17 11:26:42', 0, 'proposal/list_record?ID=86', 'admin-ad-post'),
(229, 'New Ad Posted . Title : Expert Android Developer', '2023-03-17 11:51:26', 0, 'proposal/list_record?ID=87', 'admin-ad-post'),
(230, 'New Ad Posted . Title : wordpress developer', '2023-03-17 12:09:59', 0, 'proposal/list_record?ID=88', 'admin-ad-post'),
(231, 'New Ad Posted . Title : core php developer required', '2023-03-17 12:22:21', 0, 'proposal/list_record?ID=89', 'admin-ad-post'),
(232, 'New Ad Posted . Title : Shopify developers needed', '2023-03-17 12:26:18', 0, 'proposal/list_record?ID=90', 'admin-ad-post'),
(233, 'New Ad Posted . Title : React Native Developer', '2023-03-17 12:41:06', 0, 'proposal/list_record?ID=91', 'admin-ad-post'),
(234, 'New Ad Posted . Title : Developer WordPress', '2023-03-17 13:14:11', 0, 'proposal/list_record?ID=92', 'admin-ad-post'),
(235, 'New Ad Posted . Title : need to fix a jquery migrate issue', '2023-03-17 13:20:06', 1, 'proposal/list_record?ID=93', 'admin-ad-post'),
(236, 'New Ad Posted . Title : Looking for a logo creating', '2023-03-17 13:30:58', 0, 'proposal/list_record?ID=94', 'admin-ad-post'),
(237, 'New Ad Posted . Title : Graphic design for real estate project', '2023-03-17 13:49:37', 0, 'proposal/list_record?ID=95', 'admin-ad-post'),
(238, 'Wallet balance error for the wallet 29 after transaction 208.', '2023-05-03 09:10:45', 0, 'wallet/txn_list?ID=208', 'wallet-balance-error'),
(239, 'New Ad Posted . Title : AB Test', '2023-05-03 13:02:30', 0, 'proposal/list_record?ID=96', 'admin-ad-post'),
(240, 'New Ad Posted . Title : Logo design', '2023-05-04 02:17:25', 0, 'proposal/list_record?ID=97', 'admin-ad-post'),
(241, 'New Ad Posted . Title : Campaign', '2023-05-09 13:03:28', 0, 'proposal/list_record?ID=98', 'admin-ad-post'),
(242, 'New Ad Posted . Title : May Catalogue', '2023-05-17 07:12:10', 0, 'proposal/list_record?ID=99', 'admin-ad-post'),
(243, 'You have a new contact request.', '2023-05-17 17:18:35', 0, 'contact/list_record', 'admin-user-contact-request'),
(244, 'New User Registered . Name Tula Xander', '2023-05-18 00:50:22', 0, 'member/list_record', 'admin-user-signup'),
(245, 'New Document Verification Request. By: Tula Xander', '2023-05-18 02:17:13', 0, 'document/list_record?ID=10', 'admin-document-verification'),
(246, 'New Ad Posted . Title : Paypal interface', '2023-06-13 07:03:42', 0, 'proposal/list_record?ID=100', 'admin-ad-post'),
(247, 'New Ad Posted . Title : Magento developer for regular tasks', '2023-06-13 07:10:15', 0, 'proposal/list_record?ID=101', 'admin-ad-post'),
(248, 'New Ad Posted . Title : HTML & CSS', '2023-06-13 07:22:32', 0, 'proposal/list_record?ID=102', 'admin-ad-post'),
(249, 'New Ad Posted . Title : Linux and Cpanel Expert Required', '2023-06-13 07:25:12', 0, 'proposal/list_record?ID=103', 'admin-ad-post'),
(250, 'New Ad Posted . Title : Plugin Development Specialist', '2023-06-13 07:31:52', 0, 'proposal/list_record?ID=104', 'admin-ad-post'),
(251, 'New Ad Posted . Title : Refresh and logo animation', '2023-06-14 06:04:47', 0, 'proposal/list_record?ID=105', 'admin-ad-post'),
(252, 'New Ad Posted . Title : java errors in andriod studio of my application', '2023-06-14 06:31:15', 0, 'proposal/list_record?ID=106', 'admin-ad-post'),
(253, 'New Ad Posted . Title : Android app changes', '2023-06-14 06:36:00', 0, 'proposal/list_record?ID=107', 'admin-ad-post'),
(254, 'New Ad Posted . Title : Looking for a UX designer', '2023-06-14 06:39:25', 0, 'proposal/list_record?ID=108', 'admin-ad-post'),
(255, 'New Ad Posted . Title : SEO marketing', '2023-06-14 06:43:45', 0, 'proposal/list_record?ID=109', 'admin-ad-post'),
(256, 'New Ad Posted . Title : I need website developer/designer for fashion website', '2023-06-14 10:42:40', 0, 'proposal/list_record?ID=110', 'admin-ad-post'),
(257, 'New Ad Posted . Title : Develop Wordpress plugin', '2023-06-14 11:13:07', 0, 'proposal/list_record?ID=111', 'admin-ad-post'),
(258, 'New Ad Posted . Title : WordPress website SEO Issue resolution', '2023-06-15 06:32:47', 0, 'proposal/list_record?ID=112', 'admin-ad-post'),
(259, 'New Ad Posted . Title : Website Developer Open Cart', '2023-06-15 06:37:57', 0, 'proposal/list_record?ID=113', 'admin-ad-post'),
(260, 'New Ad Posted . Title : UI Website Designer', '2023-06-15 06:43:11', 0, 'proposal/list_record?ID=114', 'admin-ad-post'),
(261, 'New Ad Posted . Title : Software designing', '2023-06-15 09:05:19', 0, 'proposal/list_record?ID=115', 'admin-ad-post'),
(262, 'New Ad Posted . Title : Need to Upgrade and Fix Website', '2023-06-15 09:24:11', 0, 'proposal/list_record?ID=116', 'admin-ad-post');

-- --------------------------------------------------------

--
-- Table structure for table `pref_admin_role`
--

CREATE TABLE `pref_admin_role` (
  `role_id` int(11) NOT NULL,
  `name` varchar(100) NOT NULL,
  `slug` varchar(100) NOT NULL,
  `status` tinyint(4) NOT NULL
) ENGINE=InnoDB DEFAULT CHARSET=utf8;

--
-- Dumping data for table `pref_admin_role`
--

INSERT INTO `pref_admin_role` (`role_id`, `name`, `slug`, `status`) VALUES
(1, 'Admin', 'admin', 1),
(2, 'Editor', 'editor', 1),
(3, 'Chief Editor', '', -1),
(4, 'Customer services ', '', 1);

-- --------------------------------------------------------

--
-- Table structure for table `pref_badges`
--

CREATE TABLE `pref_badges` (
  `badge_id` int(11) NOT NULL,
  `icon_image` varchar(100) NOT NULL,
  `status` tinyint(4) NOT NULL,
  `display_order` int(11) NOT NULL
) ENGINE=InnoDB DEFAULT CHARSET=utf8;

--
-- Dumping data for table `pref_badges`
--

INSERT INTO `pref_badges` (`badge_id`, `icon_image`, `status`, `display_order`) VALUES
(1, 'aeade170da6920b53e88eccd4e316bf8.png', 1, 1),
(2, '1636cb61fb9d35867708bce9fc349281.png', 1, 2),
(3, '53d308eda281917801e8942f678b735d.png', 1, 3),
(4, '805d1981af94e119cc2cd751a4028fa7.png', 1, 4);

-- --------------------------------------------------------

--
-- Table structure for table `pref_badges_names`
--

CREATE TABLE `pref_badges_names` (
  `badge_id` int(11) NOT NULL,
  `name` varchar(255) NOT NULL,
  `description` varchar(255) NOT NULL,
  `lang` varchar(10) NOT NULL
) ENGINE=InnoDB DEFAULT CHARSET=utf8;

--
-- Dumping data for table `pref_badges_names`
--

INSERT INTO `pref_badges_names` (`badge_id`, `name`, `description`, `lang`) VALUES
(2, 'Security', '', 'en'),
(3, 'Verified', '', 'en'),
(4, 'Winner', '', 'en'),
(1, 'Award', 'Award\r\nAward', 'en');

-- --------------------------------------------------------

--
-- Table structure for table `pref_category`
--

CREATE TABLE `pref_category` (
  `category_id` int(11) NOT NULL,
  `category_key` varchar(100) DEFAULT NULL,
  `category_thumb` varchar(100) NOT NULL,
  `category_icon` varchar(100) NOT NULL,
  `category_status` tinyint(1) NOT NULL,
  `category_order` tinyint(5) NOT NULL,
  `is_featured` tinyint(4) NOT NULL
) ENGINE=InnoDB DEFAULT CHARSET=utf8;

--
-- Dumping data for table `pref_category`
--

INSERT INTO `pref_category` (`category_id`, `category_key`, `category_thumb`, `category_icon`, `category_status`, `category_order`, `is_featured`) VALUES
(1, 'web-mobile-and-software-dev', '', 'ec41513d17cf7ffadd22810a5437ae47.png', 1, 1, 1),
(2, 'it-and-networking', '', '', 1, 2, 0),
(3, 'data-science-and-analytics', '', '', 1, 3, 0),
(4, 'engineering-and-architecture', '', 'ef3c4cfc9a71979660d10c5394ce41e6.png', 1, 4, 1),
(5, 'design-and-creative', '17aa0854b3d770d7a5233c5edbea21c0.png', '94db79cde36b32fc056dcbbd69ce5b8a.png', 1, 5, 1),
(6, 'key6', '', '', -1, 6, 0),
(7, 'writing-translations', '4120247deb734cf6374839c87cf92ea2.png', 'df67038e7469d5db4f47ed919f407dc3.png', 1, 7, 1),
(8, 'legal', '', '', 1, 8, 0),
(9, 'admin-support', '', '', 1, 9, 0),
(10, 'customer-service', '', '', 1, 10, 0),
(11, 'sales-and-marketing', '52b5a33b540a232cc7ed9a0d9ab53e81.png', '01374a33fa34f9a1f89a74a0147eb869.png', 1, 11, 1),
(12, 'accounting-finance', '', '50e5a48e6a732474b8f1542475e46639.png', 1, 12, 0),
(13, 'education-training', '', '9eafaed96c41b5871d018170342f6008.png', 1, 6, 1),
(14, 'digital-marketing', '', '7ca956fb8ae940b1e3af6e87b4e27733.png', 1, 8, 1);

-- --------------------------------------------------------

--
-- Table structure for table `pref_category_names`
--

CREATE TABLE `pref_category_names` (
  `category_id` int(11) NOT NULL,
  `category_name` varchar(150) DEFAULT NULL,
  `description` varchar(255) NOT NULL,
  `category_lang` char(3) DEFAULT 'en'
) ENGINE=InnoDB DEFAULT CHARSET=utf8;

--
-- Dumping data for table `pref_category_names`
--

INSERT INTO `pref_category_names` (`category_id`, `category_name`, `description`, `category_lang`) VALUES
(6, 'Writing', '', 'en'),
(13, 'Education & Training', 'Skilled trainers with ample work experience ready to take on any project across a wide array of educational and other fields.', 'en'),
(13, 'التعليم والتدريب', 'مدربون ماهرون يتمتعون بخبرة عملية واسعة وجاهزون للقيام بأي مشروع عبر مجموعة واسعة من المجالات التعليمية وغيرها.', 'ar'),
(7, 'Writing & Translations', 'The creative geniuses from copy writers, translators, script writers to seasoned bloggers and reviewers.', 'en'),
(7, 'الكتابة والترجمات', 'العباقرة المبدعون من كتاب النسخ والمترجمين وكتاب السيناريو إلى المدونين والمراجعين المخضرمين.', 'ar'),
(11, 'Marketing & Sales', 'Hire the best sales executive, callers, market analysts and more. Expert in various modes of business operations. ', 'en'),
(11, 'التسويق والمبيعات', 'وظف أفضل تنفيذي مبيعات ، والمتصلين ، ومحللي السوق والمزيد. خبير في مختلف أنماط العمليات التجارية.', 'ar'),
(4, 'Engineering & Architecture', 'Seasoned engineers and architects with global exposure and experts in hundreds of technologies.', 'en'),
(4, 'الهندسة والعمارة', 'مهندسين ومعماريين متمرسين مع خبرة عالمية وخبراء في مئات التقنيات', 'ar'),
(1, 'Web, Mobile & Software Dev', 'The best creative minds ranging from coders, software engineers and thousands of experienced professionals.', 'en'),
(1, 'تطوير الويب والجوال والبرمجيات', 'أفضل العقول المبدعة بدءًا من المبرمجين ومهندسي البرمجيات وآلاف المهنيين ذوي الخبرة.', 'ar'),
(1, 'a', '', 'fr'),
(1, 'B', '', 'ur'),
(1, 'C', '', 'cn'),
(12, 'Accounting & Finance', 'HManagers, chartered accountants spread across numerous industries like banking, e-commerce, mutual funds, healthcare and many more.', 'en'),
(12, 'المحاسبة والمالية', 'ينتشر المديرون والمحاسبون القانونيون في العديد من الصناعات مثل البنوك والتجارة الإلكترونية والصناديق المشتركة والرعاية الصحية وغيرها الكثير.', 'ar'),
(12, 'A', '', 'fr'),
(12, 'B', '', 'ur'),
(12, 'C', '', 'cn'),
(5, 'Design & Creative', 'Wide range of designers, illustrators and animators profound in UX, Visual, UI and many more. ', 'en'),
(5, 'التصميم والإبداع', 'مجموعة واسعة من المصممين والرسامين والرسوم المتحركة عميقة في UX و Visual و UI وغيرها الكثير.', 'ar'),
(5, 'Hh', '', 'fr'),
(5, 'H', '', 'ur'),
(5, 'H', '', 'cn'),
(2, 'IT & Networking', '', 'en'),
(2, 'تكنولوجيا المعلومات والشبكات', '', 'ar'),
(3, 'Data Science & Analytics', '', 'en'),
(3, 'علم البيانات والتحليلات', '', 'ar'),
(14, 'Digital Marketing', 'Grab the most talented individuals to catapult your business towards success.', 'en'),
(14, 'التسويق الرقمي', 'احصل على الأفراد الأكثر موهبة لدفع عملك نحو النجاح.', 'ar'),
(8, 'Legal', '', 'en'),
(8, 'قانوني', '', 'ar'),
(9, 'Admin Support', '', 'en'),
(9, 'دعم المشرف', '', 'ar'),
(10, 'Customer Service', '', 'en'),
(10, 'خدمة الزبائن', '', 'ar');

-- --------------------------------------------------------

--
-- Table structure for table `pref_category_subchild`
--

CREATE TABLE `pref_category_subchild` (
  `category_subchild_id` int(11) NOT NULL,
  `category_id` int(11) NOT NULL,
  `category_subchild_key` varchar(100) DEFAULT NULL,
  `category_subchild_status` tinyint(1) NOT NULL,
  `category_subchild_order` tinyint(5) NOT NULL
) ENGINE=InnoDB DEFAULT CHARSET=utf8;

--
-- Dumping data for table `pref_category_subchild`
--

INSERT INTO `pref_category_subchild` (`category_subchild_id`, `category_id`, `category_subchild_key`, `category_subchild_status`, `category_subchild_order`) VALUES
(1, 1, 'cs1', 1, 1),
(2, 1, 'cs2', 1, 2),
(3, 2, 'cs3', 1, 3),
(4, 2, 'cs4', 1, 4),
(5, 7, 'cw', 1, 1),
(6, 1, 'Front-end', 1, 3),
(7, 1, 'website', 1, 1),
(8, 5, 'G', 1, 8),
(9, 5, 'j', 1, 5),
(10, 14, 'content-marketing', 1, 0),
(11, 14, 'email-marketing', 1, 0);

-- --------------------------------------------------------

--
-- Table structure for table `pref_category_subchild_names`
--

CREATE TABLE `pref_category_subchild_names` (
  `category_subchild_id` int(11) NOT NULL,
  `category_subchild_name` varchar(150) DEFAULT NULL,
  `description` varchar(255) NOT NULL,
  `category_subchild_lang` char(3) DEFAULT 'en'
) ENGINE=InnoDB DEFAULT CHARSET=utf8;

--
-- Dumping data for table `pref_category_subchild_names`
--

INSERT INTO `pref_category_subchild_names` (`category_subchild_id`, `category_subchild_name`, `description`, `category_subchild_lang`) VALUES
(1, 'Web Development', '', 'en'),
(2, 'Web & Mobile Design', '', 'en'),
(3, 'Database Administration', '', 'en'),
(4, 'Other - IT & Networking', '', 'en'),
(5, 'Content Writing', '', 'en'),
(5, 'Content Writing', '', 'ar'),
(6, 'Front-end dev', '', 'en'),
(6, 'Front-end dev', '', 'ar'),
(6, 'Front-end dev', '', 'fr'),
(6, 'Front-end dev', '', 'ur'),
(7, 'website design', 'website design', 'en'),
(7, 'ds', 'scsadas', 'ar'),
(7, 'fgfg', '', 'fr'),
(7, 'gffh', '', 'ur'),
(8, 'governmental relations', 'G', 'en'),
(8, 'علاقات حكومية', 'G', 'ar'),
(8, 'G', 'G', 'fr'),
(8, 'G', 'G', 'ur'),
(8, 'G', 'G', 'cn'),
(9, 'J', 'j', 'en'),
(9, 'قوى', 'j', 'ar'),
(9, 'j', 'j', 'fr'),
(9, 'j', 'j', 'ur'),
(9, 'j', 'j', 'cn'),
(10, 'Content marketing', 'Content marketing.', 'en'),
(11, 'Email marketing', 'Email marketing', 'en');

-- --------------------------------------------------------

--
-- Table structure for table `pref_cms_help`
--

CREATE TABLE `pref_cms_help` (
  `cms_help_id` int(11) NOT NULL,
  `cms_help_slug` varchar(255) NOT NULL,
  `parent_id` int(11) NOT NULL,
  `status` tinyint(4) NOT NULL
) ENGINE=InnoDB DEFAULT CHARSET=utf8;

--
-- Dumping data for table `pref_cms_help`
--

INSERT INTO `pref_cms_help` (`cms_help_id`, `cms_help_slug`, `parent_id`, `status`) VALUES
(1, 'panel-one', 0, -1),
(2, 'panel-two', 0, -1),
(3, 'panel-3', 0, -1),
(4, 'sub-panel-one', 2, 1),
(5, '', 1, 1),
(6, '', 1, -1),
(7, '', 0, -1),
(8, '', 7, -1),
(9, '', 3, 1),
(10, '', 7, -1),
(11, '', 0, 1),
(12, '', 11, -1),
(13, '', 0, 1),
(14, '', 13, 1);

-- --------------------------------------------------------

--
-- Table structure for table `pref_cms_help_article`
--

CREATE TABLE `pref_cms_help_article` (
  `cms_help_article_id` int(11) NOT NULL,
  `slug` varchar(255) NOT NULL,
  `cms_help_id` int(11) NOT NULL,
  `status` tinyint(4) NOT NULL
) ENGINE=InnoDB DEFAULT CHARSET=utf8;

--
-- Dumping data for table `pref_cms_help_article`
--

INSERT INTO `pref_cms_help_article` (`cms_help_article_id`, `slug`, `cms_help_id`, `status`) VALUES
(1, 'article-test', 4, 1),
(2, 'test-article', 4, 1),
(3, 'Curabitur', 6, 1),
(4, 'aliquet', 9, 1),
(5, 'a', 10, -1),
(6, 'aaaa', 10, -1),
(7, 'ssssssssssssssssssss', 8, 1),
(8, 'sas', 5, 1),
(9, '1', 12, 1);

-- --------------------------------------------------------

--
-- Table structure for table `pref_cms_help_article_names`
--

CREATE TABLE `pref_cms_help_article_names` (
  `cms_help_article_id` int(11) NOT NULL,
  `lang` varchar(10) NOT NULL,
  `title` varchar(255) NOT NULL,
  `description` text NOT NULL
) ENGINE=InnoDB DEFAULT CHARSET=utf8;

--
-- Dumping data for table `pref_cms_help_article_names`
--

INSERT INTO `pref_cms_help_article_names` (`cms_help_article_id`, `lang`, `title`, `description`) VALUES
(1, 'en', 'Article 1', '<p>Article 1 Article 1 Article 1 Article 1 Article 1 Article 1 Article 1 Article 1 Article 1 </p>'),
(2, 'en', 'article 2', '<p>article 2article 2</p>'),
(3, 'en', 'Curabitur aliquet', '<p>Curabitur aliquet quam id dui posuere blandit. Mauris blandit aliquet elit, eget tincidunt nibh pulvinar a. Nulla porttitor accumsan tincidunt. Lorem ipsum dolor sit amet, consectetur adipiscing elit. Curabitur aliquet quam id dui posuere blandit. Curabitur non nulla sit amet nisl tempus convallis quis ac lectus. Mauris blandit aliquet elit, eget tincidunt nibh pulvinar a. Nulla porttitor accumsan tincidunt. Quisque velit nisi, pretium ut lacinia in, elementum id enim. Praesent sapien massa, convallis a pellentesque nec, egestas non nisi.</p>'),
(3, 'ar', 'Curabitur aliquet', '<p>Curabitur aliquet quam id dui posuere blandit. Mauris blandit aliquet elit, eget tincidunt nibh pulvinar a. Nulla porttitor accumsan tincidunt. Lorem ipsum dolor sit amet, consectetur adipiscing elit. Curabitur aliquet quam id dui posuere blandit. Curabitur non nulla sit amet nisl tempus convallis quis ac lectus. Mauris blandit aliquet elit, eget tincidunt nibh pulvinar a. Nulla porttitor accumsan tincidunt. Quisque velit nisi, pretium ut lacinia in, elementum id enim. Praesent sapien massa, convallis a pellentesque nec, egestas non nisi.</p>'),
(3, 'fr', 'Curabitur aliquet', '<p>Curabitur aliquet quam id dui posuere blandit. Mauris blandit aliquet elit, eget tincidunt nibh pulvinar a. Nulla porttitor accumsan tincidunt. Lorem ipsum dolor sit amet, consectetur adipiscing elit. Curabitur aliquet quam id dui posuere blandit. Curabitur non nulla sit amet nisl tempus convallis quis ac lectus. Mauris blandit aliquet elit, eget tincidunt nibh pulvinar a. Nulla porttitor accumsan tincidunt. Quisque velit nisi, pretium ut lacinia in, elementum id enim. Praesent sapien massa, convallis a pellentesque nec, egestas non nisi.</p>'),
(3, 'ur', 'Curabitur aliquet', '<p>Curabitur aliquet quam id dui posuere blandit. Mauris blandit aliquet elit, eget tincidunt nibh pulvinar a. Nulla porttitor accumsan tincidunt. Lorem ipsum dolor sit amet, consectetur adipiscing elit. Curabitur aliquet quam id dui posuere blandit. Curabitur non nulla sit amet nisl tempus convallis quis ac lectus. Mauris blandit aliquet elit, eget tincidunt nibh pulvinar a. Nulla porttitor accumsan tincidunt. Quisque velit nisi, pretium ut lacinia in, elementum id enim. Praesent sapien massa, convallis a pellentesque nec, egestas non nisi.</p>'),
(5, 'en', 'a', '<p><strong>Lorem Ipsum</strong> is simply dummy text of the printing and typesetting industry. Lorem Ipsum has been the industry&#39;s standard dummy text ever since the 1500s, when an unknown printer took a galley of type and scrambled it to make a type specimen book. It has survived not only five centuries, but also the leap into electronic typesetting, remaining essentially unchanged. It was popularised in the 1960s with the release of Letraset sheets containing Lorem Ipsum passages, and more recently with desktop publishing software like Aldus PageMaker including versions of Lorem Ipsum.</p>'),
(5, 'ar', 'هادي الدوسري', '<p><strong>Lorem Ipsum</strong> is simply dummy text of the printing and typesetting industry. Lorem Ipsum has been the industry&#39;s standard dummy text ever since the 1500s, when an unknown printer took a galley of type and scrambled it to make a type specimen book. It has survived not only five centuries, but also the leap into electronic typesetting, remaining essentially unchanged. It was popularised in the 1960s with the release of Letraset sheets containing Lorem Ipsum passages, and more recently with desktop publishing software like Aldus PageMaker including versions of Lorem Ipsum.</p>'),
(5, 'fr', 'a', '<p><strong>Lorem Ipsum</strong> is simply dummy text of the printing and typesetting industry. Lorem Ipsum has been the industry&#39;s standard dummy text ever since the 1500s, when an unknown printer took a galley of type and scrambled it to make a type specimen book. It has survived not only five centuries, but also the leap into electronic typesetting, remaining essentially unchanged. It was popularised in the 1960s with the release of Letraset sheets containing Lorem Ipsum passages, and more recently with desktop publishing software like Aldus PageMaker including versions of Lorem Ipsum.</p>'),
(5, 'ur', 'a', '<p><strong>Lorem Ipsum</strong> is simply dummy text of the printing and typesetting industry. Lorem Ipsum has been the industry&#39;s standard dummy text ever since the 1500s, when an unknown printer took a galley of type and scrambled it to make a type specimen book. It has survived not only five centuries, but also the leap into electronic typesetting, remaining essentially unchanged. It was popularised in the 1960s with the release of Letraset sheets containing Lorem Ipsum passages, and more recently with desktop publishing software like Aldus PageMaker including versions of Lorem Ipsum.</p>'),
(5, 'cn', 'a', '<p><strong>Lorem Ipsum</strong> is simply dummy text of the printing and typesetting industry. Lorem Ipsum has been the industry&#39;s standard dummy text ever since the 1500s, when an unknown printer took a galley of type and scrambled it to make a type specimen book. It has survived not only five centuries, but also the leap into electronic typesetting, remaining essentially unchanged. It was popularised in the 1960s with the release of Letraset sheets containing Lorem Ipsum passages, and more recently with desktop publishing software like Aldus PageMaker including versions of Lorem Ipsum.</p>'),
(6, 'en', 'a', '<p><strong>Lorem Ipsum</strong> is simply dummy text of the printing and typesetting industry. Lorem Ipsum has been the industry&#39;s standard dummy text ever since the 1500s, when an unknown printer took a galley of type and scrambled it to make a type specimen book. It has survived not only five centuries, but also the leap into electronic typesetting, remaining essentially unchanged. It was popularised in the 1960s with the release of Letraset sheets containing Lorem Ipsum passages, and more recently with desktop publishing software like Aldus PageMaker including versions of Lorem Ipsum.</p>'),
(6, 'ar', 'a', '<p><strong>Lorem Ipsum</strong> is simply dummy text of the printing and typesetting industry. Lorem Ipsum has been the industry&#39;s standard dummy text ever since the 1500s, when an unknown printer took a galley of type and scrambled it to make a type specimen book. It has survived not only five centuries, but also the leap into electronic typesetting, remaining essentially unchanged. It was popularised in the 1960s with the release of Letraset sheets containing Lorem Ipsum passages, and more recently with desktop publishing software like Aldus PageMaker including versions of Lorem Ipsum.</p>'),
(6, 'fr', 'a', '<p><strong>Lorem Ipsum</strong> is simply dummy text of the printing and typesetting industry. Lorem Ipsum has been the industry&#39;s standard dummy text ever since the 1500s, when an unknown printer took a galley of type and scrambled it to make a type specimen book. It has survived not only five centuries, but also the leap into electronic typesetting, remaining essentially unchanged. It was popularised in the 1960s with the release of Letraset sheets containing Lorem Ipsum passages, and more recently with desktop publishing software like Aldus PageMaker including versions of Lorem Ipsum.</p>'),
(6, 'ur', 'a', '<p><strong>Lorem Ipsum</strong> is simply dummy text of the printing and typesetting industry. Lorem Ipsum has been the industry&#39;s standard dummy text ever since the 1500s, when an unknown printer took a galley of type and scrambled it to make a type specimen book. It has survived not only five centuries, but also the leap into electronic typesetting, remaining essentially unchanged. It was popularised in the 1960s with the release of Letraset sheets containing Lorem Ipsum passages, and more recently with desktop publishing software like Aldus PageMaker including versions of Lorem Ipsum.</p>'),
(6, 'cn', 'a', '<p><strong>Lorem Ipsum</strong> is simply dummy text of the printing and typesetting industry. Lorem Ipsum has been the industry&#39;s standard dummy text ever since the 1500s, when an unknown printer took a galley of type and scrambled it to make a type specimen book. It has survived not only five centuries, but also the leap into electronic typesetting, remaining essentially unchanged. It was popularised in the 1960s with the release of Letraset sheets containing Lorem Ipsum passages, and more recently with desktop publishing software like Aldus PageMaker including versions of Lorem Ipsum.</p>'),
(4, 'en', 'aliquet', '<p>Curabitur aliquet quam id dui posuere blandit. Mauris blandit aliquet elit, eget tincidunt nibh pulvinar a. Nulla porttitor accumsan tincidunt. Lorem ipsum dolor sit amet, consectetur adipiscing elit. Curabitur aliquet quam id dui posuere blandit. Curabitur non nulla sit amet nisl tempus convallis quis ac lectus. Mauris blandit aliquet elit, eget tincidunt nibh pulvinar a. Nulla porttitor accumsan tincidunt. Quisque velit nisi, pretium ut lacinia in, elementum id enim. Praesent sapien massa, convallis a pellentesque nec, egestas non nisi.</p>'),
(4, 'ar', 'aliquet', '<p>Curabitur aliquet quam id dui posuere blandit. Mauris blandit aliquet elit, eget tincidunt nibh pulvinar a. Nulla porttitor accumsan tincidunt. Lorem ipsum dolor sit amet, consectetur adipiscing elit. Curabitur aliquet quam id dui posuere blandit. Curabitur non nulla sit amet nisl tempus convallis quis ac lectus. Mauris blandit aliquet elit, eget tincidunt nibh pulvinar a. Nulla porttitor accumsan tincidunt. Quisque velit nisi, pretium ut lacinia in, elementum id enim. Praesent sapien massa, convallis a pellentesque nec, egestas non nisi.</p>'),
(4, 'fr', 'aliquet', '<p>Curabitur aliquet quam id dui posuere blandit. Mauris blandit aliquet elit, eget tincidunt nibh pulvinar a. Nulla porttitor accumsan tincidunt. Lorem ipsum dolor sit amet, consectetur adipiscing elit. Curabitur aliquet quam id dui posuere blandit. Curabitur non nulla sit amet nisl tempus convallis quis ac lectus. Mauris blandit aliquet elit, eget tincidunt nibh pulvinar a. Nulla porttitor accumsan tincidunt. Quisque velit nisi, pretium ut lacinia in, elementum id enim. Praesent sapien massa, convallis a pellentesque nec, egestas non nisi.</p>'),
(4, 'ur', 'aliquet', '<p>Curabitur aliquet quam id dui posuere blandit. Mauris blandit aliquet elit, eget tincidunt nibh pulvinar a. Nulla porttitor accumsan tincidunt. Lorem ipsum dolor sit amet, consectetur adipiscing elit. Curabitur aliquet quam id dui posuere blandit. Curabitur non nulla sit amet nisl tempus convallis quis ac lectus. Mauris blandit aliquet elit, eget tincidunt nibh pulvinar a. Nulla porttitor accumsan tincidunt. Quisque velit nisi, pretium ut lacinia in, elementum id enim. Praesent sapien massa, convallis a pellentesque nec, egestas non nisi.</p>'),
(4, 'cn', 'asa', '<p><strong>Lorem Ipsum</strong> is simply dummy text of the printing and typesetting industry. Lorem Ipsum has been the industry&#39;s standard dummy text ever since the 1500s, when an unknown printer took a galley of type and scrambled it to make a type specimen book. It has survived not only five centuries, but also the leap into electronic typesetting, remaining essentially unchanged. It was popularised in the 1960s with the release of Letraset sheets containing Lorem Ipsum passages, and more recently with desktop publishing software like Aldus PageMaker including versions of Lorem Ipsum.</p>'),
(7, 'en', 'aaaaaaaaaa', '<p><img alt=\"صورتي\" src=\"https://www.google.com/search?q=الرياض&rlz=1C1JZAP_arSA1014SA1014&source=lnms&tbm=isch&sa=X&ved=2ahUKEwi66sqag4P5AhUD8rsIHTbPDakQ_AUoAnoECAIQBA&biw=1280&bih=609&dpr=1.5#imgrc=dvA-cQD5YwYqfM\"></p>'),
(7, 'ar', 'aaaaaaaaaaaaaaaaa', '<p>تت</p>'),
(8, 'en', 'humann raesbgcbg', '<p>علن البنك المركزي السعودي إصدار الصيغة النموذجية لوثيقة التأمين ضد المسؤولية المهنية لمراجعي حسابات المنشآت الخاضعة لإشراف هيئة السوق المالية، والتي تم العمل عليها بالتنسيق مع هيئة السوق المالية.</p>\r\n\r\n<p>وتأتي هذه الخطوة بهدف توحيد الحد الأدنى الواجب توفره في وثيقة التأمين، وتعزيز مفهوم الاستدامة، والحد من المخاطر المحتملة في السوق المالية، إلى جانب حماية حقوق كامل أطراف العلاقة التأمينية، وذلك ضمن جهود البنك المركزي السعودي الرامية لضمان حقوق أطراف العلاقة التأمينية، ودعم نمو وتطوير قطاع التأمين. وللاطلاع على الصيغة النموذجية</p>'),
(8, 'ar', 'العلامات التقنية', '<p>علن البنك المركزي السعودي إصدار الصيغة النموذجية لوثيقة التأمين ضد المسؤولية المهنية لمراجعي حسابات المنشآت الخاضعة لإشراف هيئة السوق المالية، والتي تم العمل عليها بالتنسيق مع هيئة السوق المالية.</p>\r\n\r\n<p>وتأتي هذه الخطوة بهدف توحيد الحد الأدنى الواجب توفره في وثيقة التأمين، وتعزيز مفهوم الاستدامة، والحد من المخاطر المحتملة في السوق المالية، إلى جانب حماية حقوق كامل أطراف العلاقة التأمينية، وذلك ضمن جهود البنك المركزي السعودي الرامية لضمان حقوق أطراف العلاقة التأمينية، ودعم نمو وتطوير قطاع التأمين. وللاطلاع على الصيغة النموذجية<img alt=\"رابط جريدة الرياض\" src=\"https://www.alriyadh.com/1962122\"></p>'),
(9, 'en', 'our clients', '<section dir=\"ltr\">\r\n<h5>Browse through millions of job postings; create a solid job portfolio to improve your chances of securing a huge gig. Perform research on a project or a company and decide which would best work for your case.Browse through millions of job postings; create a solid job portfolio to improve your chances of securing a huge gig. Perform research on a project or a company and decide which would best work for your case.Browse through millions of job postings; create a solid job portfolio to improve your chances of securing a huge gig. Perform research on a project or a company and decide which would best work for your case</h5>\r\n\r\n<p><img alt=\"\" src=\"https://www11.0zz0.com/2022/07/25/10/988089259.jpg\" xss=removed></p>\r\n</section>'),
(9, 'ar', 'الاستقطاب', '<p>Browse through millions of job postings; create a solid job portfolio to improve your chances of securing a huge gig. Perform research on a project or a company and decide which would best work for your case.Browse through millions of job postings; create a solid job portfolio to improve your chances of securing a huge gig. Perform research on a project or a company and decide which would best work for your case.Browse through millions of job postings; create a solid job portfolio to improve your chances of securing a huge gig. Perform research on a project or a company and decide which would best work for your case</p>\r\n\r\n<p>.<img alt=\"\" src=\"https://www12.0zz0.com/2022/07/25/10/168111904.jpg\" xss=\"removed\"></p>');

-- --------------------------------------------------------

--
-- Table structure for table `pref_cms_help_names`
--

CREATE TABLE `pref_cms_help_names` (
  `cms_help_id` int(11) NOT NULL,
  `lang` varchar(10) NOT NULL,
  `title` varchar(255) NOT NULL
) ENGINE=InnoDB DEFAULT CHARSET=utf8;

--
-- Dumping data for table `pref_cms_help_names`
--

INSERT INTO `pref_cms_help_names` (`cms_help_id`, `lang`, `title`) VALUES
(2, 'en', 'Panel 2'),
(4, 'en', 'Sub Panel 1'),
(5, 'en', 'Sub 1'),
(5, 'ar', 'Sub 1'),
(5, 'fr', 'Sub 1'),
(5, 'ur', 'Sub 1'),
(6, 'en', 'Sub 2'),
(6, 'ar', 'Sub 2'),
(6, 'fr', 'Sub 2'),
(6, 'ur', 'Sub 2'),
(7, 'en', 'Help Content new'),
(7, 'ar', 'Help Content new'),
(7, 'fr', 'Help Content new'),
(7, 'ur', 'Help Content new'),
(8, 'en', 'Help Content new'),
(8, 'ar', 'Help Content new'),
(8, 'fr', 'Help Content new'),
(8, 'ur', 'Help Content new'),
(3, 'en', 'Panel 3'),
(3, 'ar', 'Panel 3'),
(3, 'fr', 'Panel 3'),
(3, 'ur', 'Panel 3'),
(9, 'en', 'Panel 3'),
(9, 'ar', 'Panel 3'),
(9, 'fr', 'Panel 3'),
(9, 'ur', 'Panel 3'),
(10, 'en', 'Help Content new 2'),
(10, 'ar', 'Help Content new 2'),
(10, 'fr', 'Help Content new 2'),
(10, 'ur', 'Help Content new 2'),
(1, 'en', 'human resouces'),
(1, 'ar', 'الموارد البشرية'),
(11, 'en', 'Human Resouce'),
(11, 'ar', 'الموارد البشرية'),
(12, 'en', 'Something in HR'),
(12, 'ar', 'بعض الاشياء'),
(13, 'en', 'Feedback'),
(14, 'en', 'Feedback sub');

-- --------------------------------------------------------

--
-- Table structure for table `pref_cms_temp`
--

CREATE TABLE `pref_cms_temp` (
  `cms_key` varchar(100) NOT NULL,
  `cms_page` tinytext CHARACTER SET utf8 DEFAULT NULL,
  `section_type` char(3) NOT NULL,
  `cms_class` varchar(150) DEFAULT NULL,
  `child_class` mediumtext CHARACTER SET utf8 DEFAULT NULL,
  `cms_order` int(11) NOT NULL
) ENGINE=InnoDB DEFAULT CHARSET=utf8mb4;

--
-- Dumping data for table `pref_cms_temp`
--

INSERT INTO `pref_cms_temp` (`cms_key`, `cms_page`, `section_type`, `cms_class`, `child_class`, `cms_order`) VALUES
('1620035066_1', 'about-us-new-n', 'SEC', 'section', 'container, row', 1),
('1620037188_1', 'about-us-new', 'SEC', 'section', 'container, row', 1),
('1658672188_1', 'Tester', 'SEC', 'hello', 'jj', 1),
('1658728135_1', 'about-us', 'CUS', 'section', 'container,row', 1),
('1658728135_2', 'about-us', 'SEC', 'section', '', 2),
('1663827357_1', 'how-it-works', 'SEC', 'section how-home', 'container', 1),
('1663827357_2', 'how-it-works', 'CUS', '', '', 2),
('1686895001_1', 'how-it-works-employer', 'SEC', 'section bg-white', 'container,row align-items-center', 1),
('1686895001_2', 'how-it-works-employer', 'SEC', 'section', 'container,row align-items-center', 2),
('1686895001_3', 'how-it-works-employer', 'SEC', 'section bg-white', 'container,row align-items-center', 3),
('1686895001_4', 'how-it-works-employer', 'SEC', 'section', 'container,row align-items-center', 4),
('1686895374_1', 'how-it-works-freelancer', 'SEC', 'section bg-white', 'container,row align-items-center', 1),
('1686895374_2', 'how-it-works-freelancer', 'SEC', 'section', 'container,row align-items-center', 2),
('1686895374_3', 'how-it-works-freelancer', 'SEC', 'section bg-white', 'container,row align-items-center', 3),
('1686895374_4', 'how-it-works-freelancer', 'SEC', 'section', 'container,row align-items-center', 4),
('1686910888_1', 'refund-policy', 'SEC', 'section', 'container', 1),
('1686911837_1', 'about-us-new-n-n', 'SEC', 'section', 'container, row', 1),
('1686911837_2', 'about-us-new-n-n', 'CUS', '', '', 2),
('1686911837_3', 'about-us-new-n-n', 'CUS', '', '', 3),
('1686911837_4', 'about-us-new-n-n', 'CUS', '', '', 4);

-- --------------------------------------------------------

--
-- Table structure for table `pref_cms_temp_part`
--

CREATE TABLE `pref_cms_temp_part` (
  `cms_key` varchar(150) NOT NULL,
  `part_id` int(11) NOT NULL,
  `part_class` varchar(150) DEFAULT NULL,
  `part_content` longtext DEFAULT NULL,
  `part_order` int(11) NOT NULL,
  `lang` char(2) NOT NULL DEFAULT 'en'
) ENGINE=InnoDB DEFAULT CHARSET=utf8mb4;

--
-- Dumping data for table `pref_cms_temp_part`
--

INSERT INTO `pref_cms_temp_part` (`cms_key`, `part_id`, `part_class`, `part_content`, `part_order`, `lang`) VALUES
('1658728135_1', 1, NULL, '<p> </p>\r\n\r\n<p><strong>Lorem Ipsum</strong> is simply dummy text of the printing and typesetting industry. Lorem Ipsum has been the industry&#39;s standard dummy text ever since the 1500s, when an unknown printer took a galley of type and scrambled it to make a type specimen book. It has survived not only five centuries, but also the leap into electronic typesetting, remaining essentially unchanged. It was popularised in the 1960s with the release of Letraset sheets containing Lorem Ipsum passages, and more recently with desktop publishing software like Aldus PageMaker including versions of Lorem Ipsum.</p>\r\n\r\n<p> </p>\r\n\r\n<p> </p>\r\n', 1, 'en'),
('1658728135_1', 1, NULL, '<p>لوريم إيبسوم هو ببساطة نص شكلي يستخدم في صناعة الطباعة والتنضيد. كان Lorem Ipsum هو النص الوهمي القياسي في الصناعة منذ القرن الخامس عشر الميلادي ، عندما أخذت طابعة غير معروفة لوحًا من النوع وتدافعت عليه لعمل كتاب عينة. لقد نجت ليس فقط خمسة قرون ، ولكن أيضًا القفزة في التنضيد الإلكتروني ، وظلت دون تغيير جوهري. تم نشره في الستينيات من القرن الماضي بإصدار أوراق Letraset التي تحتوي على مقاطع Lorem Ipsum ، ومؤخرًا مع برامج النشر المكتبي مثل Aldus PageMaker بما في ذلك إصدارات Lorem Ipsum.</p>\r\n\r\n<p> </p>\r\n\r\n<p> </p>\r\n', 1, 'ar'),
('1658728135_2', 1, 'container', '<p><strong>Lorem Ipsum</strong> is simply dummy text of the printing and typesetting industry. Lorem Ipsum has been the industry&#39;s standard dummy text ever since the 1500s, when an unknown printer took a galley of type and scrambled it to make a type specimen book. It has survived not only five centuries, but also the leap into electronic typesetting, remaining essentially unchanged. It was popularised in the 1960s with the release of Letraset sheets containing Lorem Ipsum passages, and more recently with desktop publishing software like Aldus PageMaker including versions of Lorem Ipsum.</p>\r\n', 1, 'en'),
('1658728135_2', 1, 'container', '<p>لوريم إيبسوم هو ببساطة نص شكلي يستخدم في صناعة الطباعة والتنضيد. كان Lorem Ipsum هو النص الوهمي القياسي في الصناعة منذ القرن الخامس عشر الميلادي ، عندما أخذت طابعة غير معروفة لوحًا من النوع وتدافعت عليه لعمل كتاب عينة. لقد نجت ليس فقط خمسة قرون ، ولكن أيضًا القفزة في التنضيد الإلكتروني ، وظلت دون تغيير جوهري. تم نشره في الستينيات من القرن الماضي بإصدار أوراق Letraset التي تحتوي على مقاطع Lorem Ipsum ، ومؤخرًا مع برامج النشر المكتبي مثل Aldus PageMaker بما في ذلك إصدارات Lorem Ipsum.</p>\r\n', 1, 'ar'),
('1663827357_1', 1, 'section-headline centered mb-4', '<h2>How it works</h2>\r\n\r\n<p>Work with the genius minds, create trusted bonds and hire the best candidates for fast and efficient delivery of projects. Make the most use of our versatile and secure platform.</p>\r\n', 1, 'en'),
('1663827357_1', 1, 'section-headline centered mb-4', '<p>اعمل مع العقول العبقرية ، وأنشئ روابط موثوقة وقم بتوظيف أفضل المرشحين للتسليم السريع والفعال للمشاريع. حقق أقصى استفادة من نظامنا الأساسي متعدد الاستخدامات والآمن.</p>\r\n', 1, 'ar'),
('1663827357_1', 2, 'row', '<div class=\"col-md-4 col-12\">\r\n<div class=\"how-box\">\r\n<div class=\"how-steps\">\r\n<h2>01</h2>\r\n</div>\r\n<div class=\"how-box-icon\"><img alt=\"\" src=\"./assets/default/images/icon_job.png\"></div>\r\n<h3>Post A Job</h3>\r\n<p>Create a job post and start receiving bids almost instantly. Browse through the pool of freelancer ideal for your role.</p>\r\n</div>\r\n</div>\r\n\r\n<div class=\"col-md-4 col-12\">\r\n<div class=\"how-box\">\r\n<div class=\"how-steps\">\r\n<h2>02</h2>\r\n</div>\r\n<div class=\"how-box-icon\"><img alt=\"\" src=\"./assets/default/images/icon_bid.png\"></div>\r\n<h3>Evaluate The Bids</h3>\r\n<p>Compare the various quotations and settle on one who is the best for your job profile. Get info and milestones touched for credibility.</p>\r\n</div>\r\n</div>\r\n\r\n<div class=\"col-md-4 col-12\">\r\n<div class=\"how-box\">\r\n<div class=\"how-steps\">\r\n<h2>03</h2>\r\n</div>\r\n<div class=\"how-box-icon\"><img alt=\"\" src=\"./assets/default/images/icon_pay.png\"></div>\r\n<h3>Choose the right talent</h3>\r\n<p>Hire the most efficient candidate; get the job done on project or hourly basis. Once it’s over, make secure & hassle-free payments.</p>\r\n</div>\r\n</div>\r\n', 2, 'en'),
('1663827357_1', 2, 'row', '<div class=\"col-md-4 col-12\">\r\n<div class=\"how-box\">\r\n<div class=\"how-steps\">\r\n<h2>01</h2>\r\n</div>\r\n\r\n<h3>انشر الوظيفة</h3>\r\n\r\n<p>قم بإنشاء منشور وظيفة وابدأ في تلقي العطاءات على الفور تقريبًا تصفح مجموعة المستقلين المثالية لدورك.</p>\r\n</div>\r\n</div>\r\n\r\n<div class=\"col-md-4 col-12\">\r\n<div class=\"how-box\">\r\n<div class=\"how-steps\">\r\n<h2>02</h2>\r\n</div>\r\n\r\n<h3>تقييم العطاءات</h3>\r\n\r\n<p>قارن بين عروض الأسعار المختلفة واستقر على من هو الأفضل لملفك الوظيفي. احصل على المعلومات والمعالم التي تم لمسها من أجل المصداقية.</p>\r\n</div>\r\n</div>\r\n\r\n<div class=\"col-md-4 col-12\">\r\n<div class=\"how-box\">\r\n<div class=\"how-steps\">\r\n<h2>03</h2>\r\n</div>\r\n\r\n<h3>اختر الموهبة المناسبة</h3>\r\n\r\n<p>توظيف المرشح الأكثر كفاءة ؛ إنجاز المهمة على أساس المشروع أو كل ساعة. بمجرد أن تنتهي ، قم بإجراء دفعات آمنة وخالية من المتاعب.</p>\r\n\r\n<div class=\"how-steps\">\r\n<h2>04</h2>\r\n</div>\r\n\r\n<h3>اختر الموهبة المناسبة</h3>\r\n\r\n<p>توظيف المرشح الأكثر كفاءة ؛ إنجاز المهمة على أساس المشروع أو كل ساعة. بمجرد أن تنتهي ، قم بإجراء دفعات آمنة وخالية من المتاعب.</p>\r\n</div>\r\n</div>\r\n', 2, 'ar'),
('1663827357_2', 1, NULL, '', 1, 'en'),
('1663827357_2', 1, NULL, '', 1, 'ar'),
('1686895001_1', 1, 'col-md-6 col-12 order-md-2', '<p><img alt=\"\" class=\"img-fluid\" src=\"./assets/default/images/works-1.png\"></p>\r\n', 1, 'en'),
('1686895001_1', 1, 'col-md-6 col-12 order-md-2', '<p><img alt=\"\" class=\"img-fluid\" src=\"../assets/default/images/works-1.png\"></p>\r\n', 1, 'ar'),
('1686895001_1', 2, 'col-md-6 col-12 order-md-1', '<div class=\"paragraph\">\r\n<h2 class=\"title\">Find quality freelancers</h2>\r\n\r\n<h5>On Upwork you&#39;ll find a range of top talent, from programmers to designers, writers, customer support reps, and more.</h5>\r\n\r\n<ul class=\"list list-2\">\r\n <li>Tell us about your project and the specific skills required. Upwork analyses your needs. Our search functionality uses data science to highlight freelancers based on their skills, helping you find talent that&#39;s a good match.</li>\r\n <li>We send you a shortlist of likely candidates. You can also search our site for talent, and freelancers can view your job and submit proposals too.</li>\r\n <li>We have several measures in place to ensure Upwork is a fair and reliable marketplace.</li>\r\n</ul>\r\n</div>\r\n', 2, 'en'),
('1686895001_1', 2, 'col-md-6 col-12 order-md-1', '<div class=\"paragraph\">\r\n<h2 class=\"title\">ابحث عن موظفين مستقلين ذوي جودة</h2>\r\n\r\n<h5>ستجد في Upwork مجموعة من أفضل المواهب ، من المبرمجين إلى المصممين والكتاب ومندوبي دعم العملاء والمزيد.</h5>\r\n\r\n<ul class=\"list list-2\">\r\n <li>أخبرنا عن مشروعك والمهارات المحددة المطلوبة. Upwork يحلل احتياجاتك. تستخدم وظيفة البحث لدينا علم البيانات لتسليط الضوء على المستقلين بناءً على مهاراتهم ، مما يساعدك في العثور على المواهب المناسبة.</li>\r\n <li>نرسل لك قائمة مختصرة بالمرشحين المحتملين. يمكنك أيضًا البحث في موقعنا عن المواهب ، ويمكن للعاملين لحسابهم الخاص عرض وظيفتك وتقديم مقترحات أيضًا.</li>\r\n <li>لدينا العديد من الإجراءات لضمان أن Upwork هو سوق عادل وموثوق.</li>\r\n</ul>\r\n</div>\r\n', 2, 'ar'),
('1686895001_2', 1, 'col-md-6 col-12', '<p><img alt=\"\" class=\"img-fluid\" src=\"./assets/default/images/works-2.png\"></p>\r\n', 1, 'en'),
('1686895001_2', 1, 'col-md-6 col-12', '<p><img alt=\"\" class=\"img-fluid\" src=\"../assets/default/images/works-2.png\"></p>\r\n', 1, 'ar'),
('1686895001_2', 2, 'col-md-6 col-12', '<div class=\"paragraph\">\r\n<h2 class=\"title\">Hire the best freelancer</h2>\r\n\r\n<h5><b>Invite favorite candidates to submit bids, then review and hire your favorite. </b></h5>\r\n\r\n<ul class=\"list list-2\">\r\n <li><b>Browse profiles:</b> View finalists&#39; Upwork profiles to see client ratings, portfolios, Job Success scores, and more.</li>\r\n <li><b>Review proposals:</b> Evaluate bids, taking into account each freelancer&#39;s qualifications, thought process, timeline, and overall cost.</li>\r\n <li>Schedule a chat. Ask specific questions, determine who the best fit is, and contract.</li>\r\n</ul>\r\n</div>\r\n', 2, 'en'),
('1686895001_2', 2, 'col-md-6 col-12', '<div class=\"paragraph\">\r\n<h2 class=\"title\">وظف أفضل مترجم مستقل</h2>\r\n\r\n<h5><b>قم بدعوة المرشحين المفضلين لتقديم العطاءات ، ثم قم بمراجعتها وتوظيفها. </b></h5>\r\n\r\n<ul class=\"list list-2\">\r\n <li><b>تصفح الملفات الشخصية:</b>اعرض ملفات تعريف Upwork الخاصة بالمتسابقين النهائيين للاطلاع على تقييمات العملاء ، والمحافظ ، ودرجات النجاح في الوظيفة ، والمزيد.</li>\r\n <li><b>مراجعة المقترحات:</b>تقييم العطاءات ، مع الأخذ في الاعتبار مؤهلات كل عامل مستقل ، وعملية التفكير ، والجدول الزمني ، والتكلفة الإجمالية.</li>\r\n <li>جدولة الدردشة. اطرح أسئلة محددة ، وحدد من هو الأنسب ، وعقد.</li>\r\n</ul>\r\n</div>\r\n', 2, 'ar'),
('1686895001_3', 1, 'col-md-6 col-12 order-md-2', '<p><img alt=\"\" class=\"img-fluid\" src=\"./assets/default/images/works-3.png\"></p>\r\n', 1, 'en'),
('1686895001_3', 1, 'col-md-6 col-12 order-md-2', '<p><img alt=\"\" class=\"img-fluid\" src=\"../assets/default/images/works-3.png\"></p>\r\n', 1, 'ar'),
('1686895001_3', 2, 'col-md-6 col-12 order-md-1', '<div class=\"paragraph\">\r\n<h2 class=\"title\">Work efficiently, effectively.</h2>\r\n\r\n<h5><b>Each project includes an online workspace shared by your team and your freelancer, allowing you to: </b></h5>\r\n\r\n<ul class=\"list list-2\">\r\n <li>Send and receive files. Deliver digital assets in a secure environment.</li>\r\n <li>Share feedback in real time. Use Upwork Messages to communicate via text or chat.</li>\r\n</ul>\r\n\r\n<h5><a aria-controls=\"collapseExample\" aria-expanded=\"false\" class=\"d-flex\" data-toggle=\"collapse\" href=\"#collapseExample\" role=\"button\">How do I know my freelancer is accurately billing for my project? </a></h5>\r\n\r\n<div class=\"collapse\" id=\"collapseExample\">\r\n<p>Built into Upwork are several methods of verifying work. On hourly contracts, you can review the Work Diary. It tracks billable time and records completed work. While the freelancer is billing you it also counts keystrokes and takes screenshots of the freelancer&#39;s screen (six times per hour), so you can verify billable hours. On fixed-price jobs, you and your freelancer agree on milestones for each project. When your freelancer reaches a milestone, you review the work and release funds when the work is approved.</p>\r\n</div>\r\n</div>\r\n', 2, 'en'),
('1686895001_3', 2, 'col-md-6 col-12 order-md-1', '<div class=\"paragraph\">\r\n<h2 class=\"title\">العمل بكفاءة وفعالية.</h2>\r\n\r\n<h5><b>يتضمن كل مشروع مساحة عمل عبر الإنترنت يشاركها فريقك وصاحب العمل المستقل ، مما يتيح لك:</b></h5>\r\n\r\n<ul class=\"list list-2\">\r\n <li>إرسال واستقبال الملفات. تقديم الأصول الرقمية في بيئة آمنة.</li>\r\n <li>مشاركة الملاحظات في الوقت الحقيقي. استخدم Upwork Messages للتواصل عبر الرسائل النصية أو الدردشة.</li>\r\n</ul>\r\n\r\n<h5><a aria-controls=\"collapseExample\" aria-expanded=\"false\" class=\"d-flex\" data-toggle=\"collapse\" href=\"#collapseExample\" role=\"button\">كيف أعرف أن المستقل الذي أعمل به يقوم بالدفع بدقة لمشروعي؟ </a></h5>\r\n\r\n<div class=\"collapse\" id=\"collapseExample\">\r\n<p>المضمنة في Upwork هي عدة طرق للتحقق من العمل. في العقود بالساعة ، يمكنك مراجعة يوميات العمل. يتتبع الوقت القابل للفوترة ويسجل العمل المنجز. أثناء قيام العامل المستقل بإعداد الفواتير لك ، فإنه يحسب أيضًا ضغطات المفاتيح ويأخذ لقطات شاشة لشاشة المستقل (ست مرات في الساعة) ، حتى تتمكن من التحقق من الساعات المدفوعة. في الوظائف ذات السعر الثابت ، توافق أنت وصاحب العمل المستقل على معالم لكل مشروع. عندما يصل المستقل الخاص بك إلى مرحلة هامة ، تقوم بمراجعة العمل وتحرير الأموال عند الموافقة على العمل.</p>\r\n</div>\r\n</div>\r\n', 2, 'ar'),
('1686895001_4', 1, 'col-md-6 col-12', '<p><img alt=\"\" class=\"img-fluid\" src=\"./assets/default/images/works-4.png\"></p>\r\n', 1, 'en'),
('1686895001_4', 1, 'col-md-6 col-12', '<p><img alt=\"\" class=\"img-fluid\" src=\"../assets/default/images/works-4.png\"></p>\r\n', 1, 'ar'),
('1686895001_4', 2, 'col-md-6 col-12', '<div class=\"paragraph\">\r\n<h2 class=\"title\">Pay easily, with peace of mind</h2>\r\n\r\n<h5><b>Pay your freelancer by the hour, or a fixed price for the entire project. On fixed-price jobs, use our licensed escrow service to release funds as pre-set milestones are met. </b></h5>\r\n\r\n<ul class=\"list list-2\">\r\n <li><b>Simplified global payments:</b> We deliver payments to freelancers in over 170 countries.</li>\r\n <li><b>Includes Upwork Payment Protection:</b> Only pay for work you authorize.</li>\r\n <li><b>Invoicing and reporting:</b> Access your invoices and transaction history on Upwork.</li>\r\n</ul>\r\n</div>\r\n', 2, 'en'),
('1686895001_4', 2, 'col-md-6 col-12', '<div class=\"paragraph\">\r\n<h2 class=\"title\">ادفع بسهولة وراحة البال</h2>\r\n\r\n<h5><b>ادفع للمحترف المستقل بالساعة أو بسعر ثابت للمشروع بأكمله. في الوظائف ذات السعر الثابت ، استخدم خدمة الضمان المرخصة لدينا للإفراج عن الأموال عند استيفاء المعالم المحددة مسبقًا.</b></h5>\r\n\r\n<ul class=\"list list-2\">\r\n <li><b>المدفوعات العالمية المبسطة:</b> نحن نقدم مدفوعات إلى المستقلين في أكثر من 170 دولة.</li>\r\n <li><b>يشمل حماية الدفع:</b> ادفع فقط مقابل العمل الذي تأذن به.</li>\r\n <li><b>الفواتير والتقارير:</b> الوصول إلى فواتيرك وسجل المعاملات على Upwork.</li>\r\n</ul>\r\n</div>\r\n', 2, 'ar'),
('1686895374_1', 1, 'col-md-6 col-12 text-center', '<p><img alt=\"\" class=\"img-fluid\" src=\"./assets/default/images/works-1a.png\"></p>\r\n', 1, 'en'),
('1686895374_1', 1, 'col-md-6 col-12 text-center', '<p><img alt=\"\" class=\"img-fluid\" src=\"../assets/default/images/works-1a.png\"></p>\r\n', 1, 'ar'),
('1686895374_1', 2, 'col-md-6 col-12', '<div class=\"paragraph\">\r\n<h2 class=\"title\">Create An Account</h2>\r\n\r\n<h5>Upwork is a great place to find more clients, and to run and grow your own freelance business.</h5>\r\n\r\n<ul class=\"list list-2\">\r\n <li><b>Freedom to work on ideal projects:</b> On Upwork, you run your own business and choose your own clients and projects. Just complete your profile and we&#39;ll highlight ideal jobs. Also search projects, and respond to client invitations.</li>\r\n <li><b>Wide variety and high pay:</b> Clients are now posting jobs in hundreds of skill categories, paying top price for great work.</li>\r\n <li><b>More and more success:</b> The greater the success you have on projects, the more likely you are to get hired by clients that use Upwork.</li>\r\n</ul>\r\n</div>\r\n', 2, 'en'),
('1686895374_1', 2, 'col-md-6 col-12', '<div class=\"paragraph\">\r\n<h2 class=\"title\">إنشاء حساب</h2>\r\n\r\n<h5>Upwork هو مكان رائع للعثور على المزيد من العملاء ولإدارة وتنمية أعمالك المستقلة.</h5>\r\n\r\n<ul class=\"list list-2\">\r\n <li>حرية العمل في مشاريع مثالية: في Upwork ، تدير عملك الخاص وتختار العملاء والمشاريع الخاصة بك. فقط أكمل ملفك الشخصي وسنبرز الوظائف المثالية. ابحث أيضًا عن المشاريع واستجب لدعوات العملاء.</li>\r\n <li>تنوع كبير وأجور عالية: ينشر العملاء الآن وظائف في مئات من فئات المهارات ، ويدفعون أعلى سعر مقابل العمل الرائع.</li>\r\n <li>المزيد والمزيد من النجاح: كلما زاد نجاحك في المشاريع ، زادت احتمالية توظيفك من قبل العملاء الذين يستخدمون Upwork.</li>\r\n</ul>\r\n</div>\r\n', 2, 'ar'),
('1686895374_2', 1, 'col-md-6 col-12 order-md-2', '<p><img alt=\"\" class=\"img-fluid\" src=\"./assets/default/images/works-2a.png\"></p>\r\n', 1, 'en'),
('1686895374_2', 1, 'col-md-6 col-12 order-md-2', '<p><img alt=\"\" class=\"img-fluid\" src=\"../assets/default/images/works-2a.png\"></p>\r\n', 1, 'ar'),
('1686895374_2', 2, 'col-md-6 col-12 order-md-1', '<div class=\"paragraph\">\r\n<h2 class=\"title\">Search Jobs</h2>\r\n\r\n<h5>Upwork makes it easy to connect with clients and begin doing great work.</h5>\r\n\r\n<ul class=\"list list-2\">\r\n <li><b>Streamlined hiring:</b> Upwork&#39;s sophisticated algorithms highlight projects you&#39;re a great fit for.</li>\r\n <li><b>Top Rated and Rising Talent programs:</b> Enjoy higher visibility with the added status of prestigious programs.</li>\r\n <li><b>Do substantial work with top clients:</b> Upwork pricing encourages freelancers to use Upwork for repeat relationships with their clients.</li>\r\n</ul>\r\n</div>\r\n', 2, 'en'),
('1686895374_2', 2, 'col-md-6 col-12 order-md-1', '<div class=\"paragraph\">\r\n<h2 class=\"title\">بحث وظائف</h2>\r\n\r\n<h5>يجعل Upwork من السهل التواصل مع العملاء والبدء في القيام بعمل رائع.</h5>\r\n\r\n<ul class=\"list list-2\">\r\n <li>التوظيف المبسط: تسلط خوارزميات Upwork المتطورة الضوء على المشاريع التي تناسبك تمامًا. </li>\r\n <li>برامج المواهب الأعلى تقييمًا والصاعدة: تمتع برؤية أعلى مع الوضع الإضافي للبرامج المرموقة.</li>\r\n <li>قم بعمل كبير مع كبار العملاء: يشجع تسعير Upwork المستقلين على استخدام Upwork لتكرار العلاقات مع عملائهم.</li>\r\n</ul>\r\n</div>\r\n', 2, 'ar'),
('1686895374_3', 1, 'col-md-6 col-12', '<p><img alt=\"\" class=\"img-fluid\" src=\"./assets/default/images/works-3a.png\"></p>\r\n', 1, 'en'),
('1686895374_3', 1, 'col-md-6 col-12', '<p><img alt=\"\" class=\"img-fluid\" src=\"../assets/default/images/works-3a.png\"></p>\r\n', 1, 'ar'),
('1686895374_3', 2, 'col-md-6 col-12', '<div class=\"paragraph\">\r\n<h2 class=\"title\">Work efficiently, effectively.</h2>\r\n\r\n<h5>With Upwork, you have the freedom and flexibility to control when, where, and how you work. Each project includes an online workspace shared by you and your client, allowing you to:</h5>\r\n\r\n<ul class=\"list list-2\">\r\n <li><b>Send and receive files:</b> Deliver digital assets in a secure environment.</li>\r\n <li><b>Share feedback in real time:</b> Use Upwork Messages to communicate via text or chat.</li>\r\n</ul>\r\n\r\n<h5>How does Upwork&#39;s platform help me manage my work?</h5>\r\n\r\n<ul class=\"list list-2\">\r\n <li>Upwork provides a user-friendly platform to help you chat and share files, track your time, and get paid.</li>\r\n</ul>\r\n</div>\r\n', 2, 'en'),
('1686895374_3', 2, 'col-md-6 col-12', '<h2 class=\"title\">العمل بكفاءة وفعالية.</h2>\r\n\r\n<h5>مع Upwork ، لديك الحرية والمرونة للتحكم في وقت ومكان وكيفية عملك. يتضمن كل مشروع مساحة عمل عبر الإنترنت تشاركها أنت وعميلك ، مما يتيح لك:</h5>\r\n\r\n<ul class=\"list list-2\">\r\n <li><b>إرسال واستقبال الملفات:</b> تقديم الأصول الرقمية في بيئة آمنة.</li>\r\n <li><b>مشاركة التعليقات في الوقت الفعلي:</b> استخدم Upwork Messages للتواصل عبر الرسائل النصية أو الدردشة.</li>\r\n</ul>\r\n\r\n<h5>كيف تساعدني منصة Upwork في إدارة عملي؟</h5>\r\n\r\n<ul class=\"list list-2\">\r\n <li>يوفر Upwork نظامًا أساسيًا سهل الاستخدام لمساعدتك على الدردشة ومشاركة الملفات وتتبع وقتك وكسب المال.</li>\r\n</ul>\r\n', 2, 'ar'),
('1686895374_4', 1, 'col-md-6 col-12 order-md-2', '<p><img alt=\"\" class=\"img-fluid\" src=\"./assets/default/images/works-4a.png\"></p>\r\n', 1, 'en'),
('1686895374_4', 1, 'col-md-6 col-12 order-md-2', '<p><img alt=\"\" class=\"img-fluid\" src=\"../assets/default/images/works-4a.png\"></p>\r\n', 1, 'ar'),
('1686895374_4', 2, 'col-md-6 col-12 order-md-1', '<div class=\"paragraph\">\r\n<h2 class=\"title\">Get paid on time</h2>\r\n\r\n<h5>All projects include Upwork Payment Protection — helping ensure that you get paid for all work successfully completed through the freelancing website.</h5>\r\n\r\n<ul class=\"list list-2\">\r\n <li><b>All invoices and payments happen through Upwork:</b> Count on a simple and streamlined process.</li>\r\n <li><b>Hourly and fixed-price projects:</b> For hourly work, submit timesheets through Upwork. For fixed-price jobs, set milestones and funds are released via Upwork escrow features.</li>\r\n <li><b>Multiple payment options:</b> Choose a payment method that works best for you, from direct deposit or PayPal to wire transfer and more.</li>\r\n</ul>\r\n</div>\r\n', 2, 'en'),
('1686895374_4', 2, 'col-md-6 col-12 order-md-1', '<div class=\"paragraph\">\r\n<h2 class=\"title\">يتقاضون رواتبهم في الوقت المحدد</h2>\r\n\r\n<h5>تشتمل جميع المشاريع على Upwork Payment Protection - مما يساعد على ضمان حصولك على أموال مقابل جميع الأعمال المنجزة بنجاح من خلال موقع الويب المستقل.</h5>\r\n\r\n<ul class=\"list list-2\">\r\n <li><b>جميع الفواتير والمدفوعات تتم من خلال Upwork:</b> اعتمد على عملية بسيطة ومبسطة.</li>\r\n <li><b>المشاريع بالساعة والسعر الثابت:</b>للعمل كل ساعة ، أرسل الجداول الزمنية من خلال Upwork. بالنسبة للوظائف ذات السعر الثابت ، يتم تحرير المعالم الرئيسية والأموال عبر ميزات الضمان Upwork.</li>\r\n <li><b>خيارات دفع متعددة:</b> اختر طريقة الدفع التي تناسبك ، من الإيداع المباشر أو PayPal إلى التحويل البنكي والمزيد.</li>\r\n</ul>\r\n</div>\r\n', 2, 'ar'),
('1686910888_1', 1, 'col-sm-6', '<p data-reactid=\".242f7rynkoq.0.0.0.1.$paragraph-2\" role=\"introduction\">England&#39;s World Cup winner Ben Stokes will retire from one-day international cricket after Tuesday&#39;s series opener against South Africa in Durham.</p>\r\n\r\n<p data-reactid=\".242f7rynkoq.0.0.0.1.$paragraph-3.0\">The 31-year-old, who made his debut against Ireland in 2011, has scored 2,919 runs, including three centuries, and taken 74 wickets in 104 ODIs.</p>\r\n\r\n<p data-reactid=\".242f7rynkoq.0.0.0.1.$paragraph-4\">Stokes, who <a data-reactid=\".242f7rynkoq.0.0.0.1.$paragraph-4.$link-2\" href=\"https://www.bbc.co.uk/sport/cricket/61163496\" title=\"\">became Test captain</a> in April, will still play Twenty20 cricket as well as leading the red-ball side.</p>\r\n\r\n<p data-reactid=\".242f7rynkoq.0.0.0.1.$paragraph-5\">\"Three formats are just unsustainable for me now,\" said the all-rounder.</p>\r\n\r\n<p data-reactid=\".242f7rynkoq.0.0.0.1.$paragraph-6\">\"This has been an incredibly tough decision to make. I have loved every minute of playing with my mates for England. We have had an incredible journey on the way.\"</p>\r\n\r\n<p data-reactid=\".242f7rynkoq.0.0.0.1.$paragraph-7\">At one-day level, Stokes will best be remembered for his player-of-the-match performance in <a data-reactid=\".242f7rynkoq.0.0.0.1.$paragraph-7.$link-2\" href=\"https://www.bbc.co.uk/sport/cricket/48983890\" title=\"\">England&#39;s 2019 World Cup final win</a> over New Zealand at Lord&#39;s, with the left-hander making 84 not out to force a super over, which Eoin Morgan&#39;s side won on boundary countback.</p>\r\n\r\n<p data-reactid=\".242f7rynkoq.0.0.0.1.$paragraph-8\">He announced last week that he would <a data-reactid=\".242f7rynkoq.0.0.0.1.$paragraph-8.$link-2\" href=\"https://www.bbc.co.uk/sport/cricket/62181746\" title=\"\">miss this season&#39;s Hundred competition</a> to manage his workload, and was left out of England&#39;s T20 squad for the upcoming games against South Africa.</p>\r\n\r\n<p data-reactid=\".242f7rynkoq.0.0.0.1.$paragraph-9\">Stokes added: \"As hard as a decision as this was to come to, it&#39;s not as hard dealing with the fact I can&#39;t give my team-mates 100% of myself in this format any more. The England shirt deserves nothing less from anyone who wears it.</p>\r\n\r\n<p data-reactid=\".242f7rynkoq.0.0.0.1.$paragraph-10\">\"Not only do I feel that my body is letting me down because of the schedule and what is expected of us, but I also feel that I am taking the place of another player who can give Jos [Buttler, England&#39;s one-day captain] and the rest of the team their all. It&#39;s time for someone else to progress as a cricketer and make incredible memories like I have over the past 11 years.</p>\r\n\r\n<p data-reactid=\".242f7rynkoq.0.0.0.1.$paragraph-11\">\"I have loved all 104 games I have played so far, I&#39;ve got one more, and it feels amazing to be playing my last game at my home ground in Durham.</p>\r\n\r\n<p data-reactid=\".242f7rynkoq.0.0.0.1.$paragraph-12\">\"As always, the England fans have always been there for me and will continue to be there. You&#39;re the best fans in the world.\"</p>\r\n', 1, 'en'),
('1686910888_1', 1, 'col-sm-6', '<p>يعتزل بن ستوكس الفائز بكأس العالم الإنجليزي من ممارسة لعبة الكريكيت الدولية ليوم واحد بعد المباراة الافتتاحية يوم الثلاثاء ضد جنوب أفريقيا في دورهام.</p>\r\n\r\n<p>سجل اللاعب البالغ من العمر 31 عامًا ، والذي ظهر لأول مرة ضد أيرلندا في عام 2011 ، 2919 نقطة ، بما في ذلك ثلاثة قرون ، وحصل على 74 ويكيت في 104 نقطة انطلاق.</p>\r\n\r\n<p>ستوكس ، الذي أصبح قائد الاختبار في أبريل ، سيظل يلعب لعبة Twenty20 للكريكيت بالإضافة إلى قيادة فريق الكرة الحمراء.</p>\r\n\r\n<p>\"ثلاثة تنسيقات غير مستدامة بالنسبة لي الآن ،\" قال الجميع.</p>\r\n\r\n<p>\"لقد كان هذا قرارًا صعبًا بشكل لا يصدق. لقد أحببت كل دقيقة من اللعب مع زملائي في إنجلترا. لقد كانت لدينا رحلة رائعة في الطريق.\"</p>\r\n\r\n<p>على مستوى اليوم الواحد ، سيبقى ذكرى ستوكس أفضل من حيث أدائه كأفضل لاعب في المباراة في فوز إنجلترا في نهائيات كأس العالم 2019 على نيوزيلندا على ملعب لوردز ، حيث لم يخرج صاحب اليد اليسرى بفارق 84 مرة ، وهو ما فاز فريق Eoin Morgan في عد الحدود.</p>\r\n\r\n<p>أعلن الأسبوع الماضي أنه سيغيب عن مسابقة Hundred لهذا الموسم لإدارة عبء العمل ، وتم استبعاده من تشكيلة T20 في إنجلترا للمباريات القادمة ضد جنوب إفريقيا.</p>\r\n\r\n<p>وأضاف ستوكس: \"على الرغم من صعوبة اتخاذ هذا القرار ، إلا أنه ليس من الصعب التعامل مع حقيقة أنني لا أستطيع إعطاء زملائي في الفريق 100٪ من نفسي بهذا الشكل بعد الآن. قميص إنجلترا لا يستحق أقل من ذلك. لمن يرتديه.</p>\r\n\r\n<p>\"لا أشعر فقط أن جسدي يخذلني بسبب الجدول الزمني وما هو متوقع منا ، ولكني أشعر أيضًا أنني آخذ مكان لاعب آخر يمكنه منح جوس [باتلر ، قائد إنجلترا ليوم واحد] وبقية أعضاء الفريق كلهم. لقد حان الوقت لشخص آخر ليتقدم كلاعب كريكيت ويصنع ذكريات رائعة مثل ذكرياتي على مدى السنوات الـ 11 الماضية.</p>\r\n\r\n<p>\"لقد أحببت جميع المباريات الـ 104 التي لعبتها حتى الآن ، ولدي واحدة أخرى ، ومن الرائع أن ألعب آخر مباراة لي على أرض منزلي في دورهام.</p>\r\n\r\n<p>\"كما هو الحال دائمًا ، كانت جماهير إنجلترا دائمًا موجودة من أجلي وستستمر في التواجد هناك. أنت أفضل المشجعين في العالم.\"</p>\r\n', 1, 'ar'),
('1686911837_1', 1, 'col-sm-6', '<p>Lorem Ipsum is simply dummy text of the printing and typesetting industry. Lorem Ipsum has been the industry&#39;s standard dummy text ever since the 1500s, when an unknown printer took a galley of type and scrambled it to make a type specimen book. It has survived not only five centuries, but also the leap into electronic typesetting, remaining essentially unchanged. It was popularised in the 1960s with the release of Letraset sheets containing Lorem Ipsum passages, and more recently with desktop publishing software like Aldus PageMaker including versions of Lorem Ipsum</p>\r\n', 1, 'en'),
('1686911837_1', 1, 'col-sm-6', '<p>لوريم إيبسوم هو ببساطة نص شكلي يستخدم في صناعة الطباعة والتنضيد. كان Lorem Ipsum هو النص الوهمي القياسي في الصناعة منذ القرن الخامس عشر الميلادي ، عندما أخذت طابعة غير معروفة لوحًا من النوع وتدافعت عليه لعمل كتاب عينة. لقد صمد ليس فقط لخمسة قرون ، ولكن أيضًا القفزة في التنضيد الإلكتروني ، وظل دون تغيير جوهري. تم نشره في الستينيات من القرن الماضي بإصدار أوراق Letraset التي تحتوي على مقاطع Lorem Ipsum ، ومؤخرًا مع برامج النشر المكتبي مثل Aldus PageMaker بما في ذلك إصدارات Lorem Ipsum</p>\r\n', 1, 'ar'),
('1686911837_1', 2, 'col-sm-6', '<p>Lorem Ipsum is simply dummy text of the printing and typesetting industry. Lorem Ipsum has been the industry&#39;s standard dummy text ever since the 1500s, when an unknown printer took a galley of type and scrambled it to make a type specimen book. It has survived not only five centuries, but also the leap into electronic typesetting, remaining essentially unchanged. It was popularised in the 1960s with the release of Letraset sheets containing Lorem Ipsum passages, and more recently with desktop publishing software like Aldus PageMaker including versions of Lorem Ipsum</p>\r\n', 2, 'en'),
('1686911837_1', 2, 'col-sm-6', '<p>لوريم إيبسوم هو ببساطة نص شكلي يستخدم في صناعة الطباعة والتنضيد. كان Lorem Ipsum هو النص الوهمي القياسي في الصناعة منذ القرن الخامس عشر الميلادي ، عندما أخذت طابعة غير معروفة لوحًا من النوع وتدافعت عليه لعمل كتاب عينة. لقد صمد ليس فقط لخمسة قرون ، ولكن أيضًا القفزة في التنضيد الإلكتروني ، وظل دون تغيير جوهري. تم نشره في الستينيات من القرن الماضي بإصدار أوراق Letraset التي تحتوي على مقاطع Lorem Ipsum ، ومؤخرًا مع برامج النشر المكتبي مثل Aldus PageMaker بما في ذلك إصدارات Lorem Ipsum</p>\r\n', 2, 'ar'),
('1686911837_2', 1, NULL, '<section class=\"section\">\r\n<div class=\"container\">\r\n<p><strong>Lorem Ipsum</strong> is simply dummy text of the printing and typesetting industry. Lorem Ipsum has been the industry&#39;s standard dummy text ever since the 1500s, when an unknown printer took a galley of type and scrambled it to make a type specimen book. It has survived not only five centuries, but also the leap into electronic typesetting, remaining essentially unchanged. It was popularised in the 1960s with the release of Letraset sheets containing Lorem Ipsum passages, and more recently with desktop publishing software like Aldus PageMaker including versions of Lorem Ipsum.</p>\r\n</div>\r\n</section>\r\n', 1, 'en'),
('1686911837_2', 1, NULL, '<p>لوريم إيبسوم هو ببساطة نص شكلي يستخدم في صناعة الطباعة والتنضيد. كان Lorem Ipsum هو النص الوهمي القياسي في الصناعة منذ القرن الخامس عشر الميلادي ، عندما أخذت طابعة غير معروفة لوحًا من النوع وتدافعت عليه لعمل كتاب عينة. لقد صمد ليس فقط لخمسة قرون ، ولكن أيضًا القفزة في التنضيد الإلكتروني ، وظل دون تغيير جوهري. تم نشره في الستينيات من القرن الماضي بإصدار أوراق Letraset التي تحتوي على مقاطع Lorem Ipsum ، ومؤخرًا مع برامج النشر المكتبي مثل Aldus PageMaker بما في ذلك إصدارات Lorem Ipsum</p>\r\n', 1, 'ar'),
('1686911837_3', 1, NULL, '<section class=\"section\">\r\n<div class=\"container\">\r\n<p><strong>Lorem Ipsum</strong> is simply dummy text of the printing and typesetting industry. Lorem Ipsum has been the industry&#39;s standard dummy text ever since the 1500s, when an unknown printer took a galley of type and scrambled it to make a type specimen book. It has survived not only five centuries, but also the leap into electronic typesetting, remaining essentially unchanged. It was popularised in the 1960s with the release of Letraset sheets containing Lorem Ipsum passages, and more recently with desktop publishing software like Aldus PageMaker including versions of Lorem Ipsum.</p>\r\n</div>\r\n</section>\r\n', 1, 'en'),
('1686911837_3', 1, NULL, '<p>لوريم إيبسوم هو ببساطة نص شكلي يستخدم في صناعة الطباعة والتنضيد. كان Lorem Ipsum هو النص الوهمي القياسي في الصناعة منذ القرن الخامس عشر الميلادي ، عندما أخذت طابعة غير معروفة لوحًا من النوع وتدافعت عليه لعمل كتاب عينة. لقد صمد ليس فقط لخمسة قرون ، ولكن أيضًا القفزة في التنضيد الإلكتروني ، وظل دون تغيير جوهري. تم نشره في الستينيات من القرن الماضي بإصدار أوراق Letraset التي تحتوي على مقاطع Lorem Ipsum ، ومؤخرًا مع برامج النشر المكتبي مثل Aldus PageMaker بما في ذلك إصدارات Lorem Ipsum</p>\r\n', 1, 'ar'),
('1686911837_4', 1, NULL, '<div class=\"how-box\">\r\n<div class=\"how-steps\">\r\n<h2>01</h2>\r\n</div>\r\n\r\n<div class=\"how-box-icon\"><img alt=\"cat_2\" src=\"http://localhost/upwork/assets/default/images/icon_job.png\"></div>\r\n\r\n<h3>Post A Job</h3>\r\n\r\n<p>Neque porro quisquam est, qui dolorem ipsum quia dolor sit amet consectetur adipisci velit, sed quia non numquam eius.</p>\r\n</div>\r\n', 1, 'en'),
('1686911837_4', 1, NULL, '<p> </p>\r\n\r\n<div class=\"how-box\"> \r\n<div class=\"how-steps\"> \r\n<h2>01</h2>\r\n</div>\r\n\r\n<p> </p>\r\n\r\n<p> </p>\r\n\r\n<div class=\"how-box-icon\"><img alt=\"cat_2\" src=\"./upwork/assets/default/images/icon_job.png\"></div>\r\n\r\n<p> </p>\r\n\r\n<p>انشر وظيفة</p>\r\n\r\n<p>كما أنه لا يوجد أي شخص ينتمي إلى ، وألم أولئك الذين سيجلسون بهدوء على عاتقهم بمفردهم ، والتي ترغب في الحصول عليها ، ولكن أيضًا لأنه لا يمكن ربطهم أبدًا.</p>\r\n</div>\r\n', 1, 'ar');

-- --------------------------------------------------------

--
-- Table structure for table `pref_commission_slab`
--

CREATE TABLE `pref_commission_slab` (
  `commission_slab_id` int(11) NOT NULL,
  `min_value` int(10) UNSIGNED NOT NULL,
  `max_value` int(10) UNSIGNED NOT NULL,
  `commission_percent` float(10,2) NOT NULL,
  `display_order` int(11) NOT NULL,
  `status` tinyint(1) NOT NULL
) ENGINE=InnoDB DEFAULT CHARSET=latin1;

--
-- Dumping data for table `pref_commission_slab`
--

INSERT INTO `pref_commission_slab` (`commission_slab_id`, `min_value`, `max_value`, `commission_percent`, `display_order`, `status`) VALUES
(1, 0, 1000, 20.00, 1, 1),
(2, 1001, 5000, 15.00, 2, 1),
(3, 5001, 10000, 10.00, 3, 1);

-- --------------------------------------------------------

--
-- Table structure for table `pref_contact`
--

CREATE TABLE `pref_contact` (
  `contact_id` int(11) NOT NULL,
  `inquiry` varchar(255) NOT NULL,
  `email` varchar(100) NOT NULL,
  `description` text CHARACTER SET utf8 NOT NULL,
  `attachment` varchar(255) CHARACTER SET utf8 NOT NULL,
  `date` date NOT NULL,
  `replied` tinyint(4) NOT NULL,
  `reply_message` text CHARACTER SET utf8 NOT NULL
) ENGINE=InnoDB DEFAULT CHARSET=latin1;

--
-- Dumping data for table `pref_contact`
--

INSERT INTO `pref_contact` (`contact_id`, `inquiry`, `email`, `description`, `attachment`, `date`, `replied`, `reply_message`) VALUES
(1, 'request-advertisement', 'bishukumar007@gmail.com', 'Contrary to popular belief, Lorem Ipsum is not simply random text. It has roots in a piece of classical Latin literature from 45 BC, making it over 2000 years old. Richard McClintock, a Latin professor at Hampden-Sydney College in Virginia, looked up one of the more obscure Latin words, consectetur, from a Lorem Ipsum passage, and going through the cites of the word in classical literature, discovered the undoubtable source. Lorem Ipsum comes from sections 1.10.32 and 1.10.33 of \"de Finibus Bonorum et Malorum\" (The Extremes of Good and Evil) by Cicero, written in 45 BC. This book is a treatise on the theory of ethics, very popular during the Renaissance. The first line of Lorem Ipsum, \"Lorem ipsum dolor sit amet..\", comes from a line in section 1.10.32.  The standard chunk of Lorem Ipsum used since the 1500s is reproduced below for those interested. Sections 1.10.32 and 1.10.33 from \"de Finibus Bonorum et Malorum\" by Cicero are also reproduced in their exact original form, accompanied by English versions from the 1914 translation by H. Rackham.', '', '2019-10-26', 1, 'Some demo content message for testing purpose'),
(2, 'mobiles-and-tablets', 'bishukumar007@gmail.com', 'Some demo description for testingp urpose', '', '2019-10-26', 1, 'Some demo reply message for testing purpose'),
(3, 'Test inquiry', 'asish9735@gmail.com', 'Please enter the details of your request. A member of our support staff will respond as soon as possible.', 'a4ebf8f0c3d5b1911264eae119f8bd6f.png', '2020-01-10', 0, ''),
(4, 'Test inquiry', 'asish9735@gmail.com', 'Please enter the details of your request. A member of our support staff will respond as soon as possible.', '556d89a577b19d15cd17e6b6f672050d.png', '2020-01-10', 0, ''),
(5, 'What is your inquiry about? *', 'asish9735@gmail.com', 'Please enter the details of your request. A member of our support staff will respond as soon as possible.', 'c439b32b5df471979cace3fb8be74781.png', '2020-01-10', 1, 'This is a test Reply from local server'),
(6, 'how this work. ', 'test1@gmail.com', 'Please enter the details of your request. A member of our support staff will respond as soon as possible. Please enter the details of your request. A member of our support staff will respond as soon as possible. Please enter the details of your request. A member of our support staff will respond as soon as possible. Please enter the details of your request. A member of our support staff will respond as soon as possible. Please enter the details of your request. A member of our support staff will respond as soon as possible. Please enter the details of your request. A member of our support staff will respond as soon as possible. Please enter the details of your request. A member of our support staff will respond as soon as possible. Please enter the details of your request. A member of our support staff will respond as soon as possible. Please enter the details of your request. A member of our support staff will respond as soon as possible. Please enter the details of your request. A member of our support staff will respond as soon as possible. Please enter the details of your request. A member of our support staff will respond as soon as possible. ', 'bac6ff755e0c7bdeb45e18d1a8d12c15.png', '2022-09-02', 0, ''),
(7, 'how this work. ', 'test1@gmail.com', 'is this ok?\r\n', '', '2022-09-02', 0, ''),
(8, 'about project', 'abc@rediffmail.com', 'qrsewtdry', 'db278a3377fed3c4f9eadc79ce426226.pdf', '2023-02-02', 0, ''),
(9, 'sedty', 'xyz@yahoomail.com', 'hfwsegfsg', '2a2a518f0d58cf2bdd9ea31ad1b09d65.jpg', '2023-02-02', 0, ''),
(10, 'WebSite Development', 'xyz@rediffmail.com', 'fdgbflhzdgcxf fdnhbvgmnbnh', 'a6570162519402351b8caca762e08d05.pdf', '2023-02-03', 0, ''),
(11, 'test', 'asish9735@gmal.com', 'fgg', '7ae69c6d231a0ba3f9ba6052250e0e63.png', '2023-05-17', 0, '');

-- --------------------------------------------------------

--
-- Table structure for table `pref_content`
--

CREATE TABLE `pref_content` (
  `content_id` int(11) NOT NULL,
  `content_slug` varchar(255) NOT NULL,
  `status` tinyint(4) NOT NULL
) ENGINE=InnoDB DEFAULT CHARSET=utf8;

--
-- Dumping data for table `pref_content`
--

INSERT INTO `pref_content` (`content_id`, `content_slug`, `status`) VALUES
(1, 'about-us', 1),
(2, 'terms-and-conditions', 1),
(3, 'refund-policy', 1),
(4, 'pricing-and-promotions-policy', 1),
(5, 'knowledge-bank', 1),
(6, 'info', 1),
(7, 'privacy-policy', 1),
(8, 'about-us-new', 1),
(9, 'about-us-new-n', 1),
(10, 'about-us-new-n-n', 1),
(11, 'how-it-works', 1),
(12, 'how-it-works-freelancer', 1),
(13, 'how-it-works-employer', 1),
(14, 'Tester', 0),
(15, 'our-services', 1),
(16, 'user-agreement', 1);

-- --------------------------------------------------------

--
-- Table structure for table `pref_content_names`
--

CREATE TABLE `pref_content_names` (
  `content_id` int(11) NOT NULL,
  `lang` varchar(10) NOT NULL,
  `title` varchar(255) NOT NULL,
  `content` text NOT NULL,
  `meta_title` varchar(255) NOT NULL,
  `meta_keys` varchar(255) NOT NULL,
  `meta_description` text NOT NULL
) ENGINE=InnoDB DEFAULT CHARSET=utf8;

--
-- Dumping data for table `pref_content_names`
--

INSERT INTO `pref_content_names` (`content_id`, `lang`, `title`, `content`, `meta_title`, `meta_keys`, `meta_description`) VALUES
(9, 'en', 'About us', '<p>Content (en) cc</p>', 'Meta Title (en)', 'Meta Keys (en)', 'Meta Description (en)'),
(9, 'ar', 'معلومات عنا', '<p>محتوى نسخة</p>', 'عنوان التعريف (ar)', 'مفاتيح التعريف', 'وصف ميتا (ar)'),
(8, 'en', 'About us', '<p>Content (en) ddf</p>', 'Meta Title (en)', 'Meta Keys (en)', 'Meta Description (en)'),
(8, 'ar', 'معلومات عنا', '<p>المحتوى (ar) ddf</p>', 'Meta Title (ar)', 'ميتا كيز (ar)', 'وصف ميتا (ar)'),
(7, 'en', 'Privacy Policy', '<p>Privacy Policy</p>', 'Privacy Policy', 'Privacy Policy', 'Privacy Policy'),
(7, 'ar', 'سياسة الخصوصية', '<p>سياسة الخصوصية</p>', 'سياسة الخصوصية', 'سياسة الخصوصية', 'سياسة الخصوصية'),
(6, 'en', 'Info', '<p><strong>Lorem Ipsum</strong> is simply dummy text of the printing and typesetting industry. Lorem Ipsum has been the industry&#39;s standard dummy text ever since the 1500s, when an unknown printer took a galley of type and scrambled it to make a type specimen book. It has survived not only five centuries, but also the leap into electronic typesetting, remaining essentially unchanged. It was popularised in the 1960s with the release of Letraset sheets containing Lorem Ipsum passages, and more recently with desktop publishing software like Aldus PageMaker including versions of Lorem Ipsum.</p>', 'info', 'info', 'info'),
(6, 'ar', 'معلومات', '<p>لوريم إيبسوم هو ببساطة نص شكلي يستخدم في صناعة الطباعة والتنضيد. كان Lorem Ipsum هو النص الوهمي القياسي في الصناعة منذ القرن الخامس عشر الميلادي ، عندما أخذت طابعة غير معروفة لوحًا من النوع وتدافعت عليه لعمل كتاب عينة. لقد صمد ليس فقط لخمسة قرون ، ولكن أيضًا القفزة في التنضيد الإلكتروني ، وظل دون تغيير جوهري. تم نشره في الستينيات من القرن الماضي مع إصدار أوراق Letraset التي تحتوي على مقاطع Lorem Ipsum ، ومؤخرًا مع برامج النشر المكتبي مثل Aldus PageMaker بما في ذلك إصدارات Lorem Ipsum.</p>', 'معلومات', 'معلومات', 'معلومات'),
(5, 'en', 'KNOWLEDGE BANK', '<p>KNOWLEDGE BANK FOR GIGTODOKNOWLEDGE BANK FOR GIGTODOKNOWLEDGE BANK FOR GIGTODO</p>', 'KNOWLEDGE BANK', 'KNOWLEDGE BANK', 'KNOWLEDGE BANK'),
(5, 'ar', 'بنك المعرفة', '<p>بنك المعرفة لـ GIGTODOKNOWLEDGE BANK FOR GIGTODOKNOWLEDGE BANK FOR GIGTODO</p>', 'بنك المعرفة', 'بنك المعرفة', 'بنك المعرفة'),
(4, 'en', 'Pricing And Promotions Policy', '<p><strong>Lorem Ipsum</strong> is simply dummy text of the printing and typesetting industry. Lorem Ipsum has been the industry&#39;s standard dummy text ever since the 1500s, when an unknown printer took a galley of type and scrambled it to make a type specimen book. It has survived not only five centuries, but also the leap into electronic typesetting, remaining essentially unchanged. It was popularised in the 1960s with the release of Letraset sheets containing Lorem Ipsum passages, and more recently with desktop publishing software like Aldus PageMaker including versions of Lorem Ipsum.</p>', 'Pricing And Promotions Policy', 'Pricing And Promotions Policy', 'Pricing And Promotions Policy'),
(4, 'ar', 'سياسة التسعير والعروض الترويجية', '<p>لوريم إيبسوم هو ببساطة نص شكلي يستخدم في صناعة الطباعة والتنضيد. كان Lorem Ipsum هو النص الوهمي القياسي في الصناعة منذ القرن الخامس عشر الميلادي ، عندما أخذت طابعة غير معروفة لوحًا من النوع وتدافعت عليه لعمل كتاب عينة. لقد صمد ليس فقط لخمسة قرون ، ولكن أيضًا القفزة في التنضيد الإلكتروني ، وظل دون تغيير جوهري. تم نشره في الستينيات من القرن الماضي مع إصدار أوراق Letraset التي تحتوي على مقاطع Lorem Ipsum ، ومؤخرًا مع برامج النشر المكتبي مثل Aldus PageMaker بما في ذلك إصدارات Lorem Ipsum.</p>', 'سياسة التسعير والعروض الترويجية', 'سياسة التسعير والعروض الترويجية', 'سياسة التسعير والعروض الترويجية'),
(2, 'en', 'Terms And Conditions', '<p><strong>Lorem Ipsum</strong> is simply dummy text of the printing and typesetting industry. Lorem Ipsum has been the industry&#39;s standard dummy text ever since the 1500s, when an unknown printer took a galley of type and scrambled it to make a type specimen book. It has survived not only five centuries, but also the leap into electronic typesetting, remaining essentially unchanged. It was popularised in the 1960s with the release of Letraset sheets containing Lorem Ipsum passages, and more recently with desktop publishing software like Aldus PageMaker including versions of Lorem Ipsum.</p>', 'Terms And Conditions', 'Terms And Conditions', 'Terms And Conditions'),
(2, 'ar', 'الأحكام والشروط', '<p>لوريم إيبسوم هو ببساطة نص شكلي يستخدم في صناعة الطباعة والتنضيد. كان Lorem Ipsum هو النص الوهمي القياسي في الصناعة منذ القرن الخامس عشر الميلادي ، عندما أخذت طابعة غير معروفة لوحًا من النوع وتدافعت عليه لعمل كتاب عينة. لقد صمد ليس فقط لخمسة قرون ، ولكن أيضًا القفزة في التنضيد الإلكتروني ، وظل دون تغيير جوهري. تم نشره في الستينيات من القرن الماضي مع إصدار أوراق Letraset التي تحتوي على مقاطع Lorem Ipsum ، ومؤخرًا مع برامج النشر المكتبي مثل Aldus PageMaker بما في ذلك إصدارات Lorem Ipsum.</p>', 'الأحكام والشروط', 'الأحكام والشروط', 'الأحكام والشروط'),
(14, 'en', 'Tester', '<p> </p>\r\n\r\n<p>Lorem ipsum dolor sit amet consectetur adipiscing elit tempor, mollis scelerisque sodales quam cum sagittis massa augue pretium, duis eleifend tempus natoque mus mi odio. Libero erat aliquet egestas duis scelerisque lacus mi et orci, fringilla dui etiam cursus aenean purus senectus feugiat, sed leo habitant nulla faucibus pretium justo interdum. Placerat orci nulla praesent nisl posuere auctor sapien vulputate luctus arcu, facilisis nascetur molestie varius hac scelerisque curabitur eleifend magna libero lobortis, rutrum vivamus quis sagittis purus nec eros netus phasellus. Erat ante donec urna sem praesent habitasse nulla cubilia per lacinia, ad facilisis cum rutrum iaculis nascetur velit lobortis dui dictumst, dictum vivamus congue varius massa a risus vestibulum non. Augue metus auctor dapibus pharetra mauris at fringilla suspendisse ut, nisi scelerisque sapien eleifend erat proin non cubilia, ante tincidunt morbi tortor libero odio class malesuada. Ornare hendrerit tincidunt cum class curabitur tellus mi sagittis, fringilla eleifend magnis varius dignissim lectus hac, habitant cursus sodales erat nulla facilisi morbi. Molestie accumsan donec tristique congue interdum curae maecenas sollicitudin consequat volutpat laoreet orci cras non convallis, eu luctus tincidunt hac etiam dui parturient tortor potenti per egestas sed rutrum.</p>\r\n\r\n<p>Dignissim vivamus vel quisque suspendisse urna praesent placerat commodo duis, ac enim auctor cubilia inceptos malesuada est egestas at, molestie metus accumsan ligula penatibus himenaeos nibh ridiculus. Erat phasellus suscipit aenean suspendisse dignissim euismod hendrerit scelerisque, quam facilisi tortor non semper auctor pretium, tempor lacinia egestas morbi torquent mus augue. Litora vestibulum ligula ad risus lectus placerat dui interdum volutpat, aptent semper faucibus metus hac ridiculus tristique auctor, at enim dictumst montes cubilia parturient quam fermentum. Ac ut curae class tempor commodo eget torquent venenatis, aptent condimentum ullamcorper aenean inceptos platea eros est facilisis, massa euismod porttitor ante donec suscipit mi.</p>\r\n\r\n<p>Congue et purus posuere odio elementum eros est magnis luctus tortor mollis sem enim nibh, inceptos aenean blandit iaculis netus euismod nam aliquam commodo scelerisque vitae ac tellus. Enim netus sodales ac facilisi commodo penatibus dapibus inceptos volutpat, placerat convallis nascetur integer in felis tortor lectus natoque, condimentum purus sem magnis urna praesent mus leo. Aliquet sociosqu sagittis vulputate praesent netus gravida mus, nostra a sodales euismod leo vivamus nulla cras, neque pellentesque lacus ligula feugiat laoreet. Et scelerisque hendrerit habitant lectus pharetra inceptos, accumsan morbi ornare vehicula rutrum, quisque non bibendum maecenas vel.</p>\r\n\r\n<p>Nam taciti bibendum vivamus porttitor inceptos vulputate cubilia massa integer curae justo, vestibulum blandit rutrum sodales ultricies tortor rhoncus sapien convallis hac, porta fusce accumsan dapibus netus felis nascetur purus donec faucibus. Lacinia molestie condimentum parturient ultricies facilisi eleifend phasellus id, metus eget cubilia quis ullamcorper aliquam neque pulvinar, rhoncus dui placerat pellentesque primis volutpat natoque. Consequat tempor cursus convallis vivamus massa diam montes dictum aliquam bibendum aliquet suscipit, tortor per neque fringilla rhoncus felis phasellus orci ad congue in eleifend, nisi arcu ac taciti nullam magnis volutpat porta sollicitudin morbi eget. Faucibus varius platea felis fringilla facilisi aenean luctus, fermentum nascetur diam magnis condimentum tortor in, vel fusce ut sociis aliquam iaculis. Quisque nibh habitasse sociis non platea lobortis senectus turpis ante, molestie himenaeos per elementum mauris praesent vestibulum habitant, vivamus metus sagittis cum at tristique facilisis montes.</p>\r\n\r\n<p>Nascetur accumsan cubilia suscipit mauris lacus venenatis maecenas est, sociis ornare lobortis etiam hac faucibus odio lacinia, mattis facilisi fringilla sodales vulputate arcu turpis. Pulvinar aliquam nullam risus consequat ac a libero ultricies, natoque felis dictumst nostra at est cum, magna integer fermentum maecenas pharetra urna dui. Viverra natoque vulputate turpis risus penatibus nisi vehicula, a netus ut per aliquet hac vivamus massa, sapien facilisi laoreet scelerisque mi etiam. Et dui nam in inceptos natoque conubia aliquam, sollicitudin justo interdum quisque mattis cubilia, facilisis donec vel phasellus elementum ac. Penatibus tristique tempus porta maecenas quisque enim posuere rutrum nisl, id condimentum donec sagittis congue elementum torquent viverra faucibus turpis, litora fringilla quis sodales montes morbi urna vestibulum. Ultrices tempor cras odio aptent rhoncus condimentum aenean pretium, sodales fames iaculis hac dis duis fringilla natoque, mattis lectus facilisi est maecenas ante quam. Aliquet nulla nibh feugiat platea magna ultrices fusce, netus ut fermentum vestibulum integer volutpat inceptos, arcu sapien faucibus varius conubia cum.</p>\r\n\r\n<p>Curabitur enim arcu volutpat eget felis eu maecenas ornare pellentesque velit nibh, dui gravida tellus quam luctus taciti duis viverra cubilia blandit dictum aliquet, eros magna imperdiet malesuada aenean conubia hac dignissim facilisis fames. Auctor nisl vestibulum interdum nullam mi nunc cubilia inceptos porttitor cursus, conubia ullamcorper consequat magna cras sem neque ut nascetur id eu, sollicitudin faucibus ridiculus leo nibh fermentum imperdiet tortor integer. Litora ridiculus enim gravida curae morbi per lectus praesent pellentesque, eros nostra viverra pulvinar sapien iaculis erat ut, dictum class quis elementum nascetur commodo nunc purus. Consequat nam aptent mattis vehicula habitasse class id, mi fusce rhoncus et sagittis orci, dictumst suscipit dignissim cum per velit. Tortor nullam eget litora arcu sed malesuada quis ad iaculis praesent, dui feugiat aliquam turpis velit dis eu urna commodo at mattis, pulvinar tincidunt augue suscipit porttitor luctus viverra varius suspendisse. Cursus hendrerit nibh fermentum convallis mollis risus ultrices dictum mauris, justo ut aenean purus maecenas torquent habitasse tincidunt, senectus sem felis malesuada metus congue facilisis fringilla.</p>\r\n\r\n<p>Sed eros per cursus purus consequat potenti a et fermentum bibendum, sem habitant proin quis malesuada lacus curae gravida ornare, sapien imperdiet tempor inceptos turpis aliquet sociis augue molestie.</p>\r\n\r\n<p>Dis penatibus auctor ullamcorper cubilia arcu phasellus luctus mus lacinia fringilla, eu metus massa venenatis imperdiet donec dictumst potenti et hac, etiam nullam quis ultricies faucibus convallis felis curabitur risus. Nascetur morbi ultrices mollis at felis aptent lobortis imperdiet lectus magnis sociis, ante primis ullamcorper sollicitudin ut sed luctus facilisis suscipit. Sociis at malesuada sagittis rutrum condimentum tincidunt blandit suspendisse, bibendum nullam nam tortor facilisi odio dui, magna lacus ante maecenas volutpat aenean porta. Eget vulputate quisque turpis libero interdum torquent, commodo volutpat vitae class viverra varius, maecenas euismod porttitor augue non. Faucibus eget congue suspendisse donec, inceptos arcu eu, quis auctor nam. Purus sapien tempus porta phasellus etiam nam ridiculus, habitant rhoncus integer pharetra lobortis vitae venenatis, laoreet tincidunt nascetur tristique maecenas senectus.</p>\r\n\r\n<p>Iaculis habitasse lacinia viverra nibh tempor erat tincidunt penatibus praesent enim, ridiculus eu litora velit netus integer tortor leo ad, lectus ullamcorper dictum platea congue libero odio phasellus consequat. Sociis lobortis auctor porttitor primis ligula cursus massa est, nibh in tempor potenti magnis vestibulum eget sollicitudin torquent, odio aliquam tellus fringilla eros leo et. Ut volutpat natoque mus hac nunc quis, felis condimentum tellus conubia luctus fermentum magna, bibendum primis posuere mauris ac.</p>\r\n\r\n<p>Posuere vitae massa ultricies bibendum cursus pellentesque cras lobortis lacus, semper conubia curae dis fames nostra per. Class condimentum scelerisque tortor fusce hendrerit nunc id iaculis et at, elementum felis eget lectus turpis nisi ultrices dui. Gravida quam parturient volutpat ultricies cubilia, nascetur turpis laoreet aptent molestie curabitur, praesent etiam integer a. Dis natoque euismod sociis congue sollicitudin porta lectus posuere, per nullam ad fermentum class et duis interdum, sociosqu egestas mattis est leo bibendum quis. Vulputate nascetur sociis fringilla nam leo metus ante magna natoque pulvinar, non netus euismod curae fermentum molestie ultricies sagittis bibendum litora, himenaeos erat sapien eleifend rutrum massa turpis sed nec. Fusce dictum ante urna ullamcorper nibh aliquet sociosqu tempus, praesent ligula suspendisse conubia sollicitudin mus sed duis, convallis arcu cum vel tortor turpis ac, bibendum dui nascetur consequat nisi quam libero.</p>\r\n\r\n<p> </p>', 'erty', 'erty', 'erty'),
(14, 'ar', 'erty', '<p> </p>\r\n\r\n<p>Lorem ipsum dolor sit amet consectetur adipiscing elit tempor, mollis scelerisque sodales quam cum sagittis massa augue pretium, duis eleifend tempus natoque mus mi odio. Libero erat aliquet egestas duis scelerisque lacus mi et orci, fringilla dui etiam cursus aenean purus senectus feugiat, sed leo habitant nulla faucibus pretium justo interdum. Placerat orci nulla praesent nisl posuere auctor sapien vulputate luctus arcu, facilisis nascetur molestie varius hac scelerisque curabitur eleifend magna libero lobortis, rutrum vivamus quis sagittis purus nec eros netus phasellus. Erat ante donec urna sem praesent habitasse nulla cubilia per lacinia, ad facilisis cum rutrum iaculis nascetur velit lobortis dui dictumst, dictum vivamus congue varius massa a risus vestibulum non. Augue metus auctor dapibus pharetra mauris at fringilla suspendisse ut, nisi scelerisque sapien eleifend erat proin non cubilia, ante tincidunt morbi tortor libero odio class malesuada. Ornare hendrerit tincidunt cum class curabitur tellus mi sagittis, fringilla eleifend magnis varius dignissim lectus hac, habitant cursus sodales erat nulla facilisi morbi. Molestie accumsan donec tristique congue interdum curae maecenas sollicitudin consequat volutpat laoreet orci cras non convallis, eu luctus tincidunt hac etiam dui parturient tortor potenti per egestas sed rutrum.</p>\r\n\r\n<p>Dignissim vivamus vel quisque suspendisse urna praesent placerat commodo duis, ac enim auctor cubilia inceptos malesuada est egestas at, molestie metus accumsan ligula penatibus himenaeos nibh ridiculus. Erat phasellus suscipit aenean suspendisse dignissim euismod hendrerit scelerisque, quam facilisi tortor non semper auctor pretium, tempor lacinia egestas morbi torquent mus augue. Litora vestibulum ligula ad risus lectus placerat dui interdum volutpat, aptent semper faucibus metus hac ridiculus tristique auctor, at enim dictumst montes cubilia parturient quam fermentum. Ac ut curae class tempor commodo eget torquent venenatis, aptent condimentum ullamcorper aenean inceptos platea eros est facilisis, massa euismod porttitor ante donec suscipit mi.</p>\r\n\r\n<p>Congue et purus posuere odio elementum eros est magnis luctus tortor mollis sem enim nibh, inceptos aenean blandit iaculis netus euismod nam aliquam commodo scelerisque vitae ac tellus. Enim netus sodales ac facilisi commodo penatibus dapibus inceptos volutpat, placerat convallis nascetur integer in felis tortor lectus natoque, condimentum purus sem magnis urna praesent mus leo. Aliquet sociosqu sagittis vulputate praesent netus gravida mus, nostra a sodales euismod leo vivamus nulla cras, neque pellentesque lacus ligula feugiat laoreet. Et scelerisque hendrerit habitant lectus pharetra inceptos, accumsan morbi ornare vehicula rutrum, quisque non bibendum maecenas vel.</p>\r\n\r\n<p>Nam taciti bibendum vivamus porttitor inceptos vulputate cubilia massa integer curae justo, vestibulum blandit rutrum sodales ultricies tortor rhoncus sapien convallis hac, porta fusce accumsan dapibus netus felis nascetur purus donec faucibus. Lacinia molestie condimentum parturient ultricies facilisi eleifend phasellus id, metus eget cubilia quis ullamcorper aliquam neque pulvinar, rhoncus dui placerat pellentesque primis volutpat natoque. Consequat tempor cursus convallis vivamus massa diam montes dictum aliquam bibendum aliquet suscipit, tortor per neque fringilla rhoncus felis phasellus orci ad congue in eleifend, nisi arcu ac taciti nullam magnis volutpat porta sollicitudin morbi eget. Faucibus varius platea felis fringilla facilisi aenean luctus, fermentum nascetur diam magnis condimentum tortor in, vel fusce ut sociis aliquam iaculis. Quisque nibh habitasse sociis non platea lobortis senectus turpis ante, molestie himenaeos per elementum mauris praesent vestibulum habitant, vivamus metus sagittis cum at tristique facilisis montes.</p>\r\n\r\n<p>Nascetur accumsan cubilia suscipit mauris lacus venenatis maecenas est, sociis ornare lobortis etiam hac faucibus odio lacinia, mattis facilisi fringilla sodales vulputate arcu turpis. Pulvinar aliquam nullam risus consequat ac a libero ultricies, natoque felis dictumst nostra at est cum, magna integer fermentum maecenas pharetra urna dui. Viverra natoque vulputate turpis risus penatibus nisi vehicula, a netus ut per aliquet hac vivamus massa, sapien facilisi laoreet scelerisque mi etiam. Et dui nam in inceptos natoque conubia aliquam, sollicitudin justo interdum quisque mattis cubilia, facilisis donec vel phasellus elementum ac. Penatibus tristique tempus porta maecenas quisque enim posuere rutrum nisl, id condimentum donec sagittis congue elementum torquent viverra faucibus turpis, litora fringilla quis sodales montes morbi urna vestibulum. Ultrices tempor cras odio aptent rhoncus condimentum aenean pretium, sodales fames iaculis hac dis duis fringilla natoque, mattis lectus facilisi est maecenas ante quam. Aliquet nulla nibh feugiat platea magna ultrices fusce, netus ut fermentum vestibulum integer volutpat inceptos, arcu sapien faucibus varius conubia cum.</p>\r\n\r\n<p>Curabitur enim arcu volutpat eget felis eu maecenas ornare pellentesque velit nibh, dui gravida tellus quam luctus taciti duis viverra cubilia blandit dictum aliquet, eros magna imperdiet malesuada aenean conubia hac dignissim facilisis fames. Auctor nisl vestibulum interdum nullam mi nunc cubilia inceptos porttitor cursus, conubia ullamcorper consequat magna cras sem neque ut nascetur id eu, sollicitudin faucibus ridiculus leo nibh fermentum imperdiet tortor integer. Litora ridiculus enim gravida curae morbi per lectus praesent pellentesque, eros nostra viverra pulvinar sapien iaculis erat ut, dictum class quis elementum nascetur commodo nunc purus. Consequat nam aptent mattis vehicula habitasse class id, mi fusce rhoncus et sagittis orci, dictumst suscipit dignissim cum per velit. Tortor nullam eget litora arcu sed malesuada quis ad iaculis praesent, dui feugiat aliquam turpis velit dis eu urna commodo at mattis, pulvinar tincidunt augue suscipit porttitor luctus viverra varius suspendisse. Cursus hendrerit nibh fermentum convallis mollis risus ultrices dictum mauris, justo ut aenean purus maecenas torquent habitasse tincidunt, senectus sem felis malesuada metus congue facilisis fringilla.</p>\r\n\r\n<p>Sed eros per cursus purus consequat potenti a et fermentum bibendum, sem habitant proin quis malesuada lacus curae gravida ornare, sapien imperdiet tempor inceptos turpis aliquet sociis augue molestie.</p>\r\n\r\n<p>Dis penatibus auctor ullamcorper cubilia arcu phasellus luctus mus lacinia fringilla, eu metus massa venenatis imperdiet donec dictumst potenti et hac, etiam nullam quis ultricies faucibus convallis felis curabitur risus. Nascetur morbi ultrices mollis at felis aptent lobortis imperdiet lectus magnis sociis, ante primis ullamcorper sollicitudin ut sed luctus facilisis suscipit. Sociis at malesuada sagittis rutrum condimentum tincidunt blandit suspendisse, bibendum nullam nam tortor facilisi odio dui, magna lacus ante maecenas volutpat aenean porta. Eget vulputate quisque turpis libero interdum torquent, commodo volutpat vitae class viverra varius, maecenas euismod porttitor augue non. Faucibus eget congue suspendisse donec, inceptos arcu eu, quis auctor nam. Purus sapien tempus porta phasellus etiam nam ridiculus, habitant rhoncus integer pharetra lobortis vitae venenatis, laoreet tincidunt nascetur tristique maecenas senectus.</p>\r\n\r\n<p>Iaculis habitasse lacinia viverra nibh tempor erat tincidunt penatibus praesent enim, ridiculus eu litora velit netus integer tortor leo ad, lectus ullamcorper dictum platea congue libero odio phasellus consequat. Sociis lobortis auctor porttitor primis ligula cursus massa est, nibh in tempor potenti magnis vestibulum eget sollicitudin torquent, odio aliquam tellus fringilla eros leo et. Ut volutpat natoque mus hac nunc quis, felis condimentum tellus conubia luctus fermentum magna, bibendum primis posuere mauris ac.</p>\r\n\r\n<p>Posuere vitae massa ultricies bibendum cursus pellentesque cras lobortis lacus, semper conubia curae dis fames nostra per. Class condimentum scelerisque tortor fusce hendrerit nunc id iaculis et at, elementum felis eget lectus turpis nisi ultrices dui. Gravida quam parturient volutpat ultricies cubilia, nascetur turpis laoreet aptent molestie curabitur, praesent etiam integer a. Dis natoque euismod sociis congue sollicitudin porta lectus posuere, per nullam ad fermentum class et duis interdum, sociosqu egestas mattis est leo bibendum quis. Vulputate nascetur sociis fringilla nam leo metus ante magna natoque pulvinar, non netus euismod curae fermentum molestie ultricies sagittis bibendum litora, himenaeos erat sapien eleifend rutrum massa turpis sed nec. Fusce dictum ante urna ullamcorper nibh aliquet sociosqu tempus, praesent ligula suspendisse conubia sollicitudin mus sed duis, convallis arcu cum vel tortor turpis ac, bibendum dui nascetur consequat nisi quam libero.</p>\r\n\r\n<p> </p>', 'eryt', 'ery', 'ery'),
(1, 'en', 'About Us', '<p><strong>Lorem Ipsum</strong> is simply dummy text of the printing and typesetting industry. Lorem Ipsum has been the industry&#39;s standard dummy text ever since the 1500s, when an unknown printer took a galley of type and scrambled it to make a type specimen book. It has survived not only five centuries, but also the leap into electronic typesetting, remaining essentially unchanged. It was popularised in the 1960s with the release of Letraset sheets containing Lorem Ipsum passages, and more recently with desktop publishing software like Aldus PageMaker including versions of Lorem Ipsum.</p>\r\n\r\n<p> </p>\r\n\r\n<p> </p>', 'about us', 'about us', 'about us page'),
(1, 'ar', 'معلومات عنا', '<p>لوريم إيبسوم هو ببساطة نص شكلي يستخدم في صناعة الطباعة والتنضيد. كان Lorem Ipsum هو النص الوهمي القياسي في الصناعة منذ القرن الخامس عشر الميلادي ، عندما أخذت طابعة غير معروفة لوحًا من النوع وتدافعت عليه لعمل كتاب عينة. لقد نجت ليس فقط خمسة قرون ، ولكن أيضًا القفزة في التنضيد الإلكتروني ، وظلت دون تغيير جوهري. تم نشره في الستينيات من القرن الماضي بإصدار أوراق Letraset التي تحتوي على مقاطع Lorem Ipsum ، ومؤخرًا مع برامج النشر المكتبي مثل Aldus PageMaker بما في ذلك إصدارات Lorem Ipsum.</p>', 'معلومات عنا', 'معلومات عنا', 'صفحة عنا'),
(11, 'en', 'How It Works', '<p><span lang=\"EN-US\" xss=\"removed\"><span xss=\"removed\"><span xss=\"removed\">Work with the genius minds, create trusted bonds and hire the best candidates for fast and efficient delivery of projects. Make the most use of our versatile and secure platform.</span></span></span></p>', 'How It Works', 'How It Works', 'How It Works'),
(11, 'ar', 'كيف تعمل', '<p>اعمل مع العقول العبقرية ، وأنشئ روابط موثوقة وقم بتوظيف أفضل المرشحين للتسليم السريع والفعال للمشاريع. حقق أقصى استفادة من نظامنا الأساسي متعدد الاستخدامات والآمن.</p>', 'كيف تعمل', 'كيف تعمل', 'كيف تعمل'),
(13, 'en', 'Employer', '<p>Employer</p>\r\n\r\n<p>is the leading job site in the Middle East and North Africa, connecting job seekers with employers looking to hire. Every day, thousands of new job vacancies are listed on the award-winning platform from the region&#39;s top employers.</p>', 'Employer', 'Employer', 'Employer'),
(13, 'ar', 'صاحب العمل', '<p>صاحب العمل</p>\r\n\r\n<p> أكبر موقع للوظائف في منطقة الشرق الأوسط وشمال افريقيا، وهو صلة الوصل بين الباحثين عن عمل وأصحاب العمل الذين ينوون التوظيف. كل يوم، يقوم أهم أصحاب العمل في المنطقة بإضافة آلاف الوظائف الشاغرة على المنصة الحائزة على جوائز عدة.</p>', 'صاحب العمل', 'صاحب العمل', 'صاحب العمل'),
(12, 'en', 'Freelancers', '<p>how-it-works-freelancer</p>', 'how-it-works-freelancer', 'how-it-works-freelancer', 'how-it-works-freelancer'),
(12, 'ar', 'لحسابهم الخاص', '<p>لحسابهم الخاص</p>', 'لحسابهم الخاص', 'لحسابهم الخاص', 'لحسابهم الخاص'),
(15, 'en', 'Our services', '<h1>Our services Info</h1>', 'Our services', 'Our services', 'Our services'),
(15, 'ar', 'خدماتنا', '<h1>معلومات خدماتنا</h1>', 'خدماتنا', 'خدماتنا', 'خدماتنا'),
(3, 'en', 'Refund Policy', '<p><strong>Lorem Ipsum</strong> is simply dummy text of the printing and typesetting industry. Lorem Ipsum has been the industry&#39;s standard dummy text ever since the 1500s, when an unknown printer took a galley of type and scrambled it to make a type specimen book. It has survived not only five centuries, but also the leap into electronic typesetting, remaining essentially unchanged. It was popularised in the 1960s with the release of Letraset sheets containing Lorem Ipsum passages, and more recently with desktop publishing software like Aldus PageMaker including versions of Lorem Ipsum.</p>', 'Refund Policy', 'Refund Policy', 'Refund Policy'),
(3, 'ar', 'سياسة الاسترجاع', '<p>لوريم إيبسوم هو ببساطة نص شكلي يستخدم في صناعة الطباعة والتنضيد. كان Lorem Ipsum هو النص الوهمي القياسي في الصناعة منذ القرن الخامس عشر الميلادي ، عندما أخذت طابعة غير معروفة لوحًا من النوع وتدافعت عليه لعمل كتاب عينة. لقد صمد ليس فقط لخمسة قرون ، ولكن أيضًا القفزة في التنضيد الإلكتروني ، وظل دون تغيير جوهري. تم نشره في الستينيات من القرن الماضي مع إصدار أوراق Letraset التي تحتوي على مقاطع Lorem Ipsum ، ومؤخرًا مع برامج النشر المكتبي مثل Aldus PageMaker بما في ذلك إصدارات Lorem Ipsum.</p>', 'سياسة الاسترجاع', 'سياسة الاسترجاع', 'سياسة الاسترجاع'),
(10, 'en', 'About us n', '<section class=\"section\">\r\n<div class=\"container\">\r\n<p><strong>Lorem Ipsum</strong> is simply dummy text of the printing and typesetting industry. Lorem Ipsum has been the industry&#39;s standard dummy text ever since the 1500s, when an unknown printer took a galley of type and scrambled it to make a type specimen book. It has survived not only five centuries, but also the leap into electronic typesetting, remaining essentially unchanged. It was popularised in the 1960s with the release of Letraset sheets containing Lorem Ipsum passages, and more recently with desktop publishing software like Aldus PageMaker including versions of Lorem Ipsum.</p>\r\n</div>\r\n</section>', 'Meta Title (en)sd', 'Meta Keys (en)s', 'Meta Description (en)sd'),
(10, 'ar', 'عنا ن', '<p>لوريم إيبسوم هو ببساطة نص شكلي يستخدم في صناعة الطباعة والتنضيد. كان Lorem Ipsum هو النص الوهمي القياسي في الصناعة منذ القرن الخامس عشر الميلادي ، عندما أخذت طابعة غير معروفة لوحًا من النوع وتدافعت عليه لعمل كتاب عينة. لقد صمد ليس فقط لخمسة قرون ، ولكن أيضًا القفزة في التنضيد الإلكتروني ، وظل دون تغيير جوهري. تم نشره في الستينيات من القرن الماضي مع إصدار أوراق Letraset التي تحتوي على مقاطع Lorem Ipsum ، ومؤخرًا مع برامج النشر المكتبي مثل Aldus PageMaker بما في ذلك إصدارات Lorem Ipsum.</p>', 'عنوان التعريف (إن) شاندونغ', 'مفاتيح (مفاتيح) التعريف', 'وصف التعريف (ar) sd'),
(16, 'en', 'User Agreement', '<p><strong>Lorem Ipsum</strong> is simply dummy text of the printing and typesetting industry. Lorem Ipsum has been the industry&#39;s standard dummy text ever since the 1500s, when an unknown printer took a galley of type and scrambled it to make a type specimen book. It has survived not only five centuries, but also the leap into electronic typesetting, remaining essentially unchanged. It was popularised in the 1960s with the release of Letraset sheets containing Lorem Ipsum passages, and more recently with desktop publishing software like Aldus PageMaker including versions of Lorem Ipsum.</p>', 'User Agreement', 'User Agreement', 'User Agreement'),
(16, 'ar', 'User Agreement', '<p><strong>Lorem Ipsum</strong> is simply dummy text of the printing and typesetting industry. Lorem Ipsum has been the industry&#39;s standard dummy text ever since the 1500s, when an unknown printer took a galley of type and scrambled it to make a type specimen book. It has survived not only five centuries, but also the leap into electronic typesetting, remaining essentially unchanged. It was popularised in the 1960s with the release of Letraset sheets containing Lorem Ipsum passages, and more recently with desktop publishing software like Aldus PageMaker including versions of Lorem Ipsum.</p>', 'User Agreement', 'User Agreement', 'User Agreement');

-- --------------------------------------------------------

--
-- Table structure for table `pref_contract_reviews`
--

CREATE TABLE `pref_contract_reviews` (
  `review_id` int(11) NOT NULL,
  `project_id` int(11) NOT NULL,
  `contract_id` int(11) NOT NULL,
  `review_by` int(11) NOT NULL,
  `review_to` int(11) NOT NULL,
  `for_skills` float(5,2) NOT NULL,
  `for_quality` float(5,2) NOT NULL,
  `for_availability` float(5,2) NOT NULL,
  `for_deadlines` float(5,2) NOT NULL,
  `for_communication` float(5,2) NOT NULL,
  `for_cooperation` float(5,2) NOT NULL,
  `average_review` float(5,2) NOT NULL,
  `review_status` tinyint(1) NOT NULL,
  `is_display_public` tinyint(1) NOT NULL,
  `review_comments` text NOT NULL,
  `review_date` datetime NOT NULL
) ENGINE=InnoDB DEFAULT CHARSET=utf8;

--
-- Dumping data for table `pref_contract_reviews`
--

INSERT INTO `pref_contract_reviews` (`review_id`, `project_id`, `contract_id`, `review_by`, `review_to`, `for_skills`, `for_quality`, `for_availability`, `for_deadlines`, `for_communication`, `for_cooperation`, `average_review`, `review_status`, `is_display_public`, `review_comments`, `review_date`) VALUES
(1, 6, 1, 11, 1, 5.00, 5.00, 5.00, 5.00, 5.00, 5.00, 5.00, 1, 1, 'Nice Work', '2020-01-21 12:32:21'),
(2, 6, 1, 1, 11, 5.00, 5.00, 5.00, 5.00, 5.00, 5.00, 5.00, 1, 1, 'Nice to work with you.', '2020-01-21 12:36:00'),
(3, 6, 3, 1, 11, 5.00, 5.00, 5.00, 5.00, 5.00, 5.00, 5.00, 1, 1, 'Nice client', '2020-01-24 11:05:50'),
(4, 6, 3, 11, 1, 5.00, 5.00, 5.00, 5.00, 5.00, 5.00, 5.00, 1, 1, 'Nice work', '2020-01-24 11:10:49'),
(5, 6, 4, 11, 1, 5.00, 5.00, 5.00, 5.00, 5.00, 5.00, 5.00, 1, 1, 'test check', '2020-01-25 13:20:57'),
(6, 6, 4, 1, 11, 5.00, 5.00, 5.00, 5.00, 5.00, 5.00, 5.00, 1, 1, 'test', '2020-01-25 13:21:52'),
(7, 6, 6, 11, 1, 5.00, 5.00, 5.00, 5.00, 5.00, 5.00, 5.00, 1, 1, 'nice', '2020-01-29 12:25:52'),
(8, 6, 6, 1, 11, 5.00, 5.00, 5.00, 5.00, 5.00, 5.00, 5.00, 1, 1, 'good', '2020-01-29 12:26:13'),
(9, 12, 9, 11, 1, 5.00, 5.00, 5.00, 5.00, 5.00, 5.00, 5.00, 1, 0, 'Good job', '2021-03-14 23:39:21'),
(10, 19, 15, 11, 16, 5.00, 5.00, 5.00, 5.00, 5.00, 5.00, 5.00, 1, 1, 'Though my profile does not have much rating and review but, I believe that dedication and commitment are two qualities that have made me to be a success partner of clients across the globe. I would love to work on this project and help you to achieve success in your business goals. For any query you may feel free to get in touch with me.', '2021-04-06 13:02:01'),
(11, 19, 15, 16, 11, 5.00, 5.00, 5.00, 5.00, 5.00, 5.00, 5.00, 1, 1, 'Though my profile does not have much rating and review but, I believe that dedication and commitment are two qualities that have made me to be a success partner of clients across the globe. I would love to work on this project and help you to achieve success in your business goals. For any query you may feel free to get in touch with me.', '2021-04-06 13:03:28'),
(12, 19, 16, 11, 16, 5.00, 5.00, 5.00, 5.00, 5.00, 5.00, 5.00, 1, 1, 'Great experience to work with that freelancer', '2021-04-06 13:23:05'),
(13, 19, 16, 16, 11, 5.00, 5.00, 5.00, 5.00, 5.00, 5.00, 5.00, 1, 1, 'Nice client.', '2021-04-06 13:24:11'),
(14, 20, 17, 16, 11, 5.00, 5.00, 5.00, 5.00, 5.00, 5.00, 5.00, 1, 1, 'I would love to work on this project and help you to achieve success in your business goals. For any query you may feel free to get in touch with me.', '2021-04-09 07:23:05'),
(15, 20, 17, 11, 16, 5.00, 5.00, 5.00, 5.00, 5.00, 5.00, 5.00, 1, 1, 'I would love to work on this project and help you to achieve success in your business goals. For any query you may feel free to get in touch with me.', '2021-04-09 07:24:47'),
(16, 21, 19, 11, 16, 5.00, 5.00, 5.00, 4.00, 5.00, 4.00, 4.67, 1, 1, 'I have read the job post that you have posted in ……………….... and I’m interested to work on your project. My work portfolio includes successful clientele list. I have over 9 years of experience working as a web developer. Though my profile does not have much rating and review but, I believe that dedication and commitment are two qualities that have made me to be a success partner of clients across the globe. I would love to work on this project and help you to achieve success in your business goals. For any query you may feel free to get in touch with me.', '2021-05-27 08:39:26'),
(17, 21, 19, 16, 11, 5.00, 5.00, 5.00, 5.00, 5.00, 5.00, 5.00, 1, 1, 'Freelancer would be able to edit the profile details and settings on this page.Freelancer would be able to edit the profile details and settings on this page.Freelancer would be able to edit the profile details and settings on this page.Freelancer would be able to edit the profile details and settings on this page.', '2021-05-27 08:40:41'),
(18, 23, 20, 11, 16, 5.00, 5.00, 5.00, 5.00, 5.00, 5.00, 5.00, 1, 1, 'I believe that dedication and commitment are two qualities that have made me to be a success partner of clients across the globe. I would love to work on this project and help you to achieve success in your business goals. For any query you may feel free to get in touch with me.', '2021-06-11 14:30:59'),
(19, 23, 20, 16, 11, 4.00, 5.00, 5.00, 5.00, 4.00, 5.00, 4.67, 1, 1, 'I would love to work on this project and help you to achieve success in your business goals. For any query you may feel free to get in touch with me.', '2021-06-11 14:32:05'),
(20, 9, 8, 16, 11, 0.00, 0.00, 0.00, 0.00, 0.00, 0.00, 0.00, 1, 0, 'zsdvsd', '2021-06-18 19:33:45'),
(21, 31, 24, 11, 16, 5.00, 5.00, 4.00, 4.00, 4.00, 5.00, 4.50, 1, 1, 'It is a long established fact that a reader will be distracted by the readable content of a page when looking at its layout. The point of using Lorem Ipsum is that it has a more-or-less normal distribution of letters, as opposed to using', '2021-12-07 16:06:44'),
(22, 31, 24, 16, 11, 5.00, 4.00, 4.00, 4.00, 5.00, 5.00, 4.50, 1, 1, 'It is a long established fact that a reader will be distracted by the readable content of a page when looking at its layout. The point of using Lorem Ipsum is that it has a more-or-less normal distribution of letters, as opposed to using', '2021-12-07 16:07:18'),
(23, 36, 26, 11, 1, 5.00, 5.00, 5.00, 5.00, 4.00, 4.00, 4.67, 1, 1, 'Good Job! Hope to work with you again in the future.', '2022-02-09 05:24:13'),
(24, 36, 26, 1, 11, 5.00, 5.00, 4.00, 5.00, 4.00, 5.00, 4.67, 1, 1, 'Hope I can work with you again.', '2022-02-09 05:25:22'),
(25, 37, 27, 1, 11, 5.00, 5.00, 5.00, 5.00, 5.00, 5.00, 5.00, 1, 1, 'Very good client!', '2022-02-09 13:25:33'),
(26, 37, 27, 11, 1, 5.00, 5.00, 5.00, 5.00, 5.00, 5.00, 5.00, 1, 1, 'Very good freelancer!', '2022-02-09 13:26:11'),
(27, 45, 32, 32, 16, 5.00, 5.00, 5.00, 5.00, 5.00, 5.00, 5.00, 1, 1, 'jjjjj', '2022-03-03 10:49:13'),
(28, 46, 34, 33, 32, 5.00, 5.00, 5.00, 5.00, 5.00, 3.00, 4.67, 1, 0, 'yyy', '2022-03-03 12:38:38'),
(29, 39, 30, 1, 11, 5.00, 5.00, 5.00, 5.00, 5.00, 5.00, 5.00, 1, 0, 'Excellent!', '2022-03-13 05:45:42'),
(30, 47, 35, 1, 11, 0.00, 5.00, 0.00, 0.00, 0.00, 0.00, 0.83, 1, 1, 'جيد', '2022-03-22 18:09:31'),
(31, 47, 35, 11, 1, 4.00, 0.00, 0.00, 0.00, 0.00, 0.00, 0.67, 1, 1, 'مميز', '2022-03-22 18:17:42'),
(32, 52, 39, 11, 1, 0.00, 3.00, 4.00, 0.00, 4.00, 0.00, 1.83, 1, 0, 'asdfsadf', '2022-04-11 01:56:18'),
(33, 62, 50, 42, 44, 1.00, 2.00, 3.00, 4.00, 5.00, 1.00, 2.67, 1, 0, 'not bad', '2022-06-15 11:24:58'),
(34, 62, 52, 41, 42, 0.00, 0.00, 0.00, 0.00, 0.00, 0.00, 0.00, 1, 1, 'لا ارغب بالتعليق', '2022-07-18 11:43:32'),
(35, 62, 52, 42, 41, 0.00, 0.00, 0.00, 0.00, 0.00, 0.00, 0.00, 1, 1, 'شكرا على عدم التعليق', '2022-07-18 11:45:37'),
(36, 71, 54, 11, 1, 5.00, 5.00, 5.00, 5.00, 5.00, 5.00, 5.00, 1, 1, 'ok', '2022-07-24 19:55:43'),
(37, 71, 54, 1, 11, 5.00, 5.00, 5.00, 5.00, 5.00, 5.00, 5.00, 1, 1, 'okdfsfsd', '2022-07-24 19:56:02'),
(38, 74, 56, 1, 11, 4.00, 4.00, 0.00, 0.00, 0.00, 0.00, 1.33, 1, 0, '5165165', '2022-08-08 12:11:26'),
(39, 45, 32, 16, 32, 5.00, 5.00, 5.00, 5.00, 5.00, 5.00, 5.00, 1, 1, 'good', '2022-08-30 01:43:52'),
(40, 58, 45, 16, 11, 5.00, 4.00, 3.00, 4.00, 5.00, 4.00, 4.17, 1, 0, 'good experience of website work..', '2023-02-03 10:15:41'),
(41, 94, 77, 16, 11, 5.00, 5.00, 4.00, 5.00, 3.00, 5.00, 4.50, 1, 1, 'I gained a lot of experience with the client...', '2023-03-17 13:41:16'),
(42, 94, 77, 11, 16, 5.00, 5.00, 5.00, 4.00, 4.00, 4.00, 4.50, 1, 1, 'A feel lot of enjoy work with that freelancer...', '2023-03-17 13:45:43'),
(43, 102, 80, 16, 11, 4.00, 5.00, 5.00, 5.00, 5.00, 5.00, 4.83, 1, 1, 'very good..', '2023-06-13 08:07:14'),
(44, 102, 80, 11, 16, 5.00, 5.00, 5.00, 5.00, 5.00, 5.00, 5.00, 1, 1, 'work with satisfy..', '2023-06-13 08:08:46'),
(45, 109, 81, 16, 11, 5.00, 5.00, 5.00, 5.00, 5.00, 5.00, 5.00, 1, 1, 'good job', '2023-06-14 06:53:51'),
(46, 109, 81, 11, 16, 5.00, 5.00, 5.00, 5.00, 5.00, 5.00, 5.00, 1, 1, 'wel done', '2023-06-14 06:54:29'),
(47, 107, 84, 16, 11, 5.00, 5.00, 5.00, 5.00, 5.00, 4.00, 4.83, 1, 0, 'good experience with job..', '2023-06-14 10:00:44'),
(48, 110, 85, 11, 16, 5.00, 5.00, 3.00, 4.00, 5.00, 5.00, 4.50, 1, 1, 'A lot of experience gained with client about project..', '2023-06-14 11:34:15'),
(49, 110, 85, 16, 11, 4.00, 5.00, 5.00, 5.00, 5.00, 5.00, 4.83, 1, 1, 'Thanks for complete the project...', '2023-06-14 11:35:20'),
(50, 113, 87, 16, 11, 5.00, 5.00, 5.00, 5.00, 5.00, 5.00, 5.00, 1, 1, 'very good work with a lot of experience..', '2023-06-15 07:05:45'),
(51, 113, 87, 11, 16, 5.00, 4.00, 5.00, 5.00, 5.00, 5.00, 4.83, 1, 1, 'good work..', '2023-06-15 07:06:32');

-- --------------------------------------------------------

--
-- Table structure for table `pref_conversations`
--

CREATE TABLE `pref_conversations` (
  `conversations_id` int(11) NOT NULL,
  `last_message_id` int(11) DEFAULT NULL,
  `status` tinyint(1) NOT NULL,
  `project_id` int(11) NOT NULL
) ENGINE=InnoDB DEFAULT CHARSET=utf8;

--
-- Dumping data for table `pref_conversations`
--

INSERT INTO `pref_conversations` (`conversations_id`, `last_message_id`, `status`, `project_id`) VALUES
(1, 176, 1, 6),
(2, 9, 1, 6),
(3, 164, 1, 13),
(4, 20, 1, 17),
(5, 33, 1, 12),
(6, 28, 1, 19),
(7, 150, 1, 20),
(8, 34, 1, 9),
(9, 36, 1, 15),
(10, 41, 1, 21),
(11, 58, 1, 23),
(12, 74, 1, 27),
(13, 77, 1, 29),
(14, 95, 1, 31),
(15, 87, 1, 16),
(16, 90, 1, 36),
(17, 91, 1, 37),
(18, 102, 1, 39),
(19, 93, 1, 38),
(20, 94, 1, 41),
(21, 97, 1, 45),
(22, 165, 1, 46),
(23, 100, 1, 46),
(24, 109, 1, 47),
(25, 120, 1, 48),
(26, 111, 1, 50),
(27, 135, 1, 51),
(28, 113, 1, 52),
(29, 116, 1, 53),
(30, 117, 1, 55),
(31, 204, 1, 58),
(32, 170, 1, 56),
(33, 130, 1, 62),
(34, 138, 1, 62),
(35, 132, 1, 62),
(36, 143, 1, 71),
(37, 142, 1, 65),
(38, 146, 1, 74),
(39, 180, 1, 69),
(40, 186, 1, 81),
(41, 187, 1, 81),
(42, 201, 1, 82),
(43, 200, 1, 86),
(44, 196, 1, 94),
(45, 199, 1, 95),
(46, 205, 1, 101),
(47, 208, 1, 104),
(48, 209, 1, 102),
(49, 212, 1, 109),
(50, 213, 1, 108),
(51, 214, 1, 107),
(52, 215, 1, 110),
(53, 216, 1, 111),
(54, 219, 1, 113),
(55, 218, 1, 114),
(56, 220, 1, 116);

-- --------------------------------------------------------

--
-- Table structure for table `pref_conversations_message`
--

CREATE TABLE `pref_conversations_message` (
  `message_id` int(11) NOT NULL,
  `conversations_id` int(11) NOT NULL,
  `sender_id` int(11) NOT NULL,
  `sending_date` datetime NOT NULL,
  `message` text NOT NULL,
  `attachment` text DEFAULT NULL,
  `is_read` tinyint(1) NOT NULL,
  `reply_to` int(11) DEFAULT NULL,
  `is_deleted` datetime DEFAULT NULL,
  `is_edited` datetime DEFAULT NULL
) ENGINE=InnoDB DEFAULT CHARSET=utf8;

--
-- Dumping data for table `pref_conversations_message`
--

INSERT INTO `pref_conversations_message` (`message_id`, `conversations_id`, `sender_id`, `sending_date`, `message`, `attachment`, `is_read`, `reply_to`, `is_deleted`, `is_edited`) VALUES
(1, 1, 1, '2020-01-24 12:17:56', 'Chat initiated', NULL, 0, NULL, NULL, NULL),
(2, 1, 1, '2020-01-24 12:25:35', 'hello', NULL, 0, NULL, NULL, NULL),
(3, 1, 1, '2020-01-24 12:27:18', '', '{\"file_name\":\"00dd5fdd8943f1d08566a68d0571d8a0.jpg\",\"file_url\":\"http:\\/\\/localhost:7777\\/newflance\\/user_uploads\\/message-attachments\\/00dd5fdd8943f1d08566a68d0571d8a0.jpg\",\"org_file_name\":\"Penguins.jpg\",\"is_image\":true,\"file_size\":759.6,\"file_ext\":\".jpg\"}', 0, NULL, NULL, NULL),
(4, 2, 11, '2020-01-24 21:32:46', 'Chat initiated', NULL, 0, NULL, NULL, NULL),
(5, 2, 11, '2020-01-24 21:43:14', 'hi', NULL, 0, NULL, NULL, NULL),
(6, 2, 11, '2020-01-24 21:44:16', 'hi', NULL, 0, NULL, NULL, NULL),
(7, 2, 11, '2020-01-24 21:45:15', 'kk', NULL, 0, NULL, NULL, NULL),
(8, 2, 1, '2020-01-28 20:32:58', 'hello', NULL, 0, NULL, NULL, NULL),
(9, 2, 11, '2021-01-06 08:39:58', 'hi', NULL, 0, NULL, NULL, NULL),
(10, 1, 1, '2021-01-19 11:10:03', 'hani paji kidher', NULL, 0, NULL, NULL, NULL),
(11, 1, 1, '2021-01-19 11:10:20', 'chaldi payee puri copy', NULL, 0, NULL, NULL, NULL),
(12, 1, 11, '2021-01-19 11:11:21', 'test', NULL, 0, NULL, NULL, NULL),
(13, 1, 1, '2021-01-19 11:11:47', 'paji error hai bookmark', NULL, 0, NULL, NULL, NULL),
(14, 1, 1, '2021-01-19 11:13:27', '', '{\"file_name\":\"e81d2c51bb6cdb601fbe4a9c37ec3ea7.jpg\",\"file_url\":\"https:\\/\\/scriptlisting.com\\/upwork\\/user_uploads\\/message-attachments\\/e81d2c51bb6cdb601fbe4a9c37ec3ea7.jpg\",\"org_file_name\":\"elon-musk.jpg\",\"is_image\":true,\"file_size\":334.470000000000027284841053187847137451171875,\"file_ext\":\".jpg\"}', 0, NULL, NULL, NULL),
(15, 1, 1, '2021-01-19 17:12:59', 'fixed', NULL, 0, NULL, NULL, NULL),
(16, 1, 1, '2021-02-25 11:26:21', '', '{\"file_name\":\"58a93404f22f34591ca28d43acd4dfa6.png\",\"file_url\":\"https:\\/\\/scriptlisting.com\\/upwork\\/user_uploads\\/message-attachments\\/58a93404f22f34591ca28d43acd4dfa6.png\",\"org_file_name\":\"screenshot-eitthemes_com_2016-03-22_16-10-44.png\",\"is_image\":true,\"file_size\":3977.4600000000000363797880709171295166015625,\"file_ext\":\".png\"}', 0, NULL, NULL, NULL),
(17, 3, 16, '2021-03-25 14:24:47', 'Chat initiated', NULL, 0, NULL, NULL, NULL),
(18, 3, 16, '2021-03-25 14:24:54', 'Hello guys', NULL, 0, NULL, NULL, '2021-03-25 14:25:18'),
(19, 3, 16, '2021-03-25 14:25:36', '', '{\"file_name\":\"957cb09d3501e1e9fd7e0f1ddc7ba90c.jpg\",\"file_url\":\"https:\\/\\/scriptlisting.com\\/upwork\\/user_uploads\\/message-attachments\\/957cb09d3501e1e9fd7e0f1ddc7ba90c.jpg\",\"org_file_name\":\"download.jpg\",\"is_image\":true,\"file_size\":7.12999999999999989341858963598497211933135986328125,\"file_ext\":\".jpg\"}', 0, NULL, NULL, NULL),
(20, 4, 1, '2021-03-31 00:21:08', 'Chat initiated', NULL, 0, NULL, NULL, NULL),
(21, 5, 11, '2021-04-02 12:54:52', 'Chat initiated', NULL, 0, NULL, NULL, NULL),
(22, 6, 16, '2021-04-06 12:49:42', 'Chat initiated', NULL, 0, NULL, NULL, NULL),
(23, 6, 16, '2021-04-06 12:49:53', 'Hi how are you?', NULL, 0, NULL, NULL, NULL),
(24, 6, 16, '2021-04-06 12:50:00', 'When you will start work .Means?', NULL, 0, NULL, NULL, '2021-04-06 12:50:35'),
(25, 6, 16, '2021-04-06 12:50:15', 'What is that', NULL, 0, 24, NULL, NULL),
(26, 6, 16, '2021-04-06 12:50:51', '', '{\"file_name\":\"0f8a68ba1732eadef30e72995c4b8c0e.doc\",\"file_url\":\"https:\\/\\/scriptlisting.com\\/upwork\\/user_uploads\\/message-attachments\\/0f8a68ba1732eadef30e72995c4b8c0e.doc\",\"org_file_name\":\"Resumedipanjandatta_(1).doc\",\"is_image\":false,\"file_size\":62.5,\"file_ext\":\".doc\"}', 0, NULL, NULL, NULL),
(27, 6, 16, '2021-04-06 12:51:15', '', '{\"file_name\":\"28c3986596f425779044adb901886b16.doc\",\"file_url\":\"https:\\/\\/scriptlisting.com\\/upwork\\/user_uploads\\/message-attachments\\/28c3986596f425779044adb901886b16.doc\",\"org_file_name\":\"Resumedipanjandatta.doc\",\"is_image\":false,\"file_size\":62.5,\"file_ext\":\".doc\"}', 0, NULL, NULL, NULL),
(28, 6, 16, '2021-04-06 12:51:31', '', '{\"file_name\":\"02371a33a24bb27ecc679c1ec52938b5.docx\",\"file_url\":\"https:\\/\\/scriptlisting.com\\/upwork\\/user_uploads\\/message-attachments\\/02371a33a24bb27ecc679c1ec52938b5.docx\",\"org_file_name\":\"ResumeKoelSaha_(1).docx\",\"is_image\":false,\"file_size\":14.5,\"file_ext\":\".docx\"}', 0, NULL, NULL, NULL),
(29, 1, 1, '2021-04-07 13:23:03', 'hi', NULL, 0, NULL, NULL, NULL),
(30, 7, 16, '2021-04-09 07:21:30', 'Chat initiated', NULL, 0, NULL, NULL, NULL),
(31, 1, 1, '2021-04-15 06:32:46', '', '{\"file_name\":\"782ef92a1970ddaafb1f12c7bfc4b65d.jpg\",\"file_url\":\"https:\\/\\/scriptlisting.com\\/upwork\\/user_uploads\\/message-attachments\\/782ef92a1970ddaafb1f12c7bfc4b65d.jpg\",\"org_file_name\":\"www_gigger_se.jpg\",\"is_image\":true,\"file_size\":113.1099999999999994315658113919198513031005859375,\"file_ext\":\".jpg\"}', 0, NULL, NULL, NULL),
(32, 8, 16, '2021-04-15 10:16:19', 'Chat initiated', NULL, 0, NULL, NULL, NULL),
(33, 5, 11, '2021-04-18 07:16:51', 'hi', NULL, 0, NULL, NULL, NULL),
(34, 8, 11, '2021-04-18 07:17:03', 'hi', NULL, 0, NULL, NULL, NULL),
(35, 9, 11, '2021-04-26 16:03:19', 'Chat initiated', NULL, 0, NULL, NULL, NULL),
(36, 9, 11, '2021-04-30 13:38:23', '', '{\"file_name\":\"645bed2240f97fbdf6440ec6a6758a81.png\",\"file_url\":\"https:\\/\\/scriptlisting.com\\/upwork\\/user_uploads\\/message-attachments\\/645bed2240f97fbdf6440ec6a6758a81.png\",\"org_file_name\":\"md1.png\",\"is_image\":true,\"file_size\":472.8999999999999772626324556767940521240234375,\"file_ext\":\".png\"}', 0, NULL, NULL, NULL),
(37, 10, 16, '2021-05-27 08:02:34', 'Chat initiated', NULL, 0, NULL, NULL, NULL),
(38, 10, 16, '2021-05-27 08:03:33', 'hi how are you?', NULL, 0, NULL, NULL, NULL),
(39, 10, 16, '2021-06-10 17:15:19', 'Hello', NULL, 0, NULL, NULL, NULL),
(40, 10, 16, '2021-06-10 17:15:22', 'Test', NULL, 0, NULL, NULL, NULL),
(41, 10, 11, '2021-06-10 17:16:50', 'Hi', NULL, 0, NULL, NULL, NULL),
(42, 11, 16, '2021-06-11 14:14:35', 'Chat initiated', NULL, 0, NULL, NULL, NULL),
(43, 11, 16, '2021-06-11 14:15:03', 'Hi', NULL, 0, NULL, NULL, NULL),
(44, 11, 16, '2021-06-11 14:15:11', 'how are your you?', NULL, 0, NULL, NULL, NULL),
(45, 11, 16, '2021-06-11 14:15:39', 'Test quote', NULL, 0, 42, NULL, NULL),
(46, 11, 11, '2021-06-11 14:16:38', 'I am doing well', NULL, 0, NULL, NULL, NULL),
(47, 11, 11, '2021-06-11 14:20:18', '', '{\"file_name\":\"52ad2ccd103dc93907296293b7dc533d.docx\",\"file_url\":\"https:\\/\\/scriptlisting.com\\/upwork\\/user_uploads\\/message-attachments\\/52ad2ccd103dc93907296293b7dc533d.docx\",\"org_file_name\":\"ResumeDebashreCchanda.docx\",\"is_image\":false,\"file_size\":21.780000000000001136868377216160297393798828125,\"file_ext\":\".docx\"}', 0, NULL, NULL, NULL),
(48, 11, 11, '2021-06-12 05:03:45', 'hjyjyuyu', NULL, 0, NULL, NULL, NULL),
(49, 11, 16, '2021-06-22 10:32:19', 'Test', NULL, 0, NULL, NULL, NULL),
(50, 11, 16, '2021-06-25 11:20:41', 'df sfd sf', NULL, 0, NULL, NULL, NULL),
(51, 11, 11, '2021-06-25 14:13:25', 'hi', NULL, 0, NULL, NULL, NULL),
(52, 11, 16, '2021-06-29 16:05:47', 'Hello', NULL, 0, NULL, NULL, NULL),
(53, 11, 11, '2021-06-29 16:07:14', 'Hello', NULL, 0, NULL, NULL, NULL),
(54, 11, 11, '2021-06-29 16:07:25', '', '{\"file_name\":\"45f5cb68347df7b768e160406b75fbf7.txt\",\"file_url\":\"https:\\/\\/scriptlisting.com\\/upwork\\/user_uploads\\/message-attachments\\/45f5cb68347df7b768e160406b75fbf7.txt\",\"org_file_name\":\"go.txt\",\"is_image\":false,\"file_size\":0.0299999999999999988897769753748434595763683319091796875,\"file_ext\":\".txt\"}', 0, NULL, '2021-07-27 17:03:13', NULL),
(55, 11, 16, '2021-06-29 16:08:39', 'Thanks', NULL, 0, NULL, NULL, NULL),
(56, 11, 16, '2021-06-29 16:31:29', 'Hello,', NULL, 0, NULL, NULL, '2022-03-03 12:07:46'),
(57, 11, 16, '2021-06-29 16:31:33', 'What doing', NULL, 0, NULL, NULL, NULL),
(58, 11, 16, '2021-06-29 16:32:01', '', '{\"file_name\":\"d689ddeaf472ce2ed14c7e5fcef212b7.pdf\",\"file_url\":\"https:\\/\\/scriptlisting.com\\/upwork\\/user_uploads\\/message-attachments\\/d689ddeaf472ce2ed14c7e5fcef212b7.pdf\",\"org_file_name\":\"Python_Training_Brochure.pdf\",\"is_image\":false,\"file_size\":1935.5399999999999636202119290828704833984375,\"file_ext\":\".pdf\"}', 0, NULL, '2021-06-29 16:32:14', NULL),
(59, 12, 11, '2021-07-07 16:59:09', 'Chat initiated', NULL, 0, NULL, NULL, NULL),
(60, 12, 11, '2021-07-07 17:02:33', 'hi', NULL, 0, NULL, NULL, NULL),
(61, 12, 11, '2021-07-07 17:02:39', '', '{\"file_name\":\"ab501c959d1aab03ea6ddf1dbe05dfdc.jpg\",\"file_url\":\"https:\\/\\/scriptlisting.com\\/upwork\\/user_uploads\\/message-attachments\\/ab501c959d1aab03ea6ddf1dbe05dfdc.jpg\",\"org_file_name\":\"e650bd_0534923a970044fb8d5a20952812f5de~mv2_d_2123_2654_s_2.jpg\",\"is_image\":true,\"file_size\":828.7899999999999636202119290828704833984375,\"file_ext\":\".jpg\"}', 0, NULL, NULL, NULL),
(62, 12, 16, '2021-07-07 17:05:09', 'hi.', NULL, 0, 61, NULL, NULL),
(63, 12, 16, '2021-07-13 07:39:08', 'hi', NULL, 0, NULL, NULL, NULL),
(64, 12, 11, '2021-07-27 17:00:48', 'hi', NULL, 0, NULL, NULL, NULL),
(65, 12, 11, '2021-07-27 17:00:56', 'what do you want from me', NULL, 0, NULL, NULL, NULL),
(66, 12, 11, '2021-07-27 17:01:04', 'why you torturing me', NULL, 0, NULL, NULL, NULL),
(67, 12, 11, '2021-07-27 17:01:08', 'I am not interested', NULL, 0, NULL, NULL, NULL),
(68, 12, 11, '2021-07-27 17:01:10', 'for this', NULL, 0, NULL, NULL, NULL),
(69, 12, 11, '2021-08-08 15:39:29', 'hi', NULL, 0, NULL, NULL, NULL),
(70, 12, 11, '2021-08-08 15:39:39', 'How are you?', NULL, 0, NULL, NULL, NULL),
(71, 12, 11, '2021-08-08 15:39:54', 'What you doing', NULL, 0, NULL, NULL, NULL),
(72, 12, 11, '2021-08-08 16:08:31', 'What you are doing now?', NULL, 0, NULL, NULL, NULL),
(73, 12, 11, '2021-08-08 16:08:43', 'what is the perfect sample of this project', NULL, 0, NULL, NULL, NULL),
(74, 12, 11, '2021-09-22 05:20:08', '', '{\"file_name\":\"2834ae212b29cca96cf02933f3b438ef.png\",\"file_url\":\"https:\\/\\/demo.upworkclonescript.com\\/user_uploads\\/message-attachments\\/2834ae212b29cca96cf02933f3b438ef.png\",\"org_file_name\":\"Group_8.png\",\"is_image\":true,\"file_size\":0.67000000000000003996802888650563545525074005126953125,\"file_ext\":\".png\"}', 0, NULL, NULL, NULL),
(75, 13, 11, '2021-12-04 11:35:20', 'Chat initiated', NULL, 0, NULL, NULL, NULL),
(76, 13, 11, '2021-12-04 11:35:24', 'hi', NULL, 0, NULL, NULL, NULL),
(77, 13, 16, '2021-12-04 11:35:43', 'hii', NULL, 0, NULL, NULL, NULL),
(78, 14, 11, '2021-12-07 15:21:40', 'Chat initiated', NULL, 0, NULL, NULL, NULL),
(79, 14, 11, '2021-12-07 15:22:04', 'How are you?', NULL, 0, NULL, NULL, NULL),
(80, 14, 11, '2021-12-07 15:22:18', '', '{\"file_name\":\"2610fc54beae5be2ce3e00211118f085.docx\",\"file_url\":\"https:\\/\\/upwork.scriptlisting.com\\/user_uploads\\/message-attachments\\/2610fc54beae5be2ce3e00211118f085.docx\",\"org_file_name\":\"ResumeSamvitKalla.docx\",\"is_image\":false,\"file_size\":10.5099999999999997868371792719699442386627197265625,\"file_ext\":\".docx\"}', 0, NULL, NULL, NULL),
(81, 14, 16, '2021-12-07 15:22:38', 'I am fine thanks', NULL, 0, NULL, NULL, NULL),
(82, 14, 11, '2021-12-07 15:23:01', 'Thats great', NULL, 0, 81, NULL, NULL),
(83, 14, 16, '2021-12-07 15:32:28', 'hi', NULL, 0, NULL, NULL, NULL),
(84, 14, 11, '2021-12-07 15:34:16', 'hi', NULL, 0, NULL, NULL, NULL),
(85, 14, 11, '2021-12-29 17:24:35', 'hello', NULL, 0, NULL, NULL, NULL),
(86, 14, 16, '2021-12-30 16:41:25', 'kaise ho bhaiyaa', NULL, 0, NULL, NULL, NULL),
(87, 15, 16, '2022-01-13 03:03:17', 'Chat initiated', NULL, 0, NULL, NULL, NULL),
(88, 16, 11, '2022-02-09 05:11:05', 'Chat initiated', NULL, 0, NULL, NULL, NULL),
(89, 16, 11, '2022-02-09 05:11:22', 'Hello', NULL, 0, NULL, NULL, NULL),
(90, 16, 1, '2022-02-09 05:11:51', 'Hi', NULL, 0, NULL, NULL, NULL),
(91, 17, 1, '2022-02-09 05:42:55', 'Chat initiated', NULL, 0, NULL, NULL, NULL),
(92, 18, 1, '2022-02-12 12:42:38', 'Chat initiated', NULL, 0, NULL, NULL, NULL),
(93, 19, 1, '2022-02-14 23:58:01', 'Chat initiated', NULL, 0, NULL, NULL, NULL),
(94, 20, 1, '2022-02-15 01:07:46', 'Chat initiated', NULL, 0, NULL, NULL, NULL),
(95, 14, 16, '2022-03-03 09:15:38', 'hello', NULL, 0, NULL, NULL, NULL),
(96, 21, 32, '2022-03-03 10:25:12', 'Chat initiated', NULL, 0, NULL, NULL, NULL),
(97, 21, 32, '2022-03-03 10:25:22', 'hlw', NULL, 0, NULL, NULL, NULL),
(98, 22, 16, '2022-03-03 10:40:41', 'Chat initiated', NULL, 0, NULL, NULL, NULL),
(99, 22, 32, '2022-03-03 10:43:49', 'complete', NULL, 0, NULL, NULL, NULL),
(100, 23, 33, '2022-03-03 12:38:12', 'Chat initiated', NULL, 0, NULL, NULL, NULL),
(101, 24, 1, '2022-03-11 06:50:34', 'Chat initiated', NULL, 0, NULL, NULL, NULL),
(102, 18, 11, '2022-03-15 17:29:32', 'Test message', NULL, 0, NULL, NULL, NULL),
(103, 25, 11, '2022-03-15 18:59:46', 'Chat initiated', NULL, 0, NULL, NULL, NULL),
(104, 25, 11, '2022-03-15 19:00:03', 'Can you please revise the proposal adding more details?', NULL, 0, NULL, NULL, NULL),
(105, 25, 16, '2022-03-15 19:00:41', 'Sure, I will do it today.', NULL, 0, NULL, NULL, NULL),
(106, 24, 11, '2022-03-22 18:27:51', 'مرحبا', NULL, 0, NULL, NULL, NULL),
(107, 24, 1, '2022-03-22 18:29:57', 'ممكن عقد جديد', NULL, 0, NULL, NULL, NULL),
(108, 24, 1, '2022-03-22 18:31:50', 'شحن 50', NULL, 0, NULL, NULL, NULL),
(109, 24, 1, '2022-03-22 18:31:59', 'وشحن 70', NULL, 0, NULL, NULL, NULL),
(110, 26, 1, '2022-03-24 02:27:13', 'Chat initiated', NULL, 0, NULL, NULL, NULL),
(111, 26, 1, '2022-03-24 05:59:09', 'what is wrong with my submission?', NULL, 0, NULL, NULL, NULL),
(112, 27, 11, '2022-03-25 06:21:06', 'Chat initiated', NULL, 0, NULL, NULL, NULL),
(113, 28, 1, '2022-03-28 14:42:20', 'Chat initiated', NULL, 0, NULL, NULL, NULL),
(114, 27, 11, '2022-03-31 05:04:47', 'kimromarez@gmail.com skype: kimdarvader', NULL, 0, NULL, NULL, NULL),
(115, 25, 11, '2022-04-06 04:30:45', '235235', NULL, 0, 105, NULL, NULL),
(116, 29, 11, '2022-04-06 04:50:22', 'Chat initiated', NULL, 0, NULL, NULL, NULL),
(117, 30, 11, '2022-04-12 09:45:14', 'Chat initiated', NULL, 0, NULL, NULL, NULL),
(118, 27, 1, '2022-05-04 04:41:10', 'hdfhfdghdfghdf', NULL, 0, NULL, NULL, NULL),
(119, 25, 16, '2022-05-26 07:07:45', 'hi', NULL, 0, NULL, NULL, NULL),
(120, 25, 16, '2022-05-26 11:33:38', 'hi', NULL, 0, NULL, NULL, NULL),
(121, 31, 11, '2022-05-27 07:28:24', 'Chat initiated', NULL, 0, NULL, NULL, NULL),
(122, 32, 11, '2022-05-27 08:15:00', 'Chat initiated', NULL, 0, NULL, NULL, NULL),
(123, 32, 11, '2022-05-27 08:15:12', 'Hi how are you', NULL, 0, NULL, NULL, NULL),
(124, 32, 16, '2022-05-27 08:15:41', 'I am fine. Thanks.', NULL, 0, 123, NULL, NULL),
(125, 33, 42, '2022-06-14 04:55:47', 'Chat initiated', NULL, 0, NULL, NULL, NULL),
(126, 33, 42, '2022-06-14 04:56:34', 'call me 0096600000000000 thanks', NULL, 0, NULL, NULL, NULL),
(127, 33, 42, '2022-06-14 04:56:47', 'Your submission has been received. You will receive a confirmation shortly in the provided email ID.', NULL, 0, NULL, NULL, NULL),
(128, 33, 42, '2022-06-14 04:57:08', 'Opening an account is easy. Simply create your profile with a few mandatory fields and post your first job. Use the business information and analytics tool to receive bids from across the globe. Join the platform at zero cost:Signup at our communi... more', NULL, 0, NULL, NULL, NULL),
(129, 33, 42, '2022-06-14 04:57:17', 'أعلنت جائزة الملك عبدالله بن عبدالعزيز العالمية للترجمة, أسماء الفائزين بدورتها العاشرة للعام 1443هـ - 2021م، حيث قرر مجلس أمناء الجائزة بعد استعراض تقرير اللجنة العلمية للجائزة منح الجائزة في فروعها الستة وهي: جائزة الترجمة في فرع: جهود المؤسسات والهيئات, والترجمة في فرع العلوم الطبيعية من اللغة العربية إلى اللغات الأخرى, والترجمة في فرع العلوم الطبيعية من اللغات الأخرى إلى اللغة العربية, والترجمة في فرع العلوم الإنسانية من اللغات الأخرى إلى اللغة العربية, والترجمة في فرع العلوم الإنسانية من اللغة العربية إلى اللغات الأخرى, والترجمة في فرع جهود الأفراد .', NULL, 0, NULL, NULL, NULL),
(130, 33, 16, '2022-06-14 04:58:42', 'good', NULL, 0, NULL, NULL, NULL),
(131, 34, 42, '2022-06-15 10:30:35', 'Chat initiated', NULL, 0, NULL, NULL, NULL),
(132, 35, 42, '2022-06-15 11:06:09', 'Chat initiated', NULL, 0, NULL, NULL, NULL),
(133, 32, 11, '2022-06-15 20:32:38', 'test', NULL, 0, NULL, NULL, NULL),
(134, 32, 11, '2022-06-22 01:13:34', 'Hi,', NULL, 0, NULL, NULL, NULL),
(135, 27, 11, '2022-06-22 01:13:42', 'hi,', NULL, 0, NULL, NULL, NULL),
(136, 32, 16, '2022-06-22 01:16:19', 'hi', NULL, 0, NULL, NULL, NULL),
(137, 22, 16, '2022-06-22 01:16:33', 'hi', NULL, 0, NULL, NULL, NULL),
(138, 34, 42, '2022-07-13 16:23:59', 'تواصل معنا 0543398222', NULL, 0, NULL, NULL, NULL),
(139, 36, 11, '2022-07-24 19:50:38', 'Chat initiated', NULL, 0, NULL, NULL, NULL),
(140, 36, 11, '2022-07-24 19:50:45', 'sdf', NULL, 0, NULL, NULL, NULL),
(141, 36, 1, '2022-07-24 19:50:57', 'asfdasdf', NULL, 0, NULL, NULL, NULL),
(142, 37, 1, '2022-07-24 19:54:28', 'Chat initiated', NULL, 0, NULL, NULL, NULL),
(143, 36, 11, '2022-08-05 03:27:01', '445545', NULL, 0, NULL, NULL, NULL),
(144, 38, 1, '2022-08-08 12:05:34', 'Chat initiated', NULL, 0, NULL, NULL, NULL),
(145, 38, 1, '2022-08-08 12:05:53', '', '{\"file_name\":\"1461b4cb1f83c7b801d5ca97fd8696bd.png\",\"file_url\":\"https:\\/\\/upwork.scriptlisting.com\\/user_uploads\\/message-attachments\\/1461b4cb1f83c7b801d5ca97fd8696bd.png\",\"org_file_name\":\"logout.png\",\"is_image\":true,\"file_size\":33.10000000000000142108547152020037174224853515625,\"file_ext\":\".png\"}', 0, NULL, NULL, NULL),
(146, 38, 11, '2022-08-12 10:45:21', 'Hi', NULL, 0, NULL, NULL, NULL),
(147, 3, 16, '2022-08-12 11:16:37', 'Hi', NULL, 0, NULL, NULL, NULL),
(148, 39, 11, '2022-08-14 05:38:16', 'Chat initiated', NULL, 0, NULL, NULL, NULL),
(149, 3, 16, '2022-08-17 12:36:17', 'hi', NULL, 0, NULL, NULL, NULL),
(150, 7, 11, '2022-08-17 12:36:42', 'when you will be free?', NULL, 0, NULL, NULL, NULL),
(151, 3, 16, '2022-08-17 12:36:55', 'no', NULL, 0, NULL, NULL, NULL),
(152, 3, 11, '2022-08-17 12:37:11', 'ok', NULL, 0, NULL, NULL, NULL),
(153, 3, 16, '2022-08-17 12:37:19', 'great', NULL, 0, NULL, NULL, NULL),
(154, 3, 11, '2022-08-20 19:43:37', 'Hi', NULL, 0, NULL, NULL, NULL),
(155, 3, 16, '2022-08-20 19:46:42', 'Do you need any help?', NULL, 0, NULL, NULL, NULL),
(156, 3, 16, '2022-08-20 19:46:51', 'Nothing', NULL, 0, NULL, NULL, NULL),
(157, 3, 11, '2022-08-20 19:47:29', 'no', NULL, 0, NULL, NULL, NULL),
(158, 3, 11, '2022-08-20 19:47:42', 'this is fast', NULL, 0, NULL, NULL, NULL),
(159, 3, 16, '2022-08-20 19:49:12', 'Ok', NULL, 0, 153, '2022-08-20 19:52:15', NULL),
(160, 3, 16, '2022-08-20 19:49:21', 'That\'s', NULL, 0, 156, '2022-08-20 19:52:19', NULL),
(161, 3, 11, '2022-08-20 19:54:07', '?', NULL, 0, NULL, NULL, NULL),
(162, 3, 16, '2022-08-20 20:28:30', '123', NULL, 0, NULL, '2022-08-20 20:28:48', NULL),
(163, 3, 16, '2022-08-20 20:37:31', '2:07', NULL, 0, NULL, '2022-08-20 20:38:01', NULL),
(164, 3, 16, '2022-08-20 20:38:24', '3:00 ok', NULL, 0, NULL, NULL, '2022-08-20 20:39:36'),
(165, 22, 16, '2022-08-21 00:13:34', 'Completed', NULL, 0, NULL, NULL, NULL),
(166, 1, 11, '2022-08-24 01:34:20', 'Hi', NULL, 0, NULL, NULL, NULL),
(167, 32, 16, '2022-10-06 07:27:50', 'hello', NULL, 0, NULL, NULL, '2022-10-23 18:35:50'),
(168, 32, 11, '2022-10-06 12:23:08', 'hi', NULL, 0, NULL, NULL, NULL),
(169, 40, 16, '2022-10-18 13:34:48', 'Chat initiated', NULL, 0, NULL, NULL, NULL),
(170, 32, 11, '2022-10-18 14:00:58', 'hey', NULL, 0, NULL, NULL, NULL),
(171, 1, 11, '2022-10-18 14:02:41', '合影', NULL, 0, NULL, NULL, NULL),
(172, 41, 11, '2022-10-20 16:03:18', 'Chat initiated', NULL, 0, NULL, NULL, NULL),
(173, 1, 1, '2022-10-28 13:08:06', 'hello', NULL, 0, NULL, NULL, NULL),
(174, 1, 1, '2022-10-28 13:08:08', 'how are you', NULL, 0, NULL, NULL, NULL),
(175, 1, 1, '2022-10-28 13:08:11', 'what you doung', NULL, 0, NULL, NULL, NULL),
(176, 1, 1, '2022-10-28 13:08:15', 'when you plan to report', NULL, 0, NULL, NULL, NULL),
(177, 39, 15, '2023-02-02 07:24:26', 'hi', NULL, 0, NULL, NULL, NULL),
(178, 39, 15, '2023-02-02 07:25:55', 'hi', NULL, 0, NULL, NULL, NULL),
(179, 39, 15, '2023-02-02 07:28:55', 'hi', NULL, 0, NULL, NULL, NULL),
(180, 39, 15, '2023-02-02 07:29:27', 'hi', NULL, 0, NULL, NULL, NULL),
(181, 40, 11, '2023-02-02 09:40:45', 'hi', NULL, 0, NULL, NULL, NULL),
(182, 40, 11, '2023-02-02 10:57:40', 'lets start project work', NULL, 0, NULL, NULL, NULL),
(183, 40, 16, '2023-02-02 10:58:13', 'ok no problem', NULL, 0, NULL, NULL, NULL),
(184, 40, 16, '2023-02-02 11:20:17', '', '{\"file_name\":\"5156cb54dfb5e9a2254c38d78aa5fcff.jpg\",\"file_url\":\"https:\\/\\/upwork.scriptlisting.com\\/user_uploads\\/message-attachments\\/5156cb54dfb5e9a2254c38d78aa5fcff.jpg\",\"org_file_name\":\"2.jpg\",\"is_image\":true,\"file_size\":71.0400000000000062527760746888816356658935546875,\"file_ext\":\".jpg\"}', 0, NULL, NULL, NULL),
(185, 40, 11, '2023-02-02 11:41:57', '', '{\"file_name\":\"4c07ad78735b7bd5dc59a81d8226550a.docx\",\"file_url\":\"https:\\/\\/upwork.scriptlisting.com\\/user_uploads\\/message-attachments\\/4c07ad78735b7bd5dc59a81d8226550a.docx\",\"org_file_name\":\"99acrespropertypost.docx\",\"is_image\":false,\"file_size\":1721.75,\"file_ext\":\".docx\"}', 0, NULL, NULL, NULL),
(186, 40, 11, '2023-02-02 11:44:23', '', '{\"file_name\":\"e8f5b32022221bbf71aeaee815c5799c.docx\",\"file_url\":\"https:\\/\\/upwork.scriptlisting.com\\/user_uploads\\/message-attachments\\/e8f5b32022221bbf71aeaee815c5799c.docx\",\"org_file_name\":\"Agentdetails.docx\",\"is_image\":false,\"file_size\":440.009999999999990905052982270717620849609375,\"file_ext\":\".docx\"}', 0, NULL, NULL, NULL),
(187, 41, 1, '2023-02-02 14:13:03', 'hi', NULL, 0, NULL, NULL, NULL),
(188, 31, 11, '2023-02-03 06:16:22', 'hi, lets start the project..', NULL, 0, NULL, NULL, NULL),
(189, 31, 11, '2023-02-03 06:19:35', '', '{\"file_name\":\"c5c4c6dfe97e9853be24d2bd5a3f8073.pdf\",\"file_url\":\"https:\\/\\/upwork.scriptlisting.com\\/user_uploads\\/message-attachments\\/c5c4c6dfe97e9853be24d2bd5a3f8073.pdf\",\"org_file_name\":\"Request_slip_for_exchange.pdf\",\"is_image\":false,\"file_size\":25.019999999999999573674358543939888477325439453125,\"file_ext\":\".pdf\"}', 0, NULL, NULL, NULL),
(190, 42, 11, '2023-02-07 20:26:57', 'Chat initiated', NULL, 0, NULL, NULL, NULL),
(191, 43, 11, '2023-03-17 11:36:04', 'Chat initiated', NULL, 0, NULL, NULL, NULL),
(192, 43, 11, '2023-03-17 11:36:33', 'hi, I check your profile about the project..', NULL, 0, NULL, NULL, NULL),
(193, 43, 16, '2023-03-17 11:38:04', 'ok, lets me start discuss about project...', NULL, 0, 192, NULL, NULL),
(194, 43, 16, '2023-03-17 12:11:22', '', '{\"file_name\":\"85fcee13e90dcc13a3b77494ad3e2bb6.pdf\",\"file_url\":\"https:\\/\\/upwork.scriptlisting.com\\/user_uploads\\/message-attachments\\/85fcee13e90dcc13a3b77494ad3e2bb6.pdf\",\"org_file_name\":\"Request_slip_for_exchange.pdf\",\"is_image\":false,\"file_size\":25.019999999999999573674358543939888477325439453125,\"file_ext\":\".pdf\"}', 0, NULL, NULL, NULL),
(195, 44, 11, '2023-03-17 13:36:19', 'Chat initiated', NULL, 0, NULL, NULL, NULL),
(196, 44, 11, '2023-03-17 13:37:03', 'ok no problem let me take sometime before start project..', NULL, 0, NULL, NULL, NULL),
(197, 45, 11, '2023-03-17 13:55:51', 'Chat initiated', NULL, 0, NULL, NULL, NULL),
(198, 45, 11, '2023-03-17 13:56:07', 'ok, i\'ll call you shortly..', NULL, 0, NULL, NULL, NULL),
(199, 45, 11, '2023-05-01 01:15:16', 'Hi', NULL, 0, NULL, NULL, NULL),
(200, 43, 11, '2023-05-04 02:20:09', 'hgjhghjghjg', NULL, 0, NULL, NULL, NULL),
(201, 42, 11, '2023-05-04 02:22:21', 'ghjghjghg', NULL, 0, NULL, NULL, NULL),
(202, 31, 16, '2023-05-24 10:56:23', 'hello', NULL, 0, NULL, NULL, NULL),
(203, 31, 11, '2023-05-24 12:03:15', 'Test message', NULL, 0, NULL, NULL, NULL),
(204, 31, 16, '2023-05-24 12:03:44', 'Test reply', NULL, 0, NULL, NULL, NULL),
(205, 46, 16, '2023-06-13 07:37:56', 'Chat initiated', NULL, 0, NULL, NULL, NULL),
(206, 47, 11, '2023-06-13 07:44:53', 'Chat initiated', NULL, 0, NULL, NULL, NULL),
(207, 47, 11, '2023-06-13 07:45:04', 'hi', NULL, 0, NULL, NULL, NULL),
(208, 47, 11, '2023-06-13 07:45:56', 'I\'d see your profile for job..', NULL, 0, NULL, NULL, NULL),
(209, 48, 16, '2023-06-13 08:06:43', 'Chat initiated', NULL, 0, NULL, NULL, NULL),
(210, 49, 11, '2023-06-14 06:48:31', 'Chat initiated', NULL, 0, NULL, NULL, NULL),
(211, 49, 11, '2023-06-14 06:49:01', 'hi, plz discuss about project..', NULL, 0, NULL, NULL, NULL),
(212, 49, 16, '2023-06-14 06:49:18', 'ok', NULL, 0, NULL, NULL, NULL),
(213, 50, 11, '2023-06-14 07:24:58', 'Chat initiated', NULL, 0, NULL, NULL, NULL),
(214, 51, 16, '2023-06-14 09:54:41', 'Chat initiated', NULL, 0, NULL, NULL, NULL),
(215, 52, 16, '2023-06-14 11:35:32', 'Chat initiated', NULL, 0, NULL, NULL, NULL),
(216, 53, 11, '2023-06-14 12:09:54', 'Chat initiated', NULL, 0, NULL, NULL, NULL),
(217, 54, 16, '2023-06-15 06:50:24', 'Chat initiated', NULL, 0, NULL, NULL, NULL),
(218, 55, 16, '2023-06-15 07:23:20', 'Chat initiated', NULL, 0, NULL, NULL, NULL),
(219, 54, 16, '2023-06-15 09:10:33', 'Hi', NULL, 0, NULL, NULL, NULL),
(220, 56, 16, '2023-06-15 09:45:32', 'Chat initiated', NULL, 0, NULL, NULL, NULL);

-- --------------------------------------------------------

--
-- Table structure for table `pref_conversations_message_edited`
--

CREATE TABLE `pref_conversations_message_edited` (
  `mesage_id` int(11) NOT NULL,
  `message_org` text NOT NULL,
  `edit_date` datetime NOT NULL,
  `edit_id` int(11) NOT NULL
) ENGINE=InnoDB DEFAULT CHARSET=utf8;

--
-- Dumping data for table `pref_conversations_message_edited`
--

INSERT INTO `pref_conversations_message_edited` (`mesage_id`, `message_org`, `edit_date`, `edit_id`) VALUES
(18, 'hello', '2021-03-25 14:25:18', 1),
(24, 'When you will start work', '2021-04-06 12:50:35', 2),
(56, 'Hello, HOw are you', '2022-03-03 12:07:46', 3),
(164, '2:08', '2022-08-20 20:38:40', 4),
(164, '2:10', '2022-08-20 20:38:55', 5),
(164, '2:11', '2022-08-20 20:39:36', 6),
(167, 'hello', '2022-10-23 18:35:50', 7);

-- --------------------------------------------------------

--
-- Table structure for table `pref_conversations_message_favorite`
--

CREATE TABLE `pref_conversations_message_favorite` (
  `message_id` int(11) NOT NULL,
  `member_id` int(11) NOT NULL
) ENGINE=InnoDB DEFAULT CHARSET=latin1;

--
-- Dumping data for table `pref_conversations_message_favorite`
--

INSERT INTO `pref_conversations_message_favorite` (`message_id`, `member_id`) VALUES
(36, 11),
(42, 16),
(57, 16),
(123, 16),
(145, 11),
(184, 16);

-- --------------------------------------------------------

--
-- Table structure for table `pref_conversations_room`
--

CREATE TABLE `pref_conversations_room` (
  `conversations_id` int(10) UNSIGNED NOT NULL,
  `user_id` int(10) UNSIGNED NOT NULL,
  `last_seen_msg` int(10) UNSIGNED NOT NULL,
  `auth_status` tinyint(4) NOT NULL
) ENGINE=InnoDB DEFAULT CHARSET=utf8;

--
-- Dumping data for table `pref_conversations_room`
--

INSERT INTO `pref_conversations_room` (`conversations_id`, `user_id`, `last_seen_msg`, `auth_status`) VALUES
(1, 1, 220, 1),
(1, 11, 181, 1),
(2, 11, 86, 1),
(2, 8, 4, 1),
(3, 16, 164, 1),
(3, 11, 164, 1),
(4, 1, 220, 1),
(4, 11, 86, 1),
(5, 11, 105, 1),
(5, 1, 220, 1),
(6, 16, 176, 1),
(6, 11, 34, 1),
(7, 16, 166, 1),
(7, 11, 166, 1),
(8, 16, 189, 1),
(8, 11, 74, 1),
(9, 11, 166, 1),
(9, 1, 220, 1),
(10, 16, 176, 1),
(10, 11, 74, 1),
(11, 16, 99, 1),
(11, 11, 87, 1),
(12, 11, 91, 1),
(12, 16, 86, 1),
(13, 11, 87, 1),
(13, 16, 176, 1),
(14, 11, 168, 1),
(14, 16, 166, 1),
(15, 16, 166, 1),
(15, 11, 87, 1),
(16, 11, 91, 1),
(16, 1, 220, 1),
(17, 1, 220, 1),
(17, 11, 118, 1),
(18, 1, 220, 1),
(18, 11, 102, 1),
(19, 1, 220, 1),
(19, 11, 94, 1),
(20, 1, 114, 1),
(20, 11, 109, 1),
(21, 32, 99, 1),
(21, 16, 189, 1),
(22, 16, 176, 1),
(22, 32, 99, 1),
(23, 33, 100, 1),
(23, 32, 100, 1),
(24, 1, 138, 1),
(24, 11, 114, 1),
(25, 11, 120, 1),
(25, 16, 164, 1),
(26, 1, 220, 1),
(26, 11, 114, 1),
(27, 11, 166, 1),
(27, 1, 171, 1),
(28, 1, 220, 1),
(28, 11, 116, 1),
(29, 11, 186, 1),
(29, 1, 116, 0),
(30, 11, 119, 1),
(30, 1, 138, 0),
(31, 11, 205, 1),
(31, 16, 204, 1),
(32, 11, 189, 1),
(32, 16, 189, 1),
(33, 42, 131, 1),
(33, 16, 161, 1),
(34, 42, 138, 1),
(34, 41, 138, 1),
(35, 42, 138, 1),
(35, 44, 133, 0),
(36, 11, 209, 1),
(36, 1, 171, 1),
(37, 1, 220, 1),
(37, 11, 166, 1),
(38, 1, 220, 1),
(38, 11, 181, 1),
(39, 11, 181, 1),
(39, 15, 204, 1),
(40, 16, 190, 1),
(40, 11, 201, 1),
(41, 11, 201, 1),
(41, 1, 220, 1),
(42, 11, 201, 1),
(42, 16, 204, 1),
(43, 11, 201, 1),
(43, 16, 204, 1),
(44, 11, 201, 1),
(44, 16, 209, 1),
(45, 11, 201, 1),
(45, 16, 201, 1),
(46, 16, 205, 1),
(46, 11, 205, 1),
(47, 11, 209, 1),
(47, 16, 213, 1),
(48, 16, 209, 1),
(48, 11, 220, 1),
(49, 11, 212, 1),
(49, 16, 212, 1),
(50, 11, 214, 1),
(50, 16, 214, 0),
(51, 16, 219, 1),
(51, 11, 214, 1),
(52, 16, 219, 1),
(52, 11, 215, 1),
(53, 11, 220, 1),
(53, 16, 219, 1),
(54, 16, 219, 1),
(54, 11, 219, 1),
(55, 16, 219, 1),
(55, 11, 218, 1),
(56, 16, 220, 1),
(56, 11, 220, 1);

-- --------------------------------------------------------

--
-- Table structure for table `pref_country`
--

CREATE TABLE `pref_country` (
  `country_id` int(11) NOT NULL,
  `country_code` char(3) CHARACTER SET latin1 NOT NULL DEFAULT '',
  `country_code_short` char(2) CHARACTER SET latin1 NOT NULL DEFAULT '',
  `currency_code` varchar(5) CHARACTER SET latin1 NOT NULL,
  `country_status` tinyint(1) NOT NULL,
  `country_thumb` varchar(75) DEFAULT NULL,
  `country_background` varchar(75) DEFAULT NULL
) ENGINE=InnoDB DEFAULT CHARSET=utf8;

--
-- Dumping data for table `pref_country`
--

INSERT INTO `pref_country` (`country_id`, `country_code`, `country_code_short`, `currency_code`, `country_status`, `country_thumb`, `country_background`) VALUES
(1, 'ABW', 'AW', 'AWG', 1, '', ''),
(2, 'AFG', 'AF', 'AFN', 1, NULL, NULL),
(3, 'AGO', 'AO', 'AOA', 1, '', ''),
(4, 'AIA', 'AI', 'XCD', 1, '', ''),
(5, 'ALB', 'AL', 'ALL', 1, NULL, NULL),
(6, 'AND', 'AD', 'EUR', 1, '', ''),
(7, 'ANT', 'AN', 'ANG', 1, '', ''),
(8, 'ARE', 'AE', 'AED', 1, '', ''),
(9, 'ARG', 'AR', 'ARS', 1, NULL, NULL),
(10, 'ARM', 'AM', 'AMD', 1, '', ''),
(11, 'ASM', 'AS', '', 1, NULL, NULL),
(12, 'ATA', 'AQ', '', 1, '', ''),
(13, 'ATF', 'TF', 'EUR', 1, '', ''),
(14, 'ATG', 'AG', 'XCD', 1, '', ''),
(15, 'AUS', 'AU', 'AUD', 1, '', ''),
(16, 'AUT', 'AT', 'EUR', 1, '', ''),
(17, 'AZE', 'AZ', 'AZN', 1, '', ''),
(18, 'BDI', 'BI', 'BIF', 1, '', ''),
(19, 'BEL', 'BE', 'EUR', 1, '', ''),
(20, 'BEN', 'BJ', 'XOF', 1, '', ''),
(21, 'BFA', 'BF', 'XOF', 1, '', ''),
(22, 'BGD', 'BD', 'BDT', 1, '', ''),
(23, 'BGR', 'BG', 'BGN', 1, '', ''),
(24, 'BHR', 'BH', 'BHD', 1, NULL, NULL),
(25, 'BHS', 'BS', 'BSD', 1, '', ''),
(26, 'BIH', 'BA', 'BAM', 1, '', ''),
(27, 'BLR', 'BY', 'BYR', 1, '', ''),
(28, 'BLZ', 'BZ', 'BZD', 1, '', ''),
(29, 'BMU', 'BM', 'BMD', 1, '', ''),
(30, 'BOL', 'BO', 'BOB', 1, '', ''),
(31, 'BRA', 'BR', 'BRL', 1, '', ''),
(32, 'BRB', 'BB', 'BBD', 1, '', ''),
(33, 'BRN', 'BN', 'BND', 1, '', ''),
(34, 'BTN', 'BT', 'BTN', 1, '', ''),
(35, 'BVT', 'BV', 'NOK', 1, '', ''),
(36, 'BWA', 'BW', 'BWP', 1, '', ''),
(37, 'CAF', 'CF', 'XAF', 1, '', ''),
(38, 'CAN', 'CA', 'CAD', 1, '', ''),
(39, 'CCK', 'CC', 'AUD', 1, '', ''),
(40, 'CHE', 'CH', 'CHF', 1, '', ''),
(41, 'CHL', 'CL', 'CLP', 1, '', ''),
(42, 'CHN', 'CN', 'CNY', 1, '', ''),
(43, 'CIV', 'CI', 'XOF', 1, '', ''),
(44, 'CMR', 'CM', 'XAF', 1, '', ''),
(45, 'COD', 'CD', '', 1, '', ''),
(46, 'COG', 'CG', 'CDF', 1, '', ''),
(47, 'COK', 'CK', 'NZD', 1, '', ''),
(48, 'COL', 'CO', 'COP', 1, '', ''),
(49, 'COM', 'KM', 'KMF', 1, '', ''),
(50, 'CPV', 'CV', 'CVE', 1, '', ''),
(51, 'CRI', 'CR', 'CRC', 1, '', ''),
(52, 'CUB', 'CU', 'CUC', 1, '', ''),
(53, 'CXR', 'CX', 'AUD', 1, '', ''),
(54, 'CYM', 'KY', 'KYD', 1, '', ''),
(55, 'CYP', 'CY', 'EUR', 1, '', ''),
(56, 'CZE', 'CZ', 'CZK', 1, '', ''),
(57, 'DEU', 'DE', 'EUR', 1, '', ''),
(58, 'DJI', 'DJ', 'DJF', 1, '', ''),
(59, 'DMA', 'DM', 'XCD', 1, '', ''),
(60, 'DNK', 'DK', 'DKK', 1, '', ''),
(61, 'DOM', 'DO', 'DOP', 1, NULL, NULL),
(62, 'DZA', 'DZ', 'DZD', 1, NULL, NULL),
(63, 'ECU', 'EC', 'USD', 1, NULL, NULL),
(64, 'EGY', 'EG', 'EGP', 1, NULL, NULL),
(65, 'ERI', 'ER', 'ERN', 1, NULL, NULL),
(66, 'ESH', 'EH', '', 1, '', ''),
(67, 'ESP', 'ES', 'EUR', 1, '', ''),
(68, 'EST', 'EE', 'EUR', 1, NULL, NULL),
(69, 'ETH', 'ET', 'ETB', 1, NULL, NULL),
(70, 'FIN', 'FI', 'EUR', 1, '', ''),
(71, 'FJI', 'FJ', '', 1, NULL, NULL),
(72, 'FLK', 'FK', 'FKP', 1, NULL, NULL),
(73, 'FRA', 'FR', 'EUR', 1, '', ''),
(74, 'FRO', 'FO', 'DKK', 1, NULL, NULL),
(75, 'FSM', 'FM', 'USD', 1, '', ''),
(76, 'GAB', 'GA', 'XAF', 1, '', ''),
(77, 'GBR', 'GB', 'GBP', 1, '', ''),
(78, 'GEO', 'GE', 'GEL', 1, '', ''),
(79, 'GHA', 'GH', 'GHS', 1, '', ''),
(80, 'GIB', 'GI', 'GIP', 1, '', ''),
(81, 'GIN', 'GN', 'GNF', 1, '', ''),
(82, 'GLP', 'GP', 'EUR', 1, '', ''),
(83, 'GMB', 'GM', 'GMD', 1, '', ''),
(84, 'GNB', 'GW', 'XOF', 1, '', ''),
(85, 'GNQ', 'GQ', 'XAF', 1, NULL, NULL),
(86, 'GRC', 'GR', 'EUR', 1, '', ''),
(87, 'GRD', 'GD', 'XCD', 1, '', ''),
(88, 'GRL', 'GL', 'DKK', 1, '', ''),
(89, 'GTM', 'GT', 'GTQ', 1, '', ''),
(90, 'GUF', 'GF', 'EUR', 1, '', ''),
(91, 'GUM', 'GU', 'USD', 1, '', ''),
(92, 'GUY', 'GY', 'GYD', 1, '', ''),
(93, 'HKG', 'HK', 'HKD', 1, '', ''),
(94, 'HMD', 'HM', 'AUD', 1, '', ''),
(95, 'HND', 'HN', 'HNL', 1, '', ''),
(96, 'HRV', 'HR', 'HRK', 1, '', ''),
(97, 'HTI', 'HT', 'HTG', 1, '', ''),
(98, 'HUN', 'HU', 'HUF', 1, '', ''),
(99, 'IDN', 'ID', 'IDR', 1, '', ''),
(100, 'IND', 'IN', 'INR', 1, '', ''),
(101, 'IOT', 'IO', 'USD', 1, '', ''),
(102, 'IRL', 'IE', 'EUR', 1, '', ''),
(103, 'IRN', 'IR', 'IRR', 1, '', ''),
(104, 'IRQ', 'IQ', 'IQD', 1, '', ''),
(105, 'ISL', 'IS', 'ISK', 1, '', ''),
(106, 'ISR', 'IL', 'ILS', 1, '', ''),
(107, 'ITA', 'IT', 'EUR', 1, '', ''),
(108, 'JAM', 'JM', 'JMD', 1, '', ''),
(109, 'JOR', 'JO', 'JOD', 1, '', ''),
(110, 'JPN', 'JP', 'JPY', 1, '', ''),
(111, 'KAZ', 'KZ', 'KZT', 1, '', ''),
(112, 'KEN', 'KE', 'KES', 1, '', ''),
(113, 'KGZ', 'KG', 'KGS', 1, '', ''),
(114, 'KHM', 'KH', 'KHR', 1, '', ''),
(115, 'KIR', 'KI', 'AUD', 1, '', ''),
(116, 'KNA', 'KN', 'XCD', 1, '', ''),
(117, 'KOR', 'KR', 'KRW', 1, '', ''),
(118, 'KWT', 'KW', 'KWD', 1, '', ''),
(119, 'LAO', 'LA', 'LAK', 1, '', ''),
(120, 'LBN', 'LB', 'LBP', 1, '', ''),
(121, 'LBR', 'LR', 'LRD', 1, '', ''),
(122, 'LBY', 'LY', 'LYD', 1, '', ''),
(123, 'LCA', 'LC', 'XCD', 1, '', ''),
(124, 'LIE', 'LI', 'CHF', 1, '', ''),
(125, 'LKA', 'LK', 'LKR', 1, '', ''),
(126, 'LSO', 'LS', 'LSL', 1, '', ''),
(127, 'LTU', 'LT', 'EUR', 1, '', ''),
(128, 'LUX', 'LU', 'EUR', 1, '', ''),
(129, 'LVA', 'LV', 'EUR', 1, '', ''),
(130, 'MAC', 'MO', 'MOP', 1, '', ''),
(131, 'MAR', 'MA', 'MAD', 1, '', ''),
(132, 'MCO', 'MC', 'EUR', 1, '', ''),
(133, 'MDA', 'MD', 'MDL', 1, '', ''),
(134, 'MDG', 'MG', 'MGA', 1, '', ''),
(135, 'MDV', 'MV', 'MVR', 1, '', ''),
(136, 'MEX', 'MX', 'MXN', 1, '', ''),
(137, 'MHL', 'MH', 'USD', 1, '', ''),
(138, 'MKD', 'MK', 'MKD', 1, '', ''),
(139, 'MLI', 'ML', 'XOF', 1, '', ''),
(140, 'MLT', 'MT', 'EUR', 1, '', ''),
(141, 'MMR', 'MM', 'MMK', 1, '', ''),
(142, 'MNG', 'MN', 'MNT', 1, '', ''),
(143, 'MNP', 'MP', 'USD', 1, '', ''),
(144, 'MOZ', 'MZ', 'MZN', 1, '', ''),
(145, 'MRT', 'MR', 'MRO', 1, '', ''),
(146, 'MSR', 'MS', 'XCD', 1, '', ''),
(147, 'MTQ', 'MQ', 'EUR', 1, '', ''),
(148, 'MUS', 'MU', 'MUR', 1, '', ''),
(149, 'MWI', 'MW', 'MWK', 1, '', ''),
(150, 'MYS', 'MY', 'MYR', 1, '', ''),
(151, 'MYT', 'YT', 'EUR', 1, '', ''),
(152, 'NAM', 'NA', 'NAD', 1, '', ''),
(153, 'NCL', 'NC', 'XPF', 1, '', ''),
(154, 'NER', 'NE', 'XOF', 1, '', ''),
(155, 'NFK', 'NF', 'AUD', 1, '', ''),
(156, 'NGA', 'NG', 'NGN', 1, '', ''),
(157, 'NIC', 'NI', 'NIO', 1, '', ''),
(158, 'NIU', 'NU', 'NZD', 1, '', ''),
(159, 'NLD', 'NL', 'EUR', 1, '', ''),
(160, 'NOR', 'NO', 'NOK', 1, '', ''),
(161, 'NPL', 'NP', 'NPR', 1, '', ''),
(162, 'NRU', 'NR', 'AUD', 1, '', ''),
(163, 'NZL', 'NZ', 'NZD', 1, '', ''),
(164, 'OMN', 'OM', 'OMR', 1, '', ''),
(165, 'PAK', 'PK', 'PKR', 1, '', ''),
(166, 'PAN', 'PA', 'PAB', 1, '', ''),
(167, 'PCN', 'PN', 'NZD', 1, '', ''),
(168, 'PER', 'PE', 'PEN', 1, '', ''),
(169, 'PHL', 'PH', 'PHP', 1, '', ''),
(170, 'PLW', 'PW', 'USD', 1, '', ''),
(171, 'PNG', 'PG', 'PGK', 1, '', ''),
(172, 'POL', 'PL', 'PLN', 1, '', ''),
(173, 'PRI', 'PR', 'USD', 1, '', ''),
(174, 'PRK', 'KP', 'KPW', 1, '', ''),
(175, 'PRT', 'PT', 'EUR', 1, '', ''),
(176, 'PRY', 'PY', 'PYG', 1, '', ''),
(177, 'PSE', 'PS', 'PSP', 1, '', ''),
(178, 'PYF', 'PF', 'XPF', 1, '', ''),
(179, 'QAT', 'QA', 'QAR', 1, '', ''),
(180, 'REU', 'RE', '', 1, '', ''),
(181, 'ROM', 'RO', 'RON', 1, '', ''),
(182, 'RUS', 'RU', 'RUB', 1, '', ''),
(183, 'RWA', 'RW', 'RWF', 1, '', ''),
(184, 'SAU', 'SA', 'SAR', 1, '', ''),
(185, 'SDN', 'SD', 'SDG', 1, '', ''),
(186, 'SEN', 'SN', 'XOF', 1, '', ''),
(187, 'SGP', 'SG', 'BND', 1, '', ''),
(188, 'SGS', 'GS', 'GBP ', 1, '', ''),
(189, 'SHN', 'SH', 'SHP', 1, '', ''),
(190, 'SJM', 'SJ', '', 1, '', ''),
(191, 'SLB', 'SB', 'SBD', 1, '', ''),
(192, 'SLE', 'SL', 'SLL', 1, '', ''),
(193, 'SLV', 'SV', 'USD', 1, NULL, NULL),
(194, 'SMR', 'SM', 'EUR', 1, '', ''),
(195, 'SOM', 'SO', 'SOS', 1, '', ''),
(196, 'SPM', 'PM', 'EUR', 1, '', ''),
(197, 'STP', 'ST', 'STD', 1, '', ''),
(198, 'SUR', 'SR', 'SRD', 1, '', ''),
(199, 'SVK', 'SK', 'EUR', 1, '', ''),
(200, 'SVN', 'SI', 'EUR', 1, '', ''),
(201, 'SWE', 'SE', 'SEK', 1, '', ''),
(202, 'SWZ', 'SZ', 'SZL', 1, '', ''),
(203, 'SYC', 'SC', 'SCR', 1, '', ''),
(204, 'SYR', 'SY', 'SYP', 1, '', ''),
(205, 'TCA', 'TC', 'USD', 1, '', ''),
(206, 'TCD', 'TD', 'XAF', 1, '', ''),
(207, 'TGO', 'TG', 'XOF', 1, '', ''),
(208, 'THA', 'TH', 'THB', 1, '', ''),
(209, 'TJK', 'TJ', 'TJS', 1, '', ''),
(210, 'TKL', 'TK', 'NZD', 1, '', ''),
(211, 'TKM', 'TM', 'TMT', 1, '', ''),
(212, 'TMP', 'TP', 'USD', 1, NULL, NULL),
(213, 'TON', 'TO', 'TOP', 1, '', ''),
(214, 'TTO', 'TT', 'TTD', 1, '', ''),
(215, 'TUN', 'TN', 'TND', 1, '', ''),
(216, 'TUR', 'TR', 'TRY', 1, '', ''),
(217, 'TUV', 'TV', 'AUD', 1, '', ''),
(218, 'TWN', 'TW', 'TWD', 1, '', ''),
(219, 'TZA', 'TZ', 'TZS', 1, '', ''),
(220, 'UGA', 'UG', 'UGX', 1, '', ''),
(221, 'UKR', 'UA', 'UAH', 1, '', ''),
(222, 'UMI', 'UM', 'USD ', 1, '', ''),
(223, 'URY', 'UY', 'UYU', 1, '', ''),
(224, 'USA', 'US', 'USD', 1, '', ''),
(225, 'UZB', 'UZ', 'UZS', 1, '', ''),
(226, 'VAT', 'VA', 'EUR', 1, '', ''),
(227, 'VCT', 'VC', 'XCD', 1, '', ''),
(228, 'VEN', 'VE', 'VEF', 1, '', ''),
(229, 'VGB', 'VG', 'VGD', 1, '', ''),
(230, 'VIR', 'VI', '', 1, NULL, NULL),
(231, 'VNM', 'VN', 'VND', 1, '', ''),
(232, 'VUT', 'VU', 'VUV', 1, '', ''),
(233, 'WLF', 'WF', 'CFP', 1, '', ''),
(234, 'WSM', 'WS', 'WST', 1, '', ''),
(235, 'YEM', 'YE', 'YER', 1, '', ''),
(236, 'YUG', 'YU', 'YUM', 1, '', ''),
(237, 'ZAF', 'ZA', 'ZAR', 1, '', ''),
(238, 'ZMB', 'ZM', 'ZMW', 1, '', ''),
(239, 'ZWE', 'ZW', 'BWP', 1, '', '');

-- --------------------------------------------------------

--
-- Table structure for table `pref_country_names`
--

CREATE TABLE `pref_country_names` (
  `country_code` char(3) CHARACTER SET latin1 NOT NULL DEFAULT '',
  `country_name` char(52) NOT NULL DEFAULT '',
  `country_lang` char(3) NOT NULL DEFAULT 'en'
) ENGINE=InnoDB DEFAULT CHARSET=utf8;

--
-- Dumping data for table `pref_country_names`
--

INSERT INTO `pref_country_names` (`country_code`, `country_name`, `country_lang`) VALUES
('BHR', 'Bahrain', 'en'),
('DOM', 'Dominican Republic', 'en'),
('ECU', 'Ecuador', 'en'),
('EGY', 'Egypt', 'en'),
('ERI', 'Eritrea', 'en'),
('EST', 'Estonia', 'en'),
('ETH', 'Ethiopia', 'en'),
('FJI', 'Fiji Islands', 'en'),
('FLK', 'Falkland Islands', 'en'),
('FRO', 'Faroe Islands', 'en'),
('GNQ', 'Equatorial Guinea', 'en'),
('SLV', 'El Salvador', 'en'),
('TMP', 'East Timor', 'en'),
('VIR', 'Virgin Islands, U.S.', 'en'),
('AFG', 'Afghanistan', 'en'),
('AFG', 'أفغانستان', 'ar'),
('ALB', 'Albania', 'en'),
('ALB', 'ألبانيا', 'ar'),
('ARG', 'Argentina', 'en'),
('ARG', 'الأرجنتين', 'ar'),
('DZA', 'Algeria', 'en'),
('DZA', 'الجزائر', 'ar'),
('ASM', 'American Samoa', 'en'),
('ASM', 'ساموا الأمريكية', 'ar'),
('AND', 'Andorra', 'en'),
('AND', 'أندورا', 'ar'),
('AGO', 'Angola', 'en'),
('AGO', 'أنغولا', 'ar'),
('AIA', 'Anguilla', 'en'),
('AIA', 'أنغيلا', 'ar'),
('ATA', 'Antarctica', 'en'),
('ATA', 'أنتاركتيكا', 'ar'),
('ATG', 'Antigua and Barbuda', 'en'),
('ATG', 'أنتيغوا وبربودا', 'ar'),
('ARM', 'Armenia', 'en'),
('ARM', 'أرمينيا', 'ar'),
('ABW', 'Aruba', 'en'),
('ABW', 'أروبا', 'ar'),
('AUS', 'Australia', 'en'),
('AUS', 'أستراليا', 'ar'),
('AUT', 'Austria', 'en'),
('AUT', 'النمسا', 'ar'),
('AZE', 'Azerbaijan', 'en'),
('AZE', 'أذربيجان', 'ar'),
('BHS', 'Bahamas', 'en'),
('BHS', 'جزر البهاما', 'ar'),
('BGD', 'Bangladesh', 'en'),
('BGD', 'بنغلاديش', 'ar'),
('BRB', 'Barbados', 'en'),
('BRB', 'بربادوس', 'ar'),
('BLR', 'Belarus', 'en'),
('BLR', 'بيلاروسيا', 'ar'),
('BEL', 'Belgium', 'en'),
('BEL', 'بلجيكا', 'ar'),
('BLZ', 'Belize', 'en'),
('BLZ', 'بليز', 'ar'),
('BEN', 'Benin', 'en'),
('BEN', 'بنين', 'ar'),
('BMU', 'Bermuda', 'en'),
('BMU', 'برمودا', 'ar'),
('BTN', 'Bhutan', 'en'),
('BTN', 'بوتان', 'ar'),
('BOL', 'Bolivia', 'en'),
('BOL', 'بوليفيا', 'ar'),
('BIH', 'Bosnia and Herzegovina', 'en'),
('BIH', 'البوسنة والهرسك', 'ar'),
('BWA', 'Botswana', 'en'),
('BWA', 'بوتسوانا', 'ar'),
('BVT', 'Bouvet Island', 'en'),
('BVT', 'جزيرة بوفيت', 'ar'),
('BRA', 'Brazil', 'en'),
('BRA', 'البرازيل', 'ar'),
('IOT', 'British Indian Ocean Territory', 'en'),
('IOT', 'إقليم المحيط البريطاني الهندي', 'ar'),
('BRN', 'Brunei', 'en'),
('BRN', 'بروناي', 'ar'),
('BGR', 'Bulgaria', 'en'),
('BGR', 'بلغاريا', 'ar'),
('BFA', 'Burkina Faso', 'en'),
('BFA', 'بوركينا فاسو', 'ar'),
('BDI', 'Burundi', 'en'),
('BDI', 'بوروندي', 'ar'),
('KHM', 'Cambodia', 'en'),
('KHM', 'كمبوديا', 'ar'),
('CMR', 'Cameroon', 'en'),
('CMR', 'الكاميرون', 'ar'),
('CAN', 'Canada', 'en'),
('CAN', 'كندا', 'ar'),
('CPV', 'Cape Verde', 'en'),
('CPV', 'الرأس الأخضر', 'ar'),
('CYM', 'Cayman Islands', 'en'),
('CYM', 'جزر كايمان', 'ar'),
('CAF', 'Central African Republic', 'en'),
('CAF', 'جمهورية افريقيا الوسطى', 'ar'),
('TCD', 'Chad', 'en'),
('TCD', 'تشاد', 'ar'),
('CHL', 'Chile', 'en'),
('CHL', 'تشيلي', 'ar'),
('CHN', 'China', 'en'),
('CHN', 'الصين', 'ar'),
('CXR', 'Christmas Island', 'en'),
('CXR', 'جزيرة الكريسماس', 'ar'),
('CCK', 'Cocos (Keeling) Islands', 'en'),
('CCK', 'جزر كوكوس (كيلينغ)', 'ar'),
('COL', 'Colombia', 'en'),
('COL', 'كولومبيا', 'ar'),
('COM', 'Comoros', 'en'),
('COM', 'جزر القمر', 'ar'),
('COG', 'Congo', 'en'),
('COG', 'الكونغو', 'ar'),
('COD', 'Congo, The Democratic Republic of the', 'en'),
('COD', 'جمهورية الكونغو الديمقراطية', 'ar'),
('COK', 'Cook Islands', 'en'),
('COK', 'جزر كوك', 'ar'),
('CRI', 'Costa Rica', 'en'),
('CRI', 'كوستا ريكا', 'ar'),
('CIV', 'Côte d’Ivoire', 'en'),
('CIV', 'كوت ديفوار', 'ar'),
('HRV', 'Croatia', 'en'),
('HRV', 'كرواتيا', 'ar'),
('CUB', 'Cuba', 'en'),
('CUB', 'كوبا', 'ar'),
('CYP', 'Cyprus', 'en'),
('CYP', 'قبرص', 'ar'),
('CZE', 'Czech Republic', 'en'),
('CZE', 'الجمهورية التشيكية', 'ar'),
('DNK', 'Denmark', 'en'),
('DNK', 'الدنمارك', 'ar'),
('DJI', 'Djibouti', 'en'),
('DJI', 'جيبوتي', 'ar'),
('DMA', 'Dominica', 'en'),
('DMA', 'دومينيكا', 'ar'),
('FIN', 'Finland', 'en'),
('FIN', 'فنلندا', 'ar'),
('FRA', 'France', 'en'),
('FRA', 'فرنسا', 'ar'),
('GUF', 'French Guiana', 'en'),
('GUF', 'غيانا الفرنسية', 'ar'),
('PYF', 'French Polynesia', 'en'),
('PYF', 'بولينيزيا الفرنسية', 'ar'),
('ATF', 'French Southern territories', 'en'),
('ATF', 'المناطق الجنوبية لفرنسا', 'ar'),
('GAB', 'Gabon', 'en'),
('GAB', 'الجابون', 'ar'),
('GMB', 'Gambia', 'en'),
('GMB', 'غامبيا', 'ar'),
('GEO', 'Georgia', 'en'),
('GEO', 'جورجيا', 'ar'),
('DEU', 'Germany', 'en'),
('DEU', 'ألمانيا', 'ar'),
('GHA', 'Ghana', 'en'),
('GHA', 'غانا', 'ar'),
('GIB', 'Gibraltar', 'en'),
('GIB', 'جبل طارق', 'ar'),
('GRC', 'Greece', 'en'),
('GRC', 'اليونان', 'ar'),
('GRL', 'Greenland', 'en'),
('GRL', 'الأرض الخضراء', 'ar'),
('GRD', 'Grenada', 'en'),
('GRD', 'غرينادا', 'ar'),
('GLP', 'Guadeloupe', 'en'),
('GLP', 'جوادلوب', 'ar'),
('GUM', 'Guam', 'en'),
('GUM', 'غوام', 'ar'),
('GTM', 'Guatemala', 'en'),
('GTM', 'غواتيمالا', 'ar'),
('GIN', 'Guinea', 'en'),
('GIN', 'غينيا', 'ar'),
('GNB', 'Guinea-Bissau', 'en'),
('GNB', 'غينيا بيساو', 'ar'),
('GUY', 'Guyana', 'en'),
('GUY', 'غيانا', 'ar'),
('HTI', 'Haiti', 'en'),
('HTI', 'هايتي', 'ar'),
('HMD', 'Heard Island and McDonald Islands', 'en'),
('HMD', 'قلب الجزيرة وجزر ماكدونالز', 'ar'),
('VAT', 'Holy See (Vatican City State)', 'en'),
('VAT', 'الكرسي الرسولي (دولة الفاتيكان)', 'ar'),
('HND', 'Honduras', 'en'),
('HND', 'هندوراس', 'ar'),
('HKG', 'Hong Kong', 'en'),
('HKG', 'هونج كونج', 'ar'),
('HUN', 'Hungary', 'en'),
('HUN', 'هنغاريا', 'ar'),
('ISL', 'Iceland', 'en'),
('ISL', 'أيسلندا', 'ar'),
('IND', 'India', 'en'),
('IND', 'الهند', 'ar'),
('IDN', 'Indonesia', 'en'),
('IDN', 'إندونيسيا', 'ar'),
('IRN', 'Iran', 'en'),
('IRN', 'إيران', 'ar'),
('IRQ', 'Iraq', 'en'),
('IRQ', 'العراق', 'ar'),
('IRL', 'Ireland', 'en'),
('IRL', 'أيرلندا', 'ar'),
('ISR', 'Israel', 'en'),
('ISR', 'إسرائيل', 'ar'),
('ITA', 'Italy', 'en'),
('ITA', 'إيطاليا', 'ar'),
('JAM', 'Jamaica', 'en'),
('JAM', 'جامايكا', 'ar'),
('JPN', 'Japan', 'en'),
('JPN', 'اليابان', 'ar'),
('JOR', 'Jordan', 'en'),
('JOR', 'الأردن', 'ar'),
('KAZ', 'Kazakstan', 'en'),
('KAZ', 'كازاخستان', 'ar'),
('KEN', 'Kenya', 'en'),
('KEN', 'كينيا', 'ar'),
('KIR', 'Kiribati', 'en'),
('KIR', 'كيريباتي', 'ar'),
('KWT', 'Kuwait', 'en'),
('KWT', 'الكويت', 'ar'),
('KGZ', 'Kyrgyzstan', 'en'),
('KGZ', 'قيرغيزستان', 'ar'),
('LAO', 'Laos', 'en'),
('LAO', 'لاوس', 'ar'),
('LVA', 'Latvia', 'en'),
('LVA', 'لاتفيا', 'ar'),
('LBN', 'Lebanon', 'en'),
('LBN', 'لبنان', 'ar'),
('LSO', 'Lesotho', 'en'),
('LSO', 'ليسوتو', 'ar'),
('LBR', 'Liberia', 'en'),
('LBR', 'ليبيريا', 'ar'),
('LBY', 'Libyan Arab Jamahiriya', 'en'),
('LBY', 'الجماهيرية العربية الليبية', 'ar'),
('LIE', 'Liechtenstein', 'en'),
('LIE', 'ليختنشتاين', 'ar'),
('LTU', 'Lithuania', 'en'),
('LTU', 'ليتوانيا', 'ar'),
('LUX', 'Luxembourg', 'en'),
('LUX', 'لوكسمبورغ', 'ar'),
('MAC', 'Macao', 'en'),
('MAC', 'ماكاو', 'ar'),
('MKD', 'Macedonia', 'en'),
('MKD', 'مقدونيا', 'ar'),
('MDG', 'Madagascar', 'en'),
('MDG', 'مدغشقر', 'ar'),
('MWI', 'Malawi', 'en'),
('MWI', 'ملاوي', 'ar'),
('MYS', 'Malaysia', 'en'),
('MYS', 'ماليزيا', 'ar'),
('MDV', 'Maldives', 'en'),
('MDV', 'جزر المالديف', 'ar'),
('MLI', 'Mali', 'en'),
('MLI', 'مالي', 'ar'),
('MLT', 'Malta', 'en'),
('MLT', 'مالطا', 'ar'),
('MHL', 'Marshall Islands', 'en'),
('MHL', 'جزر مارشال', 'ar'),
('MTQ', 'Martinique', 'en'),
('MTQ', 'مارتينيك', 'ar'),
('MRT', 'Mauritania', 'en'),
('MRT', 'موريتانيا', 'ar'),
('MUS', 'Mauritius', 'en'),
('MUS', 'موريشيوس', 'ar'),
('MYT', 'Mayotte', 'en'),
('MYT', 'مايوت', 'ar'),
('MEX', 'Mexico', 'en'),
('MEX', 'المكسيك', 'ar'),
('FSM', 'Micronesia, Federated States of', 'en'),
('FSM', 'ولايات ميكرونيزيا الموحدة', 'ar'),
('MDA', 'Moldova', 'en'),
('MDA', 'مولدوفا', 'ar'),
('MCO', 'Monaco', 'en'),
('MCO', 'موناكو', 'ar'),
('MNG', 'Mongolia', 'en'),
('MNG', 'منغوليا', 'ar'),
('MSR', 'Montserrat', 'en'),
('MSR', 'مونتسيرات', 'ar'),
('MAR', 'Morocco', 'en'),
('MAR', 'المغرب', 'ar'),
('MOZ', 'Mozambique', 'en'),
('MOZ', 'موزمبيق', 'ar'),
('MMR', 'Myanmar', 'en'),
('MMR', 'ميانمار', 'ar'),
('NAM', 'Namibia', 'en'),
('NAM', 'ناميبيا', 'ar'),
('NRU', 'Nauru', 'en'),
('NRU', 'ناورو', 'ar'),
('NPL', 'Nepal', 'en'),
('NPL', 'نيبال', 'ar'),
('NLD', 'Netherlands', 'en'),
('NLD', 'هولندا', 'ar'),
('ANT', 'Netherlands Antilles', 'en'),
('ANT', 'جزر الأنتيل الهولندية', 'ar'),
('NCL', 'New Caledonia', 'en'),
('NCL', 'كاليدونيا الجديدة', 'ar'),
('NZL', 'New Zealand', 'en'),
('NZL', 'نيوزيلندا', 'ar'),
('NIC', 'Nicaragua', 'en'),
('NIC', 'نيكاراغوا', 'ar'),
('NER', 'Niger', 'en'),
('NER', 'النيجر', 'ar'),
('NGA', 'Nigeria', 'en'),
('NGA', 'نيجيريا', 'ar'),
('NIU', 'Niue', 'en'),
('NIU', 'نيوي', 'ar'),
('NFK', 'Norfolk Island', 'en'),
('NFK', 'جزيرة نورفولك', 'ar'),
('PRK', 'North Korea', 'en'),
('PRK', 'كوريا الشمالية', 'ar'),
('MNP', 'Northern Mariana Islands', 'en'),
('MNP', 'جزر مريانا الشمالية', 'ar'),
('NOR', 'Norway', 'en'),
('NOR', 'النرويج', 'ar'),
('OMN', 'Oman', 'en'),
('OMN', 'سلطنة عمان', 'ar'),
('PAK', 'Pakistan', 'en'),
('PAK', 'باكستان', 'ar'),
('PLW', 'Palau', 'en'),
('PLW', 'بالاو', 'ar'),
('PSE', 'Palestine', 'en'),
('PSE', 'فلسطين', 'ar'),
('PAN', 'Panama', 'en'),
('PAN', 'بنما', 'ar'),
('PNG', 'Papua New Guinea', 'en'),
('PNG', 'بابوا غينيا الجديدة', 'ar'),
('PRY', 'Paraguay', 'en'),
('PRY', 'باراغواي', 'ar'),
('PER', 'Peru', 'en'),
('PER', 'بيرو', 'ar'),
('PHL', 'Philippines', 'en'),
('PHL', 'فيلبيني', 'ar'),
('PCN', 'Pitcairn', 'en'),
('PCN', 'بيتكيرن', 'ar'),
('POL', 'Poland', 'en'),
('POL', 'بولندا', 'ar'),
('PRT', 'Portugal', 'en'),
('PRT', 'البرتغال', 'ar'),
('PRI', 'Puerto Rico', 'en'),
('PRI', 'بورتوريكو', 'ar'),
('QAT', 'Qatar', 'en'),
('QAT', 'دولة قطر', 'ar'),
('REU', 'Réunion', 'en'),
('REU', 'جمع شمل', 'ar'),
('ROM', 'Romania', 'en'),
('ROM', 'رومانيا', 'ar'),
('RUS', 'Russian Federation', 'en'),
('RUS', 'الاتحاد الروسي', 'ar'),
('RWA', 'Rwanda', 'en'),
('RWA', 'رواندا', 'ar'),
('SHN', 'Saint Helena', 'en'),
('SHN', 'سانت هيلانة', 'ar'),
('KNA', 'Saint Kitts and Nevis', 'en'),
('KNA', 'سانت كيتس ونيفيس', 'ar'),
('LCA', 'Saint Lucia', 'en'),
('LCA', 'القديسة لوسيا', 'ar'),
('SPM', 'Saint Pierre and Miquelon', 'en'),
('SPM', 'سانت بيير وميكلون', 'ar'),
('VCT', 'Saint Vincent and the Grenadines', 'en'),
('VCT', 'سانت فنسنت وجزر غرينادين', 'ar'),
('WSM', 'Samoa', 'en'),
('WSM', 'ساموا', 'ar'),
('SMR', 'San Marino', 'en'),
('SMR', 'سان مارينو', 'ar'),
('STP', 'Sao Tome and Principe', 'en'),
('STP', 'ساو تومي وبرينسيبي', 'ar'),
('SAU', 'Saudi Arabia', 'en'),
('SAU', 'المملكة العربية السعودية', 'ar'),
('SEN', 'Senegal', 'en'),
('SEN', 'السنغال', 'ar'),
('SYC', 'Seychelles', 'en'),
('SYC', 'سيشيل', 'ar'),
('SLE', 'Sierra Leone', 'en'),
('SLE', 'سيرا ليون', 'ar'),
('SGP', 'Singapore', 'en'),
('SGP', 'سنغافورة', 'ar'),
('SVK', 'Slovakia', 'en'),
('SVK', 'سلوفاكيا', 'ar'),
('SVN', 'Slovenia', 'en'),
('SVN', 'سلوفينيا', 'ar'),
('SLB', 'Solomon Islands', 'en'),
('SLB', 'جزر سليمان', 'ar'),
('SOM', 'Somalia', 'en'),
('SOM', 'الصومال', 'ar'),
('ZAF', 'South Africa', 'en'),
('ZAF', 'جنوب أفريقيا', 'ar'),
('SGS', 'South Georgia and the South Sandwich Islands', 'en'),
('SGS', 'جورجيا الجنوبية وجزر ساندويتش الجنوبية', 'ar'),
('KOR', 'South Korea', 'en'),
('KOR', 'كوريا الجنوبية', 'ar'),
('ESP', 'Spain', 'en'),
('ESP', 'إسبانيا', 'ar'),
('LKA', 'Sri Lanka', 'en'),
('LKA', 'سيريلانكا', 'ar'),
('SDN', 'Sudan', 'en'),
('SDN', 'السودان', 'ar'),
('SUR', 'Suriname', 'en'),
('SUR', 'سورينام', 'ar'),
('SJM', 'Svalbard and Jan Mayen', 'en'),
('SJM', 'سفالبارد وجان ماين', 'ar'),
('SWZ', 'Swaziland', 'en'),
('SWZ', 'سوازيلاند', 'ar'),
('SWE', 'Sweden', 'en'),
('SWE', 'السويد', 'ar'),
('CHE', 'Switzerland', 'en'),
('CHE', 'سويسرا', 'ar'),
('SYR', 'Syria', 'en'),
('SYR', 'سوريا', 'ar'),
('TWN', 'Taiwan', 'en'),
('TWN', 'تايوان', 'ar'),
('TJK', 'Tajikistan', 'en'),
('TJK', 'طاجيكستان', 'ar'),
('TZA', 'Tanzania', 'en'),
('TZA', 'تنزانيا', 'ar'),
('THA', 'Thailand', 'en'),
('THA', 'تايلاند', 'ar'),
('TGO', 'Togo', 'en'),
('TGO', 'توجو', 'ar'),
('TKL', 'Tokelau', 'en'),
('TKL', 'توكيلاو', 'ar'),
('TON', 'Tonga', 'en'),
('TON', 'تونغا', 'ar'),
('TTO', 'Trinidad and Tobago', 'en'),
('TTO', 'ترينداد وتوباغو', 'ar'),
('TUN', 'Tunisia', 'en'),
('TUN', 'تونس', 'ar'),
('TUR', 'Turkey', 'en'),
('TUR', 'ديك رومى', 'ar'),
('TKM', 'Turkmenistan', 'en'),
('TKM', 'تركمانستان', 'ar'),
('TCA', 'Turks and Caicos Islands', 'en'),
('TCA', 'جزر تركس وكايكوس', 'ar'),
('TUV', 'Tuvalu', 'en'),
('TUV', 'توفالو', 'ar'),
('UGA', 'Uganda', 'en'),
('UGA', 'أوغندا', 'ar'),
('UKR', 'Ukraine', 'en'),
('UKR', 'أوكرانيا', 'ar'),
('ARE', 'United Arab Emirates', 'en'),
('ARE', 'الإمارات العربية المتحدة', 'ar'),
('GBR', 'United Kingdom', 'en'),
('GBR', 'المملكة المتحدة', 'ar'),
('USA', 'United States', 'en'),
('USA', 'الولايات المتحدة', 'ar'),
('UMI', 'United States Minor Outlying Islands', 'en'),
('UMI', 'جزر الولايات المتحدة البعيدة الصغرى', 'ar'),
('URY', 'Uruguay', 'en'),
('URY', 'أوروغواي', 'ar'),
('UZB', 'Uzbekistan', 'en'),
('UZB', 'أوزبكستان', 'ar'),
('VUT', 'Vanuatu', 'en'),
('VUT', 'فانواتو', 'ar'),
('VEN', 'Venezuela', 'en'),
('VEN', 'فنزويلا', 'ar'),
('VNM', 'Vietnam', 'en'),
('VNM', 'فيتنام', 'ar'),
('VGB', 'Virgin Islands, British', 'en'),
('VGB', 'جزر العذراء البريطانية', 'ar'),
('WLF', 'Wallis and Futuna', 'en'),
('WLF', 'واليس وفوتونا', 'ar'),
('ESH', 'Western Sahara', 'en'),
('ESH', 'الصحراء الغربية', 'ar'),
('YEM', 'Yemen', 'en'),
('YEM', 'اليمن', 'ar'),
('YUG', 'Yugoslavia', 'en'),
('YUG', 'يوغوسلافيا', 'ar'),
('ZMB', 'Zambia', 'en'),
('ZMB', 'زامبيا', 'ar'),
('ZWE', 'Zimbabwe', 'en'),
('ZWE', 'زيمبابوي', 'ar');

-- --------------------------------------------------------

--
-- Table structure for table `pref_experience_level`
--

CREATE TABLE `pref_experience_level` (
  `experience_level_id` int(11) NOT NULL,
  `experience_level_key` varchar(50) DEFAULT NULL,
  `experience_level_status` tinyint(1) NOT NULL
) ENGINE=InnoDB DEFAULT CHARSET=utf8;

--
-- Dumping data for table `pref_experience_level`
--

INSERT INTO `pref_experience_level` (`experience_level_id`, `experience_level_key`, `experience_level_status`) VALUES
(1, 'entry', 1),
(2, 'intermediate', 1),
(3, 'expert', 1);

-- --------------------------------------------------------

--
-- Table structure for table `pref_experience_level_name`
--

CREATE TABLE `pref_experience_level_name` (
  `experience_level_id` int(11) NOT NULL,
  `experience_level_name` varchar(100) DEFAULT NULL,
  `experience_level_lang` char(3) DEFAULT NULL
) ENGINE=InnoDB DEFAULT CHARSET=utf8;

--
-- Dumping data for table `pref_experience_level_name`
--

INSERT INTO `pref_experience_level_name` (`experience_level_id`, `experience_level_name`, `experience_level_lang`) VALUES
(1, 'Entry', 'en'),
(2, 'Intermediate', 'en'),
(3, 'Expert', 'en');

-- --------------------------------------------------------

--
-- Table structure for table `pref_favorite_member`
--

CREATE TABLE `pref_favorite_member` (
  `member_id` int(11) NOT NULL,
  `favorite_member_id` int(11) NOT NULL,
  `reg_date` datetime NOT NULL
) ENGINE=InnoDB DEFAULT CHARSET=latin1;

--
-- Dumping data for table `pref_favorite_member`
--

INSERT INTO `pref_favorite_member` (`member_id`, `favorite_member_id`, `reg_date`) VALUES
(26, 4, '2021-08-08 16:26:49'),
(11, 4, '2022-03-02 18:12:04'),
(11, 1, '2023-02-02 10:59:11'),
(11, 44, '2023-06-22 09:49:44');

-- --------------------------------------------------------

--
-- Table structure for table `pref_favorite_project`
--

CREATE TABLE `pref_favorite_project` (
  `member_id` int(11) NOT NULL,
  `project_id` int(11) NOT NULL,
  `reg_date` datetime NOT NULL
) ENGINE=InnoDB DEFAULT CHARSET=latin1;

--
-- Dumping data for table `pref_favorite_project`
--

INSERT INTO `pref_favorite_project` (`member_id`, `project_id`, `reg_date`) VALUES
(1, 6, '2021-01-19 17:11:27'),
(1, 7, '2021-02-26 08:52:51'),
(16, 21, '2021-05-27 12:19:52'),
(16, 33, '2022-03-03 09:19:15'),
(1, 49, '2022-03-22 18:12:56'),
(16, 40, '2022-06-09 18:36:26'),
(16, 27, '2022-06-09 18:36:30'),
(41, 60, '2022-06-12 13:46:29'),
(16, 64, '2022-06-28 07:33:44'),
(41, 66, '2022-07-11 10:16:12'),
(11, 95, '2023-05-04 02:23:42'),
(16, 31, '2023-05-24 14:16:51'),
(16, 101, '2023-06-13 11:24:13');

-- --------------------------------------------------------

--
-- Table structure for table `pref_files`
--

CREATE TABLE `pref_files` (
  `file_id` int(11) NOT NULL,
  `original_name` varchar(250) DEFAULT NULL,
  `server_name` varchar(250) DEFAULT NULL,
  `upload_time` datetime DEFAULT NULL,
  `file_ext` char(5) DEFAULT NULL
) ENGINE=InnoDB DEFAULT CHARSET=utf8;

--
-- Dumping data for table `pref_files`
--

INSERT INTO `pref_files` (`file_id`, `original_name`, `server_name`, `upload_time`, `file_ext`) VALUES
(1, 'originatesoft_logo_small.png', 'e8a474bb240e98265eae48a62a01f9c3.png', '2019-12-11 14:58:51', 'png'),
(2, '001_higw.png', 'eb34e17c172ce1686d8850381e129cff.png', '2021-01-15 08:23:57', 'png'),
(3, 'ResumeAsitavaBose.pdf', '525a8567c18fbaf5ebc45b87595dba46.pdf', '2021-02-19 09:00:03', 'pdf'),
(4, 'WebsiteMockUpVamstar_2Pages.pdf', 'b750904511d715c364e23210d2e0451d.pdf', '2021-02-19 09:31:08', 'pdf'),
(5, 'ResumeJiniaBanerjee.docx', 'f12c6f490a8ac0fce03cd976a62867d4.docx', '2021-03-25 13:57:34', 'docx'),
(6, 'ResumeJyotirmayDas.pdf', '3dbf21af488fc308e5076e1c4b1d3b1a.pdf', '2021-03-25 13:57:34', 'pdf'),
(7, 'ResumeSoumikaRakshit.doc', '4ebea7d465fbe2de16fabb857c6e0efa.doc', '2021-04-06 12:10:42', 'doc'),
(8, 'ResumeL_Lavanya (1).doc', 'ba56a2da990f0110c4d92f9089488226.doc', '2021-04-06 12:10:42', 'doc'),
(9, 'ResumeAbhikChatterjee.doc', 'a73149cd9b8bb44838947b80e908fbde.doc', '2021-04-06 12:15:18', 'doc'),
(10, 'ResumeAimanMashudhaAli (1).docx', 'a73149cd9b8bb44838947b80e908fbde.docx', '2021-04-06 12:15:18', 'docx'),
(11, 'ResumeSamvitKalla.docx', 'cbdd364eb06acff352187cdabde86310.docx', '2021-04-09 06:42:13', 'docx'),
(12, 'ResumeArnabMahapatra.docx', '28937024c63f6c99cfba71bc5336a817.docx', '2021-05-27 07:36:47', 'docx'),
(13, 'ResumeAsisGhosh.docx', 'c238c9d5465c0bdc16214b90216e1008.docx', '2021-05-27 07:36:47', 'docx'),
(14, 'ResumeBappadityaDas (1).docx', '03c23a42e3a8b2fd9ac5623ce4afd664.docx', '2021-05-27 07:36:47', 'docx'),
(15, 'ResumeMainakRoy.pdf', '54abe87036e7bfcf428c1ffa0d232ed8.pdf', '2021-06-11 13:39:52', 'pdf'),
(16, 'ResumePradipGhatak.doc', '54abe87036e7bfcf428c1ffa0d232ed8.doc', '2021-06-11 13:39:52', 'doc'),
(17, 'unsplash-1.jpg', 'b97daeb31297d129264b08363d36abef.jpg', '2021-06-29 16:59:02', 'jpg'),
(18, 'Resumedipanjandatta (1).doc', '2b67b36c4ffceff92959a5228f4b707e.doc', '2021-12-07 15:15:18', 'doc'),
(19, '273007978_1580973485613896_6534200709696300115_n.jpg', '6c6d67c6e8b3a01d13f250acb7bbefc7.jpg', '2022-02-09 05:32:17', 'jpg'),
(20, 'projects.png', '8a597099114a7af4d97e224c76e1e621.png', '2022-02-12 02:16:38', 'png'),
(21, 'icons8-search-100.png', '83e9d81be66c1ae6692a9e319b25ad9f.png', '2022-02-15 00:54:01', 'png'),
(22, 'Youtube.png', '40ac46ccc3681ab3cbfd885d04d199ca.png', '2022-03-15 18:55:11', 'png'),
(23, 'WhatsApp Image 2022-02-01 at 7_31_44 AM (1).jpeg', '5dfae78ee0ba533297823b56477de88f.jpeg', '2022-06-23 09:00:48', 'jpeg'),
(24, 'kpis.jpg', 'cfa93949c243cd1af48b5741b8cd987a.jpg', '2022-06-27 05:33:49', 'jpg'),
(25, '420273-sXWAf-1583231942-5e5e33c607fba.jpg', '0c7f0f4d9a8fd4ea4d1edb06aaa5534f.jpg', '2022-07-09 09:39:44', 'jpg'),
(26, 'ResumeHemantaPahari.docx', 'f7801b7a875bb39c61118056445a7e85.docx', '2022-07-17 03:06:43', 'docx'),
(27, '325248aefab59d56c8759ea1db7b5993.png', 'f026a78a253010e26a6e7c56474b2af1.png', '2022-08-26 00:57:25', 'png'),
(28, '11.pdf', 'a5d3f4727fd6216a0ef4a264dd05af90.pdf', '2022-11-21 06:21:26', 'pdf'),
(29, 'png.png', '89bc570e599ea13949202a42ef59bf93.png', '2022-11-21 06:21:35', 'png'),
(30, 'Request slip for exchange.pdf', 'f2797a9d3daafd23b264d56b74553e18.pdf', '2023-03-17 11:26:42', 'pdf'),
(31, 'Request slip for exchange.pdf', 'd8e3c9896893900ff76e319bfdbf6f98.pdf', '2023-03-17 11:51:26', 'pdf'),
(32, 'Request slip for exchange.pdf', 'fabc9819c5af384c4cf669c3c9763ad8.pdf', '2023-03-17 12:22:21', 'pdf'),
(33, 'Request slip for exchange.pdf', 'b0fef3e35ca963259420f85798533bc5.pdf', '2023-03-17 12:41:06', 'pdf'),
(34, 'Request slip for exchange.pdf', '215d921bb7da0e078de8fe7f9bcb159e.pdf', '2023-03-17 13:14:10', 'pdf'),
(35, 'casebook-upwork.docx', 'aee5720d51ccb32a8a08673671c0c028.docx', '2023-06-13 07:03:42', 'docx'),
(36, 'casebook-upwork.docx', '5ec461e3f86503f4d76bffbf52d7a428.docx', '2023-06-13 07:22:32', 'docx'),
(37, 'casebook-upwork.docx', 'a36594a238da84ea88004961b31056f9.docx', '2023-06-13 07:25:12', 'docx'),
(38, 'casebook-upwork.docx', '588d712aa56b6ae2192eb826c84903b3.docx', '2023-06-13 07:31:52', 'docx'),
(39, 'casebook-upwork.docx', '60331824667ca97d577b15f0cfa43421.docx', '2023-06-14 06:04:47', 'docx'),
(40, 'casebook-upwork.docx', '8e61298cb0bde036110bedba55547eae.docx', '2023-06-14 06:31:15', 'docx'),
(41, 'casebook-upwork.docx', 'a52428c18fdbe3e6f09ac1fc32400b6b.docx', '2023-06-14 06:36:00', 'docx'),
(42, 'casebook-upwork.docx', '05f97798c3a2b32a5bd714dcebefa2e5.docx', '2023-06-14 06:39:24', 'docx'),
(43, 'casebook-upwork.docx', '5363a5132184d05dbb513f52a689b397.docx', '2023-06-14 06:43:45', 'docx'),
(44, 'casebook-upwork.docx', '46087055a0a16cae23c10c04ac7b57d7.docx', '2023-06-14 10:42:40', 'docx'),
(45, 'casebook-upwork.docx', '4aef797b3688ec9eb4ada27cfb0681a9.docx', '2023-06-14 11:13:07', 'docx');

-- --------------------------------------------------------

--
-- Table structure for table `pref_home_section_slider`
--

CREATE TABLE `pref_home_section_slider` (
  `slide_id` int(100) NOT NULL,
  `slide_image` varchar(255) NOT NULL,
  `display_order` int(11) NOT NULL,
  `status` tinyint(1) NOT NULL
) ENGINE=InnoDB DEFAULT CHARSET=latin1;

--
-- Dumping data for table `pref_home_section_slider`
--

INSERT INTO `pref_home_section_slider` (`slide_id`, `slide_image`, `display_order`, `status`) VALUES
(1, 'dacd20c3dcc03a1360d4d35b5a8568cd.jpg', 1, -1),
(2, 'fcec9575f746323e307ff027673bccd4.jpg', 2, -1),
(3, '302b94479d41abe644de631904a17153.jpg', 3, -1),
(4, '10873f238e9533ef03c1867ea4c1cc8a.jpg', 0, -1),
(5, 'dc1543bb36d9919b6ec46f7eacd1a79d.jpg', 1, -1),
(6, '', 2, -1),
(7, '56f1ba0d7476490a6bcd4e037e527023.jpg', 0, -1),
(8, '56f1ba0d7476490a6bcd4e037e527023.jpg', 1, -1),
(9, '56f1ba0d7476490a6bcd4e037e527023.jpg', 2, -1),
(10, '56f1ba0d7476490a6bcd4e037e527023.jpg', 3, -1),
(11, '56f1ba0d7476490a6bcd4e037e527023.jpg', 11, -1),
(12, '56f1ba0d7476490a6bcd4e037e527023.jpg', 1, -1),
(13, '', 2, -1),
(14, '', 2, -1),
(15, '0ff253b12ca4a0e5cc904b5346a16356.jpg', 2, -1),
(16, '8a62c1684b32cd49a772db2613f874ff.png', 1, -1),
(17, '4ed3b9bba45ef42790fac3ccc76c6adb.jpg', 0, -1),
(18, '4ed3b9bba45ef42790fac3ccc76c6adb.jpg', 1231, -1),
(19, '', 0, -1),
(20, 'f5cdcdf0fca1abdbb8e2db24fab4b752.jpg', 0, -1),
(21, '19d26e8383008d05165787fdb739544e.jpg', 1, 1),
(22, '57c2e64c1ad3b7daedd962dd7ac1a9d4.jpg', 2, 1);

-- --------------------------------------------------------

--
-- Table structure for table `pref_home_section_slider_names`
--

CREATE TABLE `pref_home_section_slider_names` (
  `slide_id` int(10) NOT NULL,
  `name` varchar(150) NOT NULL,
  `slide_image` text NOT NULL,
  `lang` char(3) NOT NULL
) ENGINE=InnoDB DEFAULT CHARSET=utf8;

-- --------------------------------------------------------

--
-- Table structure for table `pref_invoice`
--

CREATE TABLE `pref_invoice` (
  `invoice_id` int(11) NOT NULL,
  `invoice_type_id` int(11) NOT NULL,
  `invoice_number` int(11) NOT NULL,
  `issuer_member_id` int(11) NOT NULL,
  `issuer_organization_id` int(11) DEFAULT NULL,
  `recipient_member_id` int(11) NOT NULL,
  `recipient_organization_id` int(11) DEFAULT NULL,
  `invoice_date` datetime NOT NULL,
  `recipient_email` varchar(150) NOT NULL,
  `paid_amount` decimal(10,2) NOT NULL,
  `round_up_amount` float(6,2) NOT NULL,
  `change_reason` varchar(250) NOT NULL,
  `invoice_status` tinyint(1) NOT NULL
) ENGINE=InnoDB DEFAULT CHARSET=utf8;

--
-- Dumping data for table `pref_invoice`
--

INSERT INTO `pref_invoice` (`invoice_id`, `invoice_type_id`, `invoice_number`, `issuer_member_id`, `issuer_organization_id`, `recipient_member_id`, `recipient_organization_id`, `invoice_date`, `recipient_email`, `paid_amount`, `round_up_amount`, `change_reason`, `invoice_status`) VALUES
(1, 1, 1, 1, NULL, 11, 3, '2020-01-15 14:38:26', 'asish9735_biz@gmail.com', '0.00', -0.16, 'aadasd', 2),
(2, 1, 2, 1, NULL, 11, 3, '2020-01-15 16:54:01', 'asish9735_biz@gmail.com', '18.00', 0.00, '', 1),
(3, 1, 3, 1, NULL, 11, NULL, '2020-01-20 11:10:53', 'asish9735_biz@gmail.com', '0.00', 0.00, 'test', 2),
(4, 1, 4, 1, NULL, 11, NULL, '2020-01-20 11:11:47', 'asish9735_biz@gmail.com', '0.00', 0.00, 'dfsf', 2),
(5, 1, 6, 1, NULL, 11, 3, '2020-01-20 11:15:03', 'asish9735_biz@gmail.com', '0.00', -0.20, 'combine other and send', 2),
(6, 1, 7, 1, NULL, 11, 3, '2020-01-20 11:40:08', 'asish9735_biz@gmail.com', '30.00', 0.00, '', 1),
(7, 1, 8, 1, NULL, 11, 3, '2020-01-20 15:28:47', 'asish9735_biz@gmail.com', '60.00', 0.00, '', 1),
(8, 1, 9, 1, NULL, 11, 3, '2020-01-24 10:49:44', 'asish9735_biz@gmail.com', '20.00', 0.00, '', 1),
(9, 1, 10, 1, NULL, 11, 3, '2020-01-24 12:52:14', 'asish9735_biz@gmail.com', '20.16', -0.16, '', 1),
(10, 1, 11, 1, NULL, 11, 3, '2020-01-25 12:52:32', 'asish9735_biz@gmail.com', '40.00', 0.00, '', 1),
(11, 1, 12, 1, NULL, 11, 3, '2020-01-25 12:53:34', 'asish9735_biz@gmail.com', '30.00', 0.00, '', 1),
(12, 1, 13, 1, NULL, 11, 3, '2020-01-28 21:53:44', 'asish9735_biz@gmail.com', '0.50', 0.50, '', 1),
(13, 1, 14, 1, NULL, 11, 3, '2020-01-29 11:37:29', 'asish9735_biz@gmail.com', '5.00', 0.00, '', 1),
(14, 1, 15, 1, NULL, 11, 3, '2020-01-29 12:15:58', 'asish9735_biz@gmail.com', '2.75', 0.25, '', 1),
(15, 1, 16, 16, NULL, 11, 3, '2021-02-19 09:45:07', 'asish9735_biz@gmail.com', '100.00', 0.00, '', 1),
(16, 1, 17, 16, NULL, 11, 3, '2021-03-25 14:28:41', 'asish9735_biz@gmail.com', '300.00', 0.00, '', 1),
(17, 1, 18, 16, NULL, 11, 3, '2021-04-06 12:56:31', 'asish9735_biz@gmail.com', '30.00', 0.00, '', 1),
(18, 1, 19, 16, NULL, 11, 3, '2021-04-06 12:59:58', 'asish9735_biz@gmail.com', '20.00', 0.00, '', 1),
(19, 1, 20, 16, NULL, 11, 3, '2021-04-06 13:16:08', 'asish9735_biz@gmail.com', '60.00', 0.00, '', 1),
(20, 1, 21, 16, NULL, 11, 3, '2021-04-09 07:18:29', 'asish9735_biz@gmail.com', '100.00', 0.00, '', 1),
(21, 1, 22, 16, NULL, 11, 3, '2021-05-27 08:11:09', 'asish9735_biz@gmail.com', '30.00', 0.00, '', 1),
(22, 1, 23, 16, NULL, 11, 3, '2021-05-27 08:20:29', 'asish9735_biz@gmail.com', '10.00', 0.00, '', 1),
(23, 1, 24, 16, NULL, 11, 3, '2021-05-27 08:38:04', 'asish9735_biz@gmail.com', '10.00', 0.00, '', 1),
(24, 1, 25, 16, NULL, 11, 3, '2021-06-11 14:09:33', 'asish9735_biz@gmail.com', '20.00', 0.00, '', 1),
(25, 1, 26, 16, NULL, 11, 3, '2021-06-11 14:12:34', 'asish9735_biz@gmail.com', '23.00', 0.00, '', 1),
(26, 1, 27, 16, NULL, 11, 3, '2021-06-11 14:30:30', 'asish9735_biz@gmail.com', '17.50', 0.50, '', 1),
(27, 1, 28, 16, NULL, 11, 3, '2021-12-07 15:39:23', 'asish9735_biz@gmail.com', '20.00', 0.00, '', 1),
(28, 1, 29, 16, NULL, 11, 3, '2021-12-07 16:03:15', 'asish9735_biz@gmail.com', '8.00', 0.00, '', 1),
(29, 1, 30, 16, NULL, 11, 3, '2021-12-07 16:05:54', 'asish9735_biz@gmail.com', '10.00', 0.00, '', 1),
(30, 1, 31, 1, NULL, 11, 3, '2022-02-09 05:23:19', 'asish9735_biz@gmail.com', '11.00', 0.00, '', 1),
(31, 1, 32, 1, NULL, 11, 3, '2022-02-09 13:08:48', 'asish9735_biz@gmail.com', '28.00', 0.00, '', 1),
(32, 1, 33, 1, NULL, 11, 3, '2022-02-09 13:22:24', 'asish9735_biz@gmail.com', '14.00', 0.00, '', 1),
(33, 1, 34, 1, NULL, 11, 3, '2022-02-12 00:38:06', 'asish9735_biz@gmail.com', '15.00', 0.00, '', 1),
(34, 1, 35, 1, NULL, 11, 3, '2022-02-12 13:09:41', 'asish9735_biz@gmail.com', '6.00', 0.00, '', 1),
(35, 1, 36, 1, NULL, 11, 3, '2022-02-15 02:32:24', 'asish9735_biz@gmail.com', '10.00', 0.00, '', 1),
(36, 1, 37, 16, NULL, 32, 9, '2022-03-03 10:22:23', 'sheikhswiminfo@gmail.com', '30.00', 0.00, '', 1),
(37, 1, 38, 33, NULL, 32, 9, '2022-03-03 12:36:27', 'sheikhswiminfo@gmail.com', '70.00', 0.00, '', 1),
(38, 1, 39, 1, NULL, 11, 3, '2022-03-13 03:35:49', 'asish9735_biz@gmail.com', '8.00', 0.00, '', 1),
(39, 1, 40, 1, NULL, 11, 3, '2022-03-22 17:54:11', 'asish9735_biz@gmail.com', '1.80', 0.20, '', 1),
(40, 1, 41, 1, NULL, 11, 3, '2022-03-22 18:44:07', 'asish9735_biz@gmail.com', '50.00', 0.00, '', 1),
(41, 1, 42, 1, NULL, 11, 3, '2022-03-24 06:48:35', 'asish9735_biz@gmail.com', '0.00', 0.00, '', 1),
(42, 1, 43, 1, NULL, 11, 3, '2022-03-24 03:04:20', 'asish9735_biz@gmail.com', '45.00', 0.00, '', 1),
(43, 1, 44, 1, NULL, 11, 3, '2022-03-24 11:36:32', 'asish9735_biz@gmail.com', '22.50', 0.50, '', 1),
(44, 1, 45, 1, NULL, 11, 3, '2022-03-28 14:49:30', 'asish9735_biz@gmail.com', '25.00', 0.00, '', 1),
(45, 1, 46, 1, NULL, 11, 3, '2022-03-28 15:02:18', 'asish9735_biz@gmail.com', '22.50', 0.50, '', 1),
(46, 1, 47, 16, NULL, 11, 3, '2022-05-27 08:23:31', 'asish9735_biz@gmail.com', '30.00', 0.00, '', 1),
(47, 1, 48, 1, NULL, 11, 3, '2022-07-24 19:53:31', 'asish9735_biz@gmail.com', '200.00', 0.00, '', 1),
(48, 1, 49, 1, NULL, 11, 3, '2022-10-18 14:59:17', 'asish9735_biz@gmail.com', '100.00', 0.00, '', 1),
(49, 1, 50, 16, NULL, 11, 3, '2023-06-13 08:06:07', 'asish9735_biz@gmail.com', '50.00', 0.00, '', 1),
(50, 1, 51, 16, NULL, 11, 3, '2023-06-14 08:06:18', 'asish9735_biz@gmail.com', '40.00', 0.00, '', 1),
(51, 1, 52, 16, NULL, 11, 3, '2023-06-14 10:17:36', 'asish9735_biz@gmail.com', '16.00', 0.00, '', 1),
(52, 1, 53, 16, NULL, 11, 3, '2023-06-14 11:27:01', 'asish9735_biz@gmail.com', '30.00', 0.00, '', 1),
(53, 1, 54, 16, NULL, 11, 3, '2023-06-14 11:29:55', 'asish9735_biz@gmail.com', '50.00', 0.00, '', 1),
(54, 1, 55, 16, NULL, 11, 3, '2023-06-14 11:32:41', 'asish9735_biz@gmail.com', '45.00', 0.00, '', 1),
(55, 1, 56, 16, NULL, 11, 3, '2023-06-14 12:36:27', 'asish9735_biz@gmail.com', '1600.00', 0.00, '', 1),
(56, 1, 57, 16, NULL, 11, 3, '2023-06-15 06:54:58', 'asish9735_biz@gmail.com', '550.00', 0.00, '', 1),
(57, 1, 58, 16, NULL, 11, 3, '2023-06-15 09:54:38', 'asish9735_biz@gmail.com', '40.00', 0.00, '', 1);

-- --------------------------------------------------------

--
-- Table structure for table `pref_invoice_reference`
--

CREATE TABLE `pref_invoice_reference` (
  `invoice_id` int(11) NOT NULL,
  `issuer_information` longtext NOT NULL,
  `recipient_information` longtext NOT NULL
) ENGINE=InnoDB DEFAULT CHARSET=utf8;

--
-- Dumping data for table `pref_invoice_reference`
--

INSERT INTO `pref_invoice_reference` (`invoice_id`, `issuer_information`, `recipient_information`) VALUES
(1, 'a:7:{s:6:\"I_name\";s:19:\"Asharam Pakhira New\";s:6:\"I_addr\";s:25:\"Ab 52 prafulla kanan west\";s:7:\"I_addr2\";s:0:\"\";s:6:\"I_city\";s:7:\"Kolkata\";s:7:\"I_state\";s:11:\"West bengal\";s:9:\"I_country\";s:5:\"India\";s:5:\"I_pin\";s:6:\"700101\";}', 'a:8:{s:6:\"R_name\";s:13:\"Originatesoft\";s:6:\"R_addr\";s:3:\"kol\";s:7:\"R_addr2\";s:0:\"\";s:6:\"R_city\";s:0:\"\";s:7:\"R_state\";s:0:\"\";s:9:\"R_country\";s:5:\"India\";s:5:\"R_pin\";s:6:\"700101\";s:5:\"R_vat\";s:6:\"123123\";}'),
(2, 'a:7:{s:6:\"I_name\";s:19:\"Asharam Pakhira New\";s:6:\"I_addr\";s:25:\"Ab 52 prafulla kanan west\";s:7:\"I_addr2\";s:0:\"\";s:6:\"I_city\";s:7:\"Kolkata\";s:7:\"I_state\";s:11:\"West bengal\";s:9:\"I_country\";s:5:\"India\";s:5:\"I_pin\";s:6:\"700101\";}', 'a:8:{s:6:\"R_name\";s:13:\"Originatesoft\";s:6:\"R_addr\";s:3:\"kol\";s:7:\"R_addr2\";s:0:\"\";s:6:\"R_city\";s:0:\"\";s:7:\"R_state\";s:0:\"\";s:9:\"R_country\";s:5:\"India\";s:5:\"R_pin\";s:6:\"700101\";s:5:\"R_vat\";s:6:\"123123\";}'),
(3, 'a:7:{s:6:\"I_name\";s:19:\"Asharam Pakhira New\";s:6:\"I_addr\";s:25:\"Ab 52 prafulla kanan west\";s:7:\"I_addr2\";s:0:\"\";s:6:\"I_city\";s:7:\"Kolkata\";s:7:\"I_state\";s:11:\"West bengal\";s:9:\"I_country\";s:5:\"India\";s:5:\"I_pin\";s:6:\"700101\";}', 'a:7:{s:6:\"R_name\";s:15:\"Asharam pakhira\";s:6:\"R_addr\";s:0:\"\";s:7:\"R_addr2\";s:0:\"\";s:6:\"R_city\";s:0:\"\";s:7:\"R_state\";s:0:\"\";s:9:\"R_country\";s:0:\"\";s:5:\"R_pin\";s:0:\"\";}'),
(4, 'a:7:{s:6:\"I_name\";s:19:\"Asharam Pakhira New\";s:6:\"I_addr\";s:25:\"Ab 52 prafulla kanan west\";s:7:\"I_addr2\";s:0:\"\";s:6:\"I_city\";s:7:\"Kolkata\";s:7:\"I_state\";s:11:\"West bengal\";s:9:\"I_country\";s:5:\"India\";s:5:\"I_pin\";s:6:\"700101\";}', 'a:7:{s:6:\"R_name\";s:15:\"Asharam pakhira\";s:6:\"R_addr\";s:0:\"\";s:7:\"R_addr2\";s:0:\"\";s:6:\"R_city\";s:0:\"\";s:7:\"R_state\";s:0:\"\";s:9:\"R_country\";s:0:\"\";s:5:\"R_pin\";s:0:\"\";}'),
(5, 'a:7:{s:6:\"I_name\";s:19:\"Asharam Pakhira New\";s:6:\"I_addr\";s:25:\"Ab 52 prafulla kanan west\";s:7:\"I_addr2\";s:0:\"\";s:6:\"I_city\";s:7:\"Kolkata\";s:7:\"I_state\";s:11:\"West bengal\";s:9:\"I_country\";s:5:\"India\";s:5:\"I_pin\";s:6:\"700101\";}', 'a:8:{s:6:\"R_name\";s:13:\"Originatesoft\";s:6:\"R_addr\";s:3:\"kol\";s:7:\"R_addr2\";s:0:\"\";s:6:\"R_city\";s:0:\"\";s:7:\"R_state\";s:0:\"\";s:9:\"R_country\";s:5:\"India\";s:5:\"R_pin\";s:6:\"700101\";s:5:\"R_vat\";s:6:\"123123\";}'),
(6, 'a:7:{s:6:\"I_name\";s:19:\"Asharam Pakhira New\";s:6:\"I_addr\";s:25:\"Ab 52 prafulla kanan west\";s:7:\"I_addr2\";s:0:\"\";s:6:\"I_city\";s:7:\"Kolkata\";s:7:\"I_state\";s:11:\"West bengal\";s:9:\"I_country\";s:5:\"India\";s:5:\"I_pin\";s:6:\"700101\";}', 'a:8:{s:6:\"R_name\";s:13:\"Originatesoft\";s:6:\"R_addr\";s:3:\"kol\";s:7:\"R_addr2\";s:0:\"\";s:6:\"R_city\";s:0:\"\";s:7:\"R_state\";s:0:\"\";s:9:\"R_country\";s:5:\"India\";s:5:\"R_pin\";s:6:\"700101\";s:5:\"R_vat\";s:6:\"123123\";}'),
(7, 'a:7:{s:6:\"I_name\";s:19:\"Asharam Pakhira New\";s:6:\"I_addr\";s:25:\"Ab 52 prafulla kanan west\";s:7:\"I_addr2\";s:0:\"\";s:6:\"I_city\";s:7:\"Kolkata\";s:7:\"I_state\";s:11:\"West bengal\";s:9:\"I_country\";s:5:\"India\";s:5:\"I_pin\";s:6:\"700101\";}', 'a:8:{s:6:\"R_name\";s:13:\"Originatesoft\";s:6:\"R_addr\";s:3:\"kol\";s:7:\"R_addr2\";s:0:\"\";s:6:\"R_city\";s:0:\"\";s:7:\"R_state\";s:0:\"\";s:9:\"R_country\";s:5:\"India\";s:5:\"R_pin\";s:6:\"700101\";s:5:\"R_vat\";s:6:\"123123\";}'),
(8, 'a:7:{s:6:\"I_name\";s:19:\"Asharam Pakhira New\";s:6:\"I_addr\";s:25:\"Ab 52 prafulla kanan west\";s:7:\"I_addr2\";s:0:\"\";s:6:\"I_city\";s:7:\"Kolkata\";s:7:\"I_state\";s:11:\"West bengal\";s:9:\"I_country\";s:5:\"India\";s:5:\"I_pin\";s:6:\"700101\";}', 'a:8:{s:6:\"R_name\";s:13:\"Originatesoft\";s:6:\"R_addr\";s:3:\"kol\";s:7:\"R_addr2\";s:0:\"\";s:6:\"R_city\";s:0:\"\";s:7:\"R_state\";s:0:\"\";s:9:\"R_country\";s:5:\"India\";s:5:\"R_pin\";s:6:\"700101\";s:5:\"R_vat\";s:6:\"123123\";}'),
(9, 'a:7:{s:6:\"I_name\";s:19:\"Asharam Pakhira New\";s:6:\"I_addr\";s:25:\"Ab 52 prafulla kanan west\";s:7:\"I_addr2\";s:0:\"\";s:6:\"I_city\";s:7:\"Kolkata\";s:7:\"I_state\";s:11:\"West bengal\";s:9:\"I_country\";s:5:\"India\";s:5:\"I_pin\";s:6:\"700101\";}', 'a:8:{s:6:\"R_name\";s:13:\"Originatesoft\";s:6:\"R_addr\";s:3:\"kol\";s:7:\"R_addr2\";s:0:\"\";s:6:\"R_city\";s:0:\"\";s:7:\"R_state\";s:0:\"\";s:9:\"R_country\";s:5:\"India\";s:5:\"R_pin\";s:6:\"700101\";s:5:\"R_vat\";s:6:\"123123\";}'),
(10, 'a:7:{s:6:\"I_name\";s:19:\"Asharam Pakhira New\";s:6:\"I_addr\";s:25:\"Ab 52 prafulla kanan west\";s:7:\"I_addr2\";s:0:\"\";s:6:\"I_city\";s:7:\"Kolkata\";s:7:\"I_state\";s:11:\"West bengal\";s:9:\"I_country\";s:5:\"India\";s:5:\"I_pin\";s:6:\"700101\";}', 'a:8:{s:6:\"R_name\";s:13:\"Originatesoft\";s:6:\"R_addr\";s:3:\"kol\";s:7:\"R_addr2\";s:0:\"\";s:6:\"R_city\";s:0:\"\";s:7:\"R_state\";s:0:\"\";s:9:\"R_country\";s:5:\"India\";s:5:\"R_pin\";s:6:\"700101\";s:5:\"R_vat\";s:6:\"123123\";}'),
(11, 'a:7:{s:6:\"I_name\";s:19:\"Asharam Pakhira New\";s:6:\"I_addr\";s:25:\"Ab 52 prafulla kanan west\";s:7:\"I_addr2\";s:0:\"\";s:6:\"I_city\";s:7:\"Kolkata\";s:7:\"I_state\";s:11:\"West bengal\";s:9:\"I_country\";s:5:\"India\";s:5:\"I_pin\";s:6:\"700101\";}', 'a:8:{s:6:\"R_name\";s:13:\"Originatesoft\";s:6:\"R_addr\";s:3:\"kol\";s:7:\"R_addr2\";s:0:\"\";s:6:\"R_city\";s:0:\"\";s:7:\"R_state\";s:0:\"\";s:9:\"R_country\";s:5:\"India\";s:5:\"R_pin\";s:6:\"700101\";s:5:\"R_vat\";s:6:\"123123\";}'),
(12, 'a:7:{s:6:\"I_name\";s:19:\"Asharam Pakhira New\";s:6:\"I_addr\";s:25:\"Ab 52 prafulla kanan west\";s:7:\"I_addr2\";s:0:\"\";s:6:\"I_city\";s:7:\"Kolkata\";s:7:\"I_state\";s:11:\"West bengal\";s:9:\"I_country\";s:5:\"India\";s:5:\"I_pin\";s:6:\"700101\";}', 'a:8:{s:6:\"R_name\";s:13:\"Originatesoft\";s:6:\"R_addr\";s:3:\"kol\";s:7:\"R_addr2\";s:0:\"\";s:6:\"R_city\";s:0:\"\";s:7:\"R_state\";s:0:\"\";s:9:\"R_country\";s:5:\"India\";s:5:\"R_pin\";s:6:\"700101\";s:5:\"R_vat\";s:6:\"123123\";}'),
(13, 'a:7:{s:6:\"I_name\";s:19:\"Asharam Pakhira New\";s:6:\"I_addr\";s:25:\"Ab 52 prafulla kanan west\";s:7:\"I_addr2\";s:0:\"\";s:6:\"I_city\";s:7:\"Kolkata\";s:7:\"I_state\";s:11:\"West bengal\";s:9:\"I_country\";s:5:\"India\";s:5:\"I_pin\";s:6:\"700101\";}', 'a:8:{s:6:\"R_name\";s:13:\"Originatesoft\";s:6:\"R_addr\";s:3:\"kol\";s:7:\"R_addr2\";s:0:\"\";s:6:\"R_city\";s:0:\"\";s:7:\"R_state\";s:0:\"\";s:9:\"R_country\";s:5:\"India\";s:5:\"R_pin\";s:6:\"700101\";s:5:\"R_vat\";s:6:\"123123\";}'),
(14, 'a:7:{s:6:\"I_name\";s:19:\"Asharam Pakhira New\";s:6:\"I_addr\";s:25:\"Ab 52 prafulla kanan west\";s:7:\"I_addr2\";s:0:\"\";s:6:\"I_city\";s:7:\"Kolkata\";s:7:\"I_state\";s:11:\"West bengal\";s:9:\"I_country\";s:5:\"India\";s:5:\"I_pin\";s:6:\"700101\";}', 'a:8:{s:6:\"R_name\";s:13:\"Originatesoft\";s:6:\"R_addr\";s:3:\"kol\";s:7:\"R_addr2\";s:0:\"\";s:6:\"R_city\";s:0:\"\";s:7:\"R_state\";s:0:\"\";s:9:\"R_country\";s:5:\"India\";s:5:\"R_pin\";s:6:\"700101\";s:5:\"R_vat\";s:6:\"123123\";}'),
(15, 'a:7:{s:6:\"I_name\";s:10:\"Asim Patra\";s:6:\"I_addr\";s:25:\"PRUDENT PARANA,BLOCK-8,4B\";s:7:\"I_addr2\";s:27:\"BAGHERGHOLE,BORAL MAIN ROAD\";s:6:\"I_city\";s:7:\"KOLKATA\";s:7:\"I_state\";s:11:\"WEST BENGAL\";s:9:\"I_country\";s:5:\"India\";s:5:\"I_pin\";s:6:\"700103\";}', 'a:8:{s:6:\"R_name\";s:13:\"Originatesoft\";s:6:\"R_addr\";s:3:\"kol\";s:7:\"R_addr2\";s:0:\"\";s:6:\"R_city\";s:0:\"\";s:7:\"R_state\";s:0:\"\";s:9:\"R_country\";s:5:\"India\";s:5:\"R_pin\";s:6:\"700101\";s:5:\"R_vat\";s:6:\"123123\";}'),
(16, 'a:7:{s:6:\"I_name\";s:10:\"Asim Patra\";s:6:\"I_addr\";s:25:\"PRUDENT PARANA,BLOCK-8,4B\";s:7:\"I_addr2\";s:27:\"BAGHERGHOLE,BORAL MAIN ROAD\";s:6:\"I_city\";s:7:\"KOLKATA\";s:7:\"I_state\";s:11:\"WEST BENGAL\";s:9:\"I_country\";s:5:\"India\";s:5:\"I_pin\";s:6:\"700103\";}', 'a:8:{s:6:\"R_name\";s:13:\"Originatesoft\";s:6:\"R_addr\";s:3:\"kol\";s:7:\"R_addr2\";s:0:\"\";s:6:\"R_city\";s:0:\"\";s:7:\"R_state\";s:0:\"\";s:9:\"R_country\";s:5:\"India\";s:5:\"R_pin\";s:6:\"700101\";s:5:\"R_vat\";s:6:\"123123\";}'),
(17, 'a:7:{s:6:\"I_name\";s:10:\"Asim Patra\";s:6:\"I_addr\";s:25:\"PRUDENT PARANA,BLOCK-8,4B\";s:7:\"I_addr2\";s:27:\"BAGHERGHOLE,BORAL MAIN ROAD\";s:6:\"I_city\";s:7:\"KOLKATA\";s:7:\"I_state\";s:11:\"WEST BENGAL\";s:9:\"I_country\";s:5:\"India\";s:5:\"I_pin\";s:6:\"700103\";}', 'a:8:{s:6:\"R_name\";s:13:\"Originatesoft\";s:6:\"R_addr\";s:3:\"kol\";s:7:\"R_addr2\";s:0:\"\";s:6:\"R_city\";s:0:\"\";s:7:\"R_state\";s:0:\"\";s:9:\"R_country\";s:5:\"India\";s:5:\"R_pin\";s:6:\"700101\";s:5:\"R_vat\";s:6:\"123123\";}'),
(18, 'a:7:{s:6:\"I_name\";s:10:\"Asim Patra\";s:6:\"I_addr\";s:25:\"PRUDENT PARANA,BLOCK-8,4B\";s:7:\"I_addr2\";s:27:\"BAGHERGHOLE,BORAL MAIN ROAD\";s:6:\"I_city\";s:7:\"KOLKATA\";s:7:\"I_state\";s:11:\"WEST BENGAL\";s:9:\"I_country\";s:5:\"India\";s:5:\"I_pin\";s:6:\"700103\";}', 'a:8:{s:6:\"R_name\";s:13:\"Originatesoft\";s:6:\"R_addr\";s:3:\"kol\";s:7:\"R_addr2\";s:0:\"\";s:6:\"R_city\";s:0:\"\";s:7:\"R_state\";s:0:\"\";s:9:\"R_country\";s:5:\"India\";s:5:\"R_pin\";s:6:\"700101\";s:5:\"R_vat\";s:6:\"123123\";}'),
(19, 'a:7:{s:6:\"I_name\";s:10:\"Asim Patra\";s:6:\"I_addr\";s:25:\"PRUDENT PARANA,BLOCK-8,4B\";s:7:\"I_addr2\";s:27:\"BAGHERGHOLE,BORAL MAIN ROAD\";s:6:\"I_city\";s:7:\"KOLKATA\";s:7:\"I_state\";s:11:\"WEST BENGAL\";s:9:\"I_country\";s:5:\"India\";s:5:\"I_pin\";s:6:\"700103\";}', 'a:8:{s:6:\"R_name\";s:13:\"Originatesoft\";s:6:\"R_addr\";s:3:\"kol\";s:7:\"R_addr2\";s:0:\"\";s:6:\"R_city\";s:0:\"\";s:7:\"R_state\";s:0:\"\";s:9:\"R_country\";s:5:\"India\";s:5:\"R_pin\";s:6:\"700101\";s:5:\"R_vat\";s:6:\"123123\";}'),
(20, 'a:7:{s:6:\"I_name\";s:10:\"Asim Patra\";s:6:\"I_addr\";s:25:\"PRUDENT PARANA,BLOCK-8,4B\";s:7:\"I_addr2\";s:27:\"BAGHERGHOLE,BORAL MAIN ROAD\";s:6:\"I_city\";s:7:\"KOLKATA\";s:7:\"I_state\";s:11:\"WEST BENGAL\";s:9:\"I_country\";s:5:\"India\";s:5:\"I_pin\";s:6:\"700103\";}', 'a:8:{s:6:\"R_name\";s:13:\"Originatesoft\";s:6:\"R_addr\";s:3:\"kol\";s:7:\"R_addr2\";s:0:\"\";s:6:\"R_city\";s:0:\"\";s:7:\"R_state\";s:0:\"\";s:9:\"R_country\";s:5:\"India\";s:5:\"R_pin\";s:6:\"700101\";s:5:\"R_vat\";s:6:\"123123\";}'),
(21, 'a:7:{s:6:\"I_name\";s:10:\"Asim Patra\";s:6:\"I_addr\";s:25:\"PRUDENT PARANA,BLOCK-8,4B\";s:7:\"I_addr2\";s:27:\"BAGHERGHOLE,BORAL MAIN ROAD\";s:6:\"I_city\";s:7:\"KOLKATA\";s:7:\"I_state\";s:11:\"WEST BENGAL\";s:9:\"I_country\";s:5:\"India\";s:5:\"I_pin\";s:6:\"700103\";}', 'a:8:{s:6:\"R_name\";s:13:\"Originatesoft\";s:6:\"R_addr\";s:3:\"kol\";s:7:\"R_addr2\";s:0:\"\";s:6:\"R_city\";s:0:\"\";s:7:\"R_state\";s:0:\"\";s:9:\"R_country\";s:5:\"India\";s:5:\"R_pin\";s:6:\"700101\";s:5:\"R_vat\";s:6:\"123123\";}'),
(22, 'a:7:{s:6:\"I_name\";s:10:\"Asim Patra\";s:6:\"I_addr\";s:25:\"PRUDENT PARANA,BLOCK-8,4B\";s:7:\"I_addr2\";s:27:\"BAGHERGHOLE,BORAL MAIN ROAD\";s:6:\"I_city\";s:7:\"KOLKATA\";s:7:\"I_state\";s:11:\"WEST BENGAL\";s:9:\"I_country\";s:5:\"India\";s:5:\"I_pin\";s:6:\"700103\";}', 'a:8:{s:6:\"R_name\";s:13:\"Originatesoft\";s:6:\"R_addr\";s:3:\"kol\";s:7:\"R_addr2\";s:0:\"\";s:6:\"R_city\";s:0:\"\";s:7:\"R_state\";s:0:\"\";s:9:\"R_country\";s:5:\"India\";s:5:\"R_pin\";s:6:\"700101\";s:5:\"R_vat\";s:6:\"123123\";}'),
(23, 'a:7:{s:6:\"I_name\";s:10:\"Asim Patra\";s:6:\"I_addr\";s:25:\"PRUDENT PARANA,BLOCK-8,4B\";s:7:\"I_addr2\";s:27:\"BAGHERGHOLE,BORAL MAIN ROAD\";s:6:\"I_city\";s:7:\"KOLKATA\";s:7:\"I_state\";s:11:\"WEST BENGAL\";s:9:\"I_country\";s:5:\"India\";s:5:\"I_pin\";s:6:\"700103\";}', 'a:8:{s:6:\"R_name\";s:13:\"Originatesoft\";s:6:\"R_addr\";s:3:\"kol\";s:7:\"R_addr2\";s:0:\"\";s:6:\"R_city\";s:0:\"\";s:7:\"R_state\";s:0:\"\";s:9:\"R_country\";s:5:\"India\";s:5:\"R_pin\";s:6:\"700101\";s:5:\"R_vat\";s:6:\"123123\";}'),
(24, 'a:7:{s:6:\"I_name\";s:10:\"Asim Patra\";s:6:\"I_addr\";s:25:\"PRUDENT PARANA,BLOCK-8,4B\";s:7:\"I_addr2\";s:27:\"BAGHERGHOLE,BORAL MAIN ROAD\";s:6:\"I_city\";s:7:\"KOLKATA\";s:7:\"I_state\";s:11:\"WEST BENGAL\";s:9:\"I_country\";s:5:\"India\";s:5:\"I_pin\";s:6:\"700103\";}', 'a:8:{s:6:\"R_name\";s:13:\"Originatesoft\";s:6:\"R_addr\";s:3:\"kol\";s:7:\"R_addr2\";s:0:\"\";s:6:\"R_city\";s:0:\"\";s:7:\"R_state\";s:0:\"\";s:9:\"R_country\";s:5:\"India\";s:5:\"R_pin\";s:6:\"700101\";s:5:\"R_vat\";s:6:\"123123\";}'),
(25, 'a:7:{s:6:\"I_name\";s:10:\"Asim Patra\";s:6:\"I_addr\";s:25:\"PRUDENT PARANA,BLOCK-8,4B\";s:7:\"I_addr2\";s:27:\"BAGHERGHOLE,BORAL MAIN ROAD\";s:6:\"I_city\";s:7:\"KOLKATA\";s:7:\"I_state\";s:11:\"WEST BENGAL\";s:9:\"I_country\";s:5:\"India\";s:5:\"I_pin\";s:6:\"700103\";}', 'a:8:{s:6:\"R_name\";s:13:\"Originatesoft\";s:6:\"R_addr\";s:3:\"kol\";s:7:\"R_addr2\";s:0:\"\";s:6:\"R_city\";s:0:\"\";s:7:\"R_state\";s:0:\"\";s:9:\"R_country\";s:5:\"India\";s:5:\"R_pin\";s:6:\"700101\";s:5:\"R_vat\";s:6:\"123123\";}'),
(26, 'a:7:{s:6:\"I_name\";s:10:\"Asim Patra\";s:6:\"I_addr\";s:25:\"PRUDENT PARANA,BLOCK-8,4B\";s:7:\"I_addr2\";s:27:\"BAGHERGHOLE,BORAL MAIN ROAD\";s:6:\"I_city\";s:7:\"KOLKATA\";s:7:\"I_state\";s:11:\"WEST BENGAL\";s:9:\"I_country\";s:5:\"India\";s:5:\"I_pin\";s:6:\"700103\";}', 'a:8:{s:6:\"R_name\";s:13:\"Originatesoft\";s:6:\"R_addr\";s:3:\"kol\";s:7:\"R_addr2\";s:0:\"\";s:6:\"R_city\";s:0:\"\";s:7:\"R_state\";s:0:\"\";s:9:\"R_country\";s:5:\"India\";s:5:\"R_pin\";s:6:\"700101\";s:5:\"R_vat\";s:6:\"123123\";}'),
(27, 'a:7:{s:6:\"I_name\";s:10:\"Asim Patra\";s:6:\"I_addr\";s:25:\"PRUDENT PARANA,BLOCK-8,4B\";s:7:\"I_addr2\";s:27:\"BAGHERGHOLE,BORAL MAIN ROAD\";s:6:\"I_city\";s:7:\"KOLKATA\";s:7:\"I_state\";s:11:\"WEST BENGAL\";s:9:\"I_country\";s:5:\"India\";s:5:\"I_pin\";s:6:\"700103\";}', 'a:8:{s:6:\"R_name\";s:8:\"Workwork\";s:6:\"R_addr\";s:3:\"kol\";s:7:\"R_addr2\";s:0:\"\";s:6:\"R_city\";s:0:\"\";s:7:\"R_state\";s:0:\"\";s:9:\"R_country\";s:5:\"India\";s:5:\"R_pin\";s:6:\"700101\";s:5:\"R_vat\";s:6:\"123123\";}'),
(28, 'a:7:{s:6:\"I_name\";s:10:\"Asim Patra\";s:6:\"I_addr\";s:25:\"PRUDENT PARANA,BLOCK-8,4B\";s:7:\"I_addr2\";s:27:\"BAGHERGHOLE,BORAL MAIN ROAD\";s:6:\"I_city\";s:7:\"KOLKATA\";s:7:\"I_state\";s:11:\"WEST BENGAL\";s:9:\"I_country\";s:5:\"India\";s:5:\"I_pin\";s:6:\"700103\";}', 'a:8:{s:6:\"R_name\";s:8:\"Workwork\";s:6:\"R_addr\";s:3:\"kol\";s:7:\"R_addr2\";s:0:\"\";s:6:\"R_city\";s:0:\"\";s:7:\"R_state\";s:0:\"\";s:9:\"R_country\";s:5:\"India\";s:5:\"R_pin\";s:6:\"700101\";s:5:\"R_vat\";s:6:\"123123\";}'),
(29, 'a:7:{s:6:\"I_name\";s:10:\"Asim Patra\";s:6:\"I_addr\";s:25:\"PRUDENT PARANA,BLOCK-8,4B\";s:7:\"I_addr2\";s:27:\"BAGHERGHOLE,BORAL MAIN ROAD\";s:6:\"I_city\";s:7:\"KOLKATA\";s:7:\"I_state\";s:11:\"WEST BENGAL\";s:9:\"I_country\";s:5:\"India\";s:5:\"I_pin\";s:6:\"700103\";}', 'a:8:{s:6:\"R_name\";s:8:\"Workwork\";s:6:\"R_addr\";s:3:\"kol\";s:7:\"R_addr2\";s:0:\"\";s:6:\"R_city\";s:0:\"\";s:7:\"R_state\";s:0:\"\";s:9:\"R_country\";s:5:\"India\";s:5:\"R_pin\";s:6:\"700101\";s:5:\"R_vat\";s:6:\"123123\";}'),
(30, 'a:7:{s:6:\"I_name\";s:19:\"Asharam Pakhira New\";s:6:\"I_addr\";s:25:\"Ab 52 prafulla kanan west\";s:7:\"I_addr2\";s:0:\"\";s:6:\"I_city\";s:7:\"Kolkata\";s:7:\"I_state\";s:11:\"West bengal\";s:9:\"I_country\";s:5:\"India\";s:5:\"I_pin\";s:6:\"700101\";}', 'a:8:{s:6:\"R_name\";s:8:\"Workwork\";s:6:\"R_addr\";s:3:\"kol\";s:7:\"R_addr2\";s:0:\"\";s:6:\"R_city\";s:0:\"\";s:7:\"R_state\";s:0:\"\";s:9:\"R_country\";s:5:\"India\";s:5:\"R_pin\";s:6:\"700101\";s:5:\"R_vat\";s:6:\"123123\";}'),
(31, 'a:7:{s:6:\"I_name\";s:19:\"Asharam Pakhira New\";s:6:\"I_addr\";s:25:\"Ab 52 prafulla kanan west\";s:7:\"I_addr2\";s:0:\"\";s:6:\"I_city\";s:7:\"Kolkata\";s:7:\"I_state\";s:11:\"West bengal\";s:9:\"I_country\";s:5:\"India\";s:5:\"I_pin\";s:6:\"700101\";}', 'a:8:{s:6:\"R_name\";s:8:\"Workwork\";s:6:\"R_addr\";s:3:\"kol\";s:7:\"R_addr2\";s:0:\"\";s:6:\"R_city\";s:0:\"\";s:7:\"R_state\";s:0:\"\";s:9:\"R_country\";s:5:\"India\";s:5:\"R_pin\";s:6:\"700101\";s:5:\"R_vat\";s:6:\"123123\";}'),
(32, 'a:7:{s:6:\"I_name\";s:19:\"Asharam Pakhira New\";s:6:\"I_addr\";s:25:\"Ab 52 prafulla kanan west\";s:7:\"I_addr2\";s:0:\"\";s:6:\"I_city\";s:7:\"Kolkata\";s:7:\"I_state\";s:11:\"West bengal\";s:9:\"I_country\";s:5:\"India\";s:5:\"I_pin\";s:6:\"700101\";}', 'a:8:{s:6:\"R_name\";s:8:\"Workwork\";s:6:\"R_addr\";s:3:\"kol\";s:7:\"R_addr2\";s:0:\"\";s:6:\"R_city\";s:0:\"\";s:7:\"R_state\";s:0:\"\";s:9:\"R_country\";s:5:\"India\";s:5:\"R_pin\";s:6:\"700101\";s:5:\"R_vat\";s:6:\"123123\";}'),
(33, 'a:7:{s:6:\"I_name\";s:19:\"Asharam Pakhira New\";s:6:\"I_addr\";s:25:\"Ab 52 prafulla kanan west\";s:7:\"I_addr2\";s:0:\"\";s:6:\"I_city\";s:7:\"Kolkata\";s:7:\"I_state\";s:11:\"West bengal\";s:9:\"I_country\";s:5:\"India\";s:5:\"I_pin\";s:6:\"700101\";}', 'a:8:{s:6:\"R_name\";s:8:\"Workwork\";s:6:\"R_addr\";s:3:\"kol\";s:7:\"R_addr2\";s:0:\"\";s:6:\"R_city\";s:0:\"\";s:7:\"R_state\";s:0:\"\";s:9:\"R_country\";s:5:\"India\";s:5:\"R_pin\";s:6:\"700101\";s:5:\"R_vat\";s:6:\"123123\";}'),
(34, 'a:7:{s:6:\"I_name\";s:19:\"Asharam Pakhira New\";s:6:\"I_addr\";s:25:\"Ab 52 prafulla kanan west\";s:7:\"I_addr2\";s:0:\"\";s:6:\"I_city\";s:7:\"Kolkata\";s:7:\"I_state\";s:11:\"West bengal\";s:9:\"I_country\";s:5:\"India\";s:5:\"I_pin\";s:6:\"700101\";}', 'a:8:{s:6:\"R_name\";s:8:\"Workwork\";s:6:\"R_addr\";s:3:\"kol\";s:7:\"R_addr2\";s:0:\"\";s:6:\"R_city\";s:0:\"\";s:7:\"R_state\";s:0:\"\";s:9:\"R_country\";s:5:\"India\";s:5:\"R_pin\";s:6:\"700101\";s:5:\"R_vat\";s:6:\"123123\";}'),
(35, 'a:7:{s:6:\"I_name\";s:19:\"Asharam Pakhira New\";s:6:\"I_addr\";s:25:\"Ab 52 prafulla kanan west\";s:7:\"I_addr2\";s:0:\"\";s:6:\"I_city\";s:7:\"Kolkata\";s:7:\"I_state\";s:11:\"West bengal\";s:9:\"I_country\";s:5:\"India\";s:5:\"I_pin\";s:6:\"700101\";}', 'a:8:{s:6:\"R_name\";s:8:\"Workwork\";s:6:\"R_addr\";s:3:\"kol\";s:7:\"R_addr2\";s:0:\"\";s:6:\"R_city\";s:0:\"\";s:7:\"R_state\";s:0:\"\";s:9:\"R_country\";s:5:\"India\";s:5:\"R_pin\";s:6:\"700101\";s:5:\"R_vat\";s:6:\"123123\";}'),
(36, 'a:7:{s:6:\"I_name\";s:10:\"Asim Patra\";s:6:\"I_addr\";s:25:\"PRUDENT PARANA,BLOCK-8,4B\";s:7:\"I_addr2\";s:27:\"BAGHERGHOLE,BORAL MAIN ROAD\";s:6:\"I_city\";s:7:\"KOLKATA\";s:7:\"I_state\";s:11:\"WEST BENGAL\";s:9:\"I_country\";s:5:\"India\";s:5:\"I_pin\";s:6:\"700103\";}', 'a:8:{s:6:\"R_name\";s:4:\"saad\";s:6:\"R_addr\";s:0:\"\";s:7:\"R_addr2\";s:0:\"\";s:6:\"R_city\";s:0:\"\";s:7:\"R_state\";s:0:\"\";s:9:\"R_country\";s:10:\"Bangladesh\";s:5:\"R_pin\";s:0:\"\";s:5:\"R_vat\";s:0:\"\";}'),
(37, 'a:7:{s:6:\"I_name\";s:4:\"swim\";s:6:\"I_addr\";s:0:\"\";s:7:\"I_addr2\";s:0:\"\";s:6:\"I_city\";s:0:\"\";s:7:\"I_state\";s:0:\"\";s:9:\"I_country\";s:10:\"Bangladesh\";s:5:\"I_pin\";s:0:\"\";}', 'a:8:{s:6:\"R_name\";s:4:\"saad\";s:6:\"R_addr\";s:0:\"\";s:7:\"R_addr2\";s:0:\"\";s:6:\"R_city\";s:0:\"\";s:7:\"R_state\";s:0:\"\";s:9:\"R_country\";s:10:\"Bangladesh\";s:5:\"R_pin\";s:0:\"\";s:5:\"R_vat\";s:0:\"\";}'),
(38, 'a:7:{s:6:\"I_name\";s:19:\"Asharam Pakhira New\";s:6:\"I_addr\";s:25:\"Ab 52 prafulla kanan west\";s:7:\"I_addr2\";s:0:\"\";s:6:\"I_city\";s:7:\"Kolkata\";s:7:\"I_state\";s:11:\"West bengal\";s:9:\"I_country\";s:5:\"India\";s:5:\"I_pin\";s:6:\"700101\";}', 'a:8:{s:6:\"R_name\";s:8:\"Workwork\";s:6:\"R_addr\";s:3:\"kol\";s:7:\"R_addr2\";s:0:\"\";s:6:\"R_city\";s:0:\"\";s:7:\"R_state\";s:0:\"\";s:9:\"R_country\";s:5:\"India\";s:5:\"R_pin\";s:6:\"700101\";s:5:\"R_vat\";s:6:\"123123\";}'),
(39, 'a:7:{s:6:\"I_name\";s:19:\"Asharam Pakhira New\";s:6:\"I_addr\";s:25:\"Ab 52 prafulla kanan west\";s:7:\"I_addr2\";s:0:\"\";s:6:\"I_city\";s:7:\"Kolkata\";s:7:\"I_state\";s:11:\"West bengal\";s:9:\"I_country\";s:5:\"India\";s:5:\"I_pin\";s:6:\"700101\";}', 'a:8:{s:6:\"R_name\";s:8:\"Workwork\";s:6:\"R_addr\";s:3:\"kol\";s:7:\"R_addr2\";s:0:\"\";s:6:\"R_city\";s:0:\"\";s:7:\"R_state\";s:0:\"\";s:9:\"R_country\";s:5:\"India\";s:5:\"R_pin\";s:6:\"700101\";s:5:\"R_vat\";s:6:\"123123\";}'),
(40, 'a:7:{s:6:\"I_name\";s:19:\"Asharam Pakhira New\";s:6:\"I_addr\";s:25:\"Ab 52 prafulla kanan west\";s:7:\"I_addr2\";s:0:\"\";s:6:\"I_city\";s:7:\"Kolkata\";s:7:\"I_state\";s:11:\"West bengal\";s:9:\"I_country\";s:5:\"India\";s:5:\"I_pin\";s:6:\"700101\";}', 'a:8:{s:6:\"R_name\";s:8:\"Workwork\";s:6:\"R_addr\";s:3:\"kol\";s:7:\"R_addr2\";s:0:\"\";s:6:\"R_city\";s:0:\"\";s:7:\"R_state\";s:0:\"\";s:9:\"R_country\";s:5:\"India\";s:5:\"R_pin\";s:6:\"700101\";s:5:\"R_vat\";s:6:\"123123\";}'),
(41, 'a:7:{s:6:\"I_name\";s:19:\"Asharam Pakhira New\";s:6:\"I_addr\";s:25:\"Ab 52 prafulla kanan west\";s:7:\"I_addr2\";s:0:\"\";s:6:\"I_city\";s:7:\"Kolkata\";s:7:\"I_state\";s:11:\"West bengal\";s:9:\"I_country\";s:0:\"\";s:5:\"I_pin\";s:6:\"700101\";}', 'a:8:{s:6:\"R_name\";s:8:\"Workwork\";s:6:\"R_addr\";s:3:\"kol\";s:7:\"R_addr2\";s:0:\"\";s:6:\"R_city\";s:0:\"\";s:7:\"R_state\";s:0:\"\";s:9:\"R_country\";s:0:\"\";s:5:\"R_pin\";s:6:\"700101\";s:5:\"R_vat\";s:6:\"123123\";}'),
(42, 'a:7:{s:6:\"I_name\";s:19:\"Asharam Pakhira New\";s:6:\"I_addr\";s:25:\"Ab 52 prafulla kanan west\";s:7:\"I_addr2\";s:0:\"\";s:6:\"I_city\";s:7:\"Kolkata\";s:7:\"I_state\";s:11:\"West bengal\";s:9:\"I_country\";s:5:\"India\";s:5:\"I_pin\";s:6:\"700101\";}', 'a:8:{s:6:\"R_name\";s:8:\"Workwork\";s:6:\"R_addr\";s:3:\"kol\";s:7:\"R_addr2\";s:0:\"\";s:6:\"R_city\";s:0:\"\";s:7:\"R_state\";s:0:\"\";s:9:\"R_country\";s:5:\"India\";s:5:\"R_pin\";s:6:\"700101\";s:5:\"R_vat\";s:6:\"123123\";}'),
(43, 'a:7:{s:6:\"I_name\";s:19:\"Asharam Pakhira New\";s:6:\"I_addr\";s:25:\"Ab 52 prafulla kanan west\";s:7:\"I_addr2\";s:0:\"\";s:6:\"I_city\";s:7:\"Kolkata\";s:7:\"I_state\";s:11:\"West bengal\";s:9:\"I_country\";s:0:\"\";s:5:\"I_pin\";s:6:\"700101\";}', 'a:8:{s:6:\"R_name\";s:8:\"Workwork\";s:6:\"R_addr\";s:3:\"kol\";s:7:\"R_addr2\";s:0:\"\";s:6:\"R_city\";s:0:\"\";s:7:\"R_state\";s:0:\"\";s:9:\"R_country\";s:0:\"\";s:5:\"R_pin\";s:6:\"700101\";s:5:\"R_vat\";s:6:\"123123\";}'),
(44, 'a:7:{s:6:\"I_name\";s:19:\"Asharam Pakhira New\";s:6:\"I_addr\";s:25:\"Ab 52 prafulla kanan west\";s:7:\"I_addr2\";s:0:\"\";s:6:\"I_city\";s:7:\"Kolkata\";s:7:\"I_state\";s:11:\"West bengal\";s:9:\"I_country\";s:5:\"India\";s:5:\"I_pin\";s:6:\"700101\";}', 'a:8:{s:6:\"R_name\";s:8:\"Workwork\";s:6:\"R_addr\";s:3:\"kol\";s:7:\"R_addr2\";s:0:\"\";s:6:\"R_city\";s:0:\"\";s:7:\"R_state\";s:0:\"\";s:9:\"R_country\";s:5:\"India\";s:5:\"R_pin\";s:6:\"700101\";s:5:\"R_vat\";s:6:\"123123\";}'),
(45, 'a:7:{s:6:\"I_name\";s:19:\"Asharam Pakhira New\";s:6:\"I_addr\";s:25:\"Ab 52 prafulla kanan west\";s:7:\"I_addr2\";s:0:\"\";s:6:\"I_city\";s:7:\"Kolkata\";s:7:\"I_state\";s:11:\"West bengal\";s:9:\"I_country\";s:5:\"India\";s:5:\"I_pin\";s:6:\"700101\";}', 'a:8:{s:6:\"R_name\";s:8:\"Workwork\";s:6:\"R_addr\";s:3:\"kol\";s:7:\"R_addr2\";s:0:\"\";s:6:\"R_city\";s:0:\"\";s:7:\"R_state\";s:0:\"\";s:9:\"R_country\";s:5:\"India\";s:5:\"R_pin\";s:6:\"700101\";s:5:\"R_vat\";s:6:\"123123\";}'),
(46, 'a:7:{s:6:\"I_name\";s:10:\"Asim Patra\";s:6:\"I_addr\";s:25:\"PRUDENT PARANA,BLOCK-8,4B\";s:7:\"I_addr2\";s:27:\"BAGHERGHOLE,BORAL MAIN ROAD\";s:6:\"I_city\";s:7:\"KOLKATA\";s:7:\"I_state\";s:11:\"WEST BENGAL\";s:9:\"I_country\";s:5:\"India\";s:5:\"I_pin\";s:6:\"700103\";}', 'a:8:{s:6:\"R_name\";s:8:\"Workwork\";s:6:\"R_addr\";s:3:\"kol\";s:7:\"R_addr2\";s:0:\"\";s:6:\"R_city\";s:0:\"\";s:7:\"R_state\";s:0:\"\";s:9:\"R_country\";s:5:\"India\";s:5:\"R_pin\";s:6:\"700101\";s:5:\"R_vat\";s:6:\"123123\";}'),
(47, 'a:7:{s:6:\"I_name\";s:19:\"Asharam Pakhira New\";s:6:\"I_addr\";s:25:\"Ab 52 prafulla kanan west\";s:7:\"I_addr2\";s:0:\"\";s:6:\"I_city\";s:7:\"Kolkata\";s:7:\"I_state\";s:11:\"West bengal\";s:9:\"I_country\";s:5:\"India\";s:5:\"I_pin\";s:6:\"700101\";}', 'a:8:{s:6:\"R_name\";s:8:\"Workwork\";s:6:\"R_addr\";s:3:\"kol\";s:7:\"R_addr2\";s:0:\"\";s:6:\"R_city\";s:0:\"\";s:7:\"R_state\";s:0:\"\";s:9:\"R_country\";s:5:\"India\";s:5:\"R_pin\";s:6:\"700101\";s:5:\"R_vat\";s:6:\"123123\";}'),
(48, 'a:7:{s:6:\"I_name\";s:19:\"Asharam Pakhira New\";s:6:\"I_addr\";s:25:\"Ab 52 prafulla kanan west\";s:7:\"I_addr2\";s:0:\"\";s:6:\"I_city\";s:7:\"Kolkata\";s:7:\"I_state\";s:11:\"West bengal\";s:9:\"I_country\";s:9:\"Hong Kong\";s:5:\"I_pin\";s:6:\"700101\";}', 'a:8:{s:6:\"R_name\";s:8:\"Workwork\";s:6:\"R_addr\";s:3:\"kol\";s:7:\"R_addr2\";s:0:\"\";s:6:\"R_city\";s:0:\"\";s:7:\"R_state\";s:0:\"\";s:9:\"R_country\";s:5:\"India\";s:5:\"R_pin\";s:6:\"700101\";s:5:\"R_vat\";s:6:\"123123\";}'),
(49, 'a:7:{s:6:\"I_name\";s:10:\"Asim Patra\";s:6:\"I_addr\";s:25:\"PRUDENT PARANA,BLOCK-8,4B\";s:7:\"I_addr2\";s:27:\"BAGHERGHOLE,BORAL MAIN ROAD\";s:6:\"I_city\";s:7:\"KOLKATA\";s:7:\"I_state\";s:11:\"WEST BENGAL\";s:9:\"I_country\";s:5:\"India\";s:5:\"I_pin\";s:6:\"700103\";}', 'a:8:{s:6:\"R_name\";s:8:\"Workwork\";s:6:\"R_addr\";s:3:\"kol\";s:7:\"R_addr2\";s:0:\"\";s:6:\"R_city\";s:0:\"\";s:7:\"R_state\";s:0:\"\";s:9:\"R_country\";s:5:\"India\";s:5:\"R_pin\";s:6:\"700101\";s:5:\"R_vat\";s:6:\"123123\";}'),
(50, 'a:7:{s:6:\"I_name\";s:10:\"Asim Patra\";s:6:\"I_addr\";s:25:\"PRUDENT PARANA,BLOCK-8,4B\";s:7:\"I_addr2\";s:27:\"BAGHERGHOLE,BORAL MAIN ROAD\";s:6:\"I_city\";s:7:\"KOLKATA\";s:7:\"I_state\";s:11:\"WEST BENGAL\";s:9:\"I_country\";s:5:\"India\";s:5:\"I_pin\";s:6:\"700103\";}', 'a:8:{s:6:\"R_name\";s:8:\"Workwork\";s:6:\"R_addr\";s:3:\"kol\";s:7:\"R_addr2\";s:0:\"\";s:6:\"R_city\";s:0:\"\";s:7:\"R_state\";s:0:\"\";s:9:\"R_country\";s:5:\"India\";s:5:\"R_pin\";s:6:\"700101\";s:5:\"R_vat\";s:6:\"123123\";}'),
(51, 'a:7:{s:6:\"I_name\";s:10:\"Asim Patra\";s:6:\"I_addr\";s:25:\"PRUDENT PARANA,BLOCK-8,4B\";s:7:\"I_addr2\";s:27:\"BAGHERGHOLE,BORAL MAIN ROAD\";s:6:\"I_city\";s:7:\"KOLKATA\";s:7:\"I_state\";s:11:\"WEST BENGAL\";s:9:\"I_country\";s:5:\"India\";s:5:\"I_pin\";s:6:\"700103\";}', 'a:8:{s:6:\"R_name\";s:8:\"Workwork\";s:6:\"R_addr\";s:3:\"kol\";s:7:\"R_addr2\";s:0:\"\";s:6:\"R_city\";s:0:\"\";s:7:\"R_state\";s:0:\"\";s:9:\"R_country\";s:5:\"India\";s:5:\"R_pin\";s:6:\"700101\";s:5:\"R_vat\";s:6:\"123123\";}'),
(52, 'a:7:{s:6:\"I_name\";s:10:\"Asim Patra\";s:6:\"I_addr\";s:25:\"PRUDENT PARANA,BLOCK-8,4B\";s:7:\"I_addr2\";s:27:\"BAGHERGHOLE,BORAL MAIN ROAD\";s:6:\"I_city\";s:7:\"KOLKATA\";s:7:\"I_state\";s:11:\"WEST BENGAL\";s:9:\"I_country\";s:5:\"India\";s:5:\"I_pin\";s:6:\"700103\";}', 'a:8:{s:6:\"R_name\";s:8:\"Workwork\";s:6:\"R_addr\";s:3:\"kol\";s:7:\"R_addr2\";s:0:\"\";s:6:\"R_city\";s:0:\"\";s:7:\"R_state\";s:0:\"\";s:9:\"R_country\";s:5:\"India\";s:5:\"R_pin\";s:6:\"700101\";s:5:\"R_vat\";s:6:\"123123\";}'),
(53, 'a:7:{s:6:\"I_name\";s:10:\"Asim Patra\";s:6:\"I_addr\";s:25:\"PRUDENT PARANA,BLOCK-8,4B\";s:7:\"I_addr2\";s:27:\"BAGHERGHOLE,BORAL MAIN ROAD\";s:6:\"I_city\";s:7:\"KOLKATA\";s:7:\"I_state\";s:11:\"WEST BENGAL\";s:9:\"I_country\";s:5:\"India\";s:5:\"I_pin\";s:6:\"700103\";}', 'a:8:{s:6:\"R_name\";s:8:\"Workwork\";s:6:\"R_addr\";s:3:\"kol\";s:7:\"R_addr2\";s:0:\"\";s:6:\"R_city\";s:0:\"\";s:7:\"R_state\";s:0:\"\";s:9:\"R_country\";s:5:\"India\";s:5:\"R_pin\";s:6:\"700101\";s:5:\"R_vat\";s:6:\"123123\";}'),
(54, 'a:7:{s:6:\"I_name\";s:10:\"Asim Patra\";s:6:\"I_addr\";s:25:\"PRUDENT PARANA,BLOCK-8,4B\";s:7:\"I_addr2\";s:27:\"BAGHERGHOLE,BORAL MAIN ROAD\";s:6:\"I_city\";s:7:\"KOLKATA\";s:7:\"I_state\";s:11:\"WEST BENGAL\";s:9:\"I_country\";s:5:\"India\";s:5:\"I_pin\";s:6:\"700103\";}', 'a:8:{s:6:\"R_name\";s:8:\"Workwork\";s:6:\"R_addr\";s:3:\"kol\";s:7:\"R_addr2\";s:0:\"\";s:6:\"R_city\";s:0:\"\";s:7:\"R_state\";s:0:\"\";s:9:\"R_country\";s:5:\"India\";s:5:\"R_pin\";s:6:\"700101\";s:5:\"R_vat\";s:6:\"123123\";}'),
(55, 'a:7:{s:6:\"I_name\";s:10:\"Asim Patra\";s:6:\"I_addr\";s:25:\"PRUDENT PARANA,BLOCK-8,4B\";s:7:\"I_addr2\";s:27:\"BAGHERGHOLE,BORAL MAIN ROAD\";s:6:\"I_city\";s:7:\"KOLKATA\";s:7:\"I_state\";s:11:\"WEST BENGAL\";s:9:\"I_country\";s:5:\"India\";s:5:\"I_pin\";s:6:\"700103\";}', 'a:8:{s:6:\"R_name\";s:8:\"Workwork\";s:6:\"R_addr\";s:3:\"kol\";s:7:\"R_addr2\";s:0:\"\";s:6:\"R_city\";s:0:\"\";s:7:\"R_state\";s:0:\"\";s:9:\"R_country\";s:5:\"India\";s:5:\"R_pin\";s:6:\"700101\";s:5:\"R_vat\";s:6:\"123123\";}'),
(56, 'a:7:{s:6:\"I_name\";s:10:\"Asim Patra\";s:6:\"I_addr\";s:25:\"PRUDENT PARANA,BLOCK-8,4B\";s:7:\"I_addr2\";s:27:\"BAGHERGHOLE,BORAL MAIN ROAD\";s:6:\"I_city\";s:7:\"KOLKATA\";s:7:\"I_state\";s:11:\"WEST BENGAL\";s:9:\"I_country\";s:5:\"India\";s:5:\"I_pin\";s:6:\"700103\";}', 'a:8:{s:6:\"R_name\";s:8:\"Workwork\";s:6:\"R_addr\";s:3:\"kol\";s:7:\"R_addr2\";s:0:\"\";s:6:\"R_city\";s:0:\"\";s:7:\"R_state\";s:0:\"\";s:9:\"R_country\";s:5:\"India\";s:5:\"R_pin\";s:6:\"700101\";s:5:\"R_vat\";s:6:\"123123\";}'),
(57, 'a:7:{s:6:\"I_name\";s:10:\"Asim Patra\";s:6:\"I_addr\";s:25:\"PRUDENT PARANA,BLOCK-8,4B\";s:7:\"I_addr2\";s:27:\"BAGHERGHOLE,BORAL MAIN ROAD\";s:6:\"I_city\";s:7:\"KOLKATA\";s:7:\"I_state\";s:11:\"WEST BENGAL\";s:9:\"I_country\";s:5:\"India\";s:5:\"I_pin\";s:6:\"700103\";}', 'a:8:{s:6:\"R_name\";s:8:\"Workwork\";s:6:\"R_addr\";s:3:\"kol\";s:7:\"R_addr2\";s:0:\"\";s:6:\"R_city\";s:0:\"\";s:7:\"R_state\";s:0:\"\";s:9:\"R_country\";s:5:\"India\";s:5:\"R_pin\";s:6:\"700101\";s:5:\"R_vat\";s:6:\"123123\";}');

-- --------------------------------------------------------

--
-- Table structure for table `pref_invoice_row`
--

CREATE TABLE `pref_invoice_row` (
  `invoice_row_id` int(11) NOT NULL,
  `invoice_id` int(11) NOT NULL,
  `invoice_row_text` text NOT NULL,
  `invoice_row_amount` decimal(10,2) NOT NULL,
  `invoice_row_unit` varchar(45) NOT NULL,
  `invoice_row_unit_price` decimal(10,2) NOT NULL
) ENGINE=InnoDB DEFAULT CHARSET=utf8;

--
-- Dumping data for table `pref_invoice_row`
--

INSERT INTO `pref_invoice_row` (`invoice_row_id`, `invoice_id`, `invoice_row_text`, `invoice_row_amount`, `invoice_row_unit`, `invoice_row_unit_price`) VALUES
(1, 1, 'Sign up - Jan 14, 2020 15:10', '1.33', 'hrs', '12.00'),
(2, 1, 'test page - Jan 14, 2020 16:40', '0.35', 'hrs', '12.00'),
(3, 2, 'test new - Jan 15, 2020 16:53', '1.50', 'hrs', '12.00'),
(4, 3, 'test page - Jan 14, 2020 16:40', '0.35', 'hrs', '12.00'),
(5, 4, 'test page - Jan 14, 2020 16:40', '0.35', 'hrs', '12.00'),
(6, 5, 'test page - Jan 14, 2020 16:40', '0.35', 'hrs', '12.00'),
(7, 6, 'Make Html Complete', '1.00', 'pcs', '30.00'),
(8, 7, 'Make website Dynamic', '1.00', 'pcs', '60.00'),
(9, 8, 'New contarct 2', '1.00', 'pcs', '20.00'),
(10, 9, 'Sign up - Jan 14, 2020 15:10', '1.33', 'hrs', '12.00'),
(11, 9, 'test page - Jan 14, 2020 16:40', '0.35', 'hrs', '12.00'),
(12, 10, 'part1', '1.00', 'pcs', '40.00'),
(13, 11, 'part2', '1.00', 'pcs', '30.00'),
(14, 12, 'p1', '1.00', 'pcs', '0.50'),
(15, 13, 'milestone 1', '1.00', 'pcs', '5.00'),
(16, 14, 'milestone 2', '1.00', 'pcs', '2.75'),
(17, 15, 'Cryptocurrency Expert Needed For Freelancer Marketplace', '1.00', 'pcs', '100.00'),
(18, 16, 'Create a website with recomendations system&#40;AI&#41; on django', '1.00', 'pcs', '300.00'),
(19, 17, 'UI/UX', '1.00', 'pcs', '30.00'),
(20, 18, 'First milestone', '1.00', 'pcs', '20.00'),
(21, 19, 'SignUp page - Apr 06, 2021 13:12', '2.50', 'hrs', '12.00'),
(22, 19, 'Login page design - Apr 06, 2021 13:15', '2.50', 'hrs', '12.00'),
(23, 20, 'Contract: Need some one to integrate a telegram chat bot with the WordPress website', '1.00', 'pcs', '100.00'),
(24, 21, 'First milestone', '1.00', 'pcs', '30.00'),
(25, 22, 'Second milestone', '1.00', 'pcs', '10.00'),
(26, 23, 'Third milestone', '1.00', 'pcs', '10.00'),
(27, 24, 'UI/UX', '1.00', 'pcs', '20.00'),
(28, 25, 'First milestone', '1.00', 'pcs', '23.00'),
(29, 26, 'Second Milestone', '1.00', 'pcs', '17.50'),
(30, 27, 'UI/UX', '1.00', 'pcs', '20.00'),
(31, 28, 'Second Milestone', '1.00', 'pcs', '8.00'),
(32, 29, 'First milestone', '1.00', 'pcs', '10.00'),
(33, 30, 'Blog Post Mini Storage', '1.00', 'pcs', '11.00'),
(34, 31, 'milestone 1 - Feb 09, 2022 13:06', '2.00', 'hrs', '14.00'),
(35, 32, 'milestone 2 - Feb 09, 2022 13:21', '1.00', 'hrs', '14.00'),
(36, 33, 'Project ABC', '1.00', 'pcs', '15.00'),
(37, 34, 'First Draft - Feb 12, 2022 13:01', '0.75', 'hrs', '8.00'),
(38, 35, 'Milestone 1 ', '1.00', 'pcs', '10.00'),
(39, 36, 'Neew wordpress deveploper', '1.00', 'pcs', '30.00'),
(40, 37, 'Laravel dvlpr', '1.00', 'pcs', '70.00'),
(41, 38, 'Revised - Mar 13, 2022 03:00', '1.00', 'hrs', '8.00'),
(42, 39, '1', '1.00', 'pcs', '1.80'),
(43, 40, 'شحن', '1.00', 'pcs', '50.00'),
(44, 41, 'Milestone 2 ', '1.00', 'pcs', '0.00'),
(45, 42, 'Milestone 1 ', '1.00', 'pcs', '45.00'),
(46, 43, 'Milestone 2', '1.00', 'pcs', '22.50'),
(47, 44, 'Milestone 1 ', '1.00', 'pcs', '25.00'),
(48, 45, 'Milestone 2 ', '1.00', 'pcs', '22.50'),
(49, 46, 'UI/UX', '1.00', 'pcs', '30.00'),
(50, 47, 'PHP DEVELOPER', '1.00', 'pcs', '200.00'),
(51, 48, 'ttt - Oct 18, 2022 14:56', '5.00', 'hrs', '20.00'),
(52, 49, '1 st installment', '1.00', 'pcs', '50.00'),
(53, 50, '1st Installment', '1.00', 'pcs', '40.00'),
(54, 51, '2nd installment', '1.00', 'pcs', '16.00'),
(55, 52, '1st payment', '1.00', 'pcs', '30.00'),
(56, 53, '2nd Payment', '1.00', 'pcs', '50.00'),
(57, 54, '3rd Payment', '1.00', 'pcs', '45.00'),
(58, 55, 'gjhgj - Jun 14, 2023 12:33', '40.00', 'hrs', '40.00'),
(59, 56, 'Website Developer Open Cart - Jun 15, 2023 06:52', '25.00', 'hrs', '22.00'),
(60, 57, '1st Payment', '1.00', 'pcs', '40.00');

-- --------------------------------------------------------

--
-- Table structure for table `pref_invoice_type`
--

CREATE TABLE `pref_invoice_type` (
  `invoice_type_id` int(11) NOT NULL,
  `name_tkey` varchar(45) NOT NULL,
  `description_tkey` varchar(250) NOT NULL
) ENGINE=InnoDB DEFAULT CHARSET=utf8;

--
-- Dumping data for table `pref_invoice_type`
--

INSERT INTO `pref_invoice_type` (`invoice_type_id`, `name_tkey`, `description_tkey`) VALUES
(1, 'invoice', 'invoice');

-- --------------------------------------------------------

--
-- Table structure for table `pref_language`
--

CREATE TABLE `pref_language` (
  `language_id` int(11) NOT NULL,
  `language_name` varchar(100) NOT NULL,
  `language_status` tinyint(2) NOT NULL
) ENGINE=InnoDB DEFAULT CHARSET=utf8;

--
-- Dumping data for table `pref_language`
--

INSERT INTO `pref_language` (`language_id`, `language_name`, `language_status`) VALUES
(1, 'English', 1),
(2, 'Bengali', 1),
(3, 'Hindi', 1),
(4, 'Sweden', 1);

-- --------------------------------------------------------

--
-- Table structure for table `pref_language_preference`
--

CREATE TABLE `pref_language_preference` (
  `language_preference_id` int(11) NOT NULL,
  `language_preference_name` varchar(100) NOT NULL,
  `language_preference_info` varchar(200) NOT NULL,
  `language_preference_status` tinyint(4) NOT NULL,
  `language_preference_ord` tinyint(1) NOT NULL
) ENGINE=InnoDB DEFAULT CHARSET=utf8;

--
-- Dumping data for table `pref_language_preference`
--

INSERT INTO `pref_language_preference` (`language_preference_id`, `language_preference_name`, `language_preference_info`, `language_preference_status`, `language_preference_ord`) VALUES
(1, 'Basic', 'I write in this language decently', 1, 4),
(2, 'Conversational', 'I write and speak this language well', 1, 3),
(3, 'Fluent', 'I write and speak this language almost perfectly', 1, 2),
(4, 'Native or Bilingual', 'I write and speak this language perfectly, including colloquialisms', 1, 1);

-- --------------------------------------------------------

--
-- Table structure for table `pref_mailtemplate`
--

CREATE TABLE `pref_mailtemplate` (
  `template_id` int(11) NOT NULL,
  `template_for` varchar(200) NOT NULL,
  `template_type` varchar(150) NOT NULL,
  `template_keys` text NOT NULL,
  `display_order` int(11) NOT NULL,
  `status` tinyint(1) NOT NULL
) ENGINE=InnoDB DEFAULT CHARSET=utf8;

--
-- Dumping data for table `pref_mailtemplate`
--

INSERT INTO `pref_mailtemplate` (`template_id`, `template_for`, `template_type`, `template_keys`, `display_order`, `status`) VALUES
(1, 'Email Verification', 'email-verification', ' {MEMBER_NAME}=> Member Name\r\n{VERIFICATION_URL}=> Verification URL', 1, 1),
(2, 'New registration notification to admin', 'new-registration', ' ', 2, 1),
(3, 'Forgot Password', 'forgot-password', ' {MEMBER_NAME} =>Member Name\r\n{VERIFY_URL} => Verify URL', 3, 1),
(4, 'User Email Verified', 'user-email-verified', ' {MEMBER_NAME}=>Member Name', 4, 1),
(5, 'New document notification to admin', 'document-verification-request', ' {MEMBER_NAME}=>Member name\r\n{DOCUMENT_URL}=> Admin Document link', 5, 1),
(6, 'New Project notification to admin', 'admin-ad-post', ' {TITLE}=>Project Title', 6, 1),
(7, 'New Proposal Posted ', 'new-proposal', ' {RECEIVER_NAME}=>Client Name\r\n{SENDER_NAME}=> Freelancer Name\r\n{TITLE}=> Project Title\r\n{PROJECT_URL}=> Project URL', 7, 1),
(8, 'Document verification approved', 'document-verification-approved-by-admin', ' {MEMBER_NAME}=>Freelancer Name', 8, 1),
(9, 'Document verification Rejected', 'document-verification-declined-by-admin', ' {MEMBER_NAME} =>Freelancer Name\r\n{REASON}=> Reason', 9, 1),
(10, 'Admin forgot password', 'admin-forgot-password', '  {USER}=>Admin name\r\n{RESET_LINK}=>Reset URL', 10, 1),
(11, 'Member Blocked by Admin', 'member-blocked-by-admin', ' {MEMBER_NAME}=>Member Name', 11, 1),
(12, 'New Offer', 'new-project-offer', '  {RECEIVER_NAME}=>Freelancer Name\r\n{TITLE} =>Project Name\r\n{OFFER_URL}=>Offer Details Link\r\n', 12, 1),
(13, 'Project Offer Accepted', 'project-offer-accepted', '  {RECEIVER_NAME}=>Employer Name\r\n{TITLE} =>Project Name\r\n{OFFER_URL}=>Offer Details Link', 13, 1),
(14, 'Project Offer Rejected', 'project-offer-rejected', ' {RECEIVER_NAME}=>Employer Name\r\n{TITLE} =>Project Name\r\n{OFFER_URL}=>Offer Details Link', 14, 1),
(15, 'Work Submit by Freelancer', 'work-submission', ' {RECEIVER_NAME}=>Employer Name\r\n{SENDER_NAME}=>Freelancer Name\r\n{TITLE} =>Project Name\r\n{CONTRACT_TITLE}=>Contract Name\r\n{MILESTONE_TITLE}=>Milestone Name\r\n{WORK_URL}=>Milestone Details Link', 15, 1),
(16, 'Admin User Contact Request', 'admin-user-contact-request', ' {EMAIL}=>User Email\r\n{ENQUIRY_FOR}=> Subject\r\n{MESSAGE} =>Message', 16, 1),
(17, 'Contact Reply by Admin', 'contact-reply', '  {SUBJECT} =>Subject\r\n{MESSAGE} =>Message', 17, 1),
(18, 'Hourly Work Submit by Freelancer', 'hourly-work-submission', ' {RECEIVER_NAME}=>Employer Name\r\n{SENDER_NAME}=>Freelancer Name\r\n{TITLE} =>Project Name\r\n{CONTRACT_TITLE}=>Contract Name\r\n{WORK_URL}=>Work Room Details Link', 18, 1),
(19, 'Hourly Invoice Request by Freelancer', 'new-invoice-request', ' {RECEIVER_NAME}=>Employer Name\r\n{SENDER_NAME}=>Freelancer Name\r\n{TITLE} =>Project Name\r\n{CONTRACT_TITLE}=>Contract Name\r\n{WORK_URL}=>Work Room Details Link', 19, 1),
(20, 'Milestone Initiate', 'new-milestone-initiate', ' {RECEIVER_NAME}=>Employer Name\r\n{SENDER_NAME}=>Freelancer Name\r\n{TITLE} =>Project Name\r\n{CONTRACT_TITLE}=>Contract Name\r\n{MILESTONE_TITLE}=>Milestone Name\r\n{WORK_URL}=>Work Room Details Link', 0, 1),
(21, 'Work Submit Accepted by Client', 'work-submission-accepted', ' {RECEIVER_NAME}=>Employer Name\r\n{SENDER_NAME}=>Freelancer Name\r\n{TITLE} =>Project Name\r\n{CONTRACT_TITLE}=>Contract Name\r\n{MILESTONE_TITLE}=>Milestone Name\r\n{WORK_URL}=>Milestone Details Link', 0, 1),
(22, 'Work Submit Rejected by Client', 'work-submission-rejected', '  {RECEIVER_NAME}=>Employer Name\r\n{SENDER_NAME}=>Freelancer Name\r\n{TITLE} =>Project Name\r\n{CONTRACT_TITLE}=>Contract Name\r\n{MILESTONE_TITLE}=>Milestone Name\r\n{REJECT_REASON}=>Rejected Reason\r\n{WORK_URL}=>Milestone Details Link', 0, 1),
(23, 'New Dispute Create', 'new-dispute-contract', ' {RECEIVER_NAME}=>Employer Name\r\n{SENDER_NAME}=>Freelancer Name\r\n{TITLE} =>Project Name\r\n{CONTRACT_TITLE}=>Contract Name\r\n{MILESTONE_TITLE}=>Milestone Name\r\n{WORK_URL}=>Contract Details Link', 0, 1),
(24, 'New offer dispute', 'dispute-offer', ' {RECEIVER_NAME}=>Employer Name\r\n{SENDER_NAME}=>Freelancer Name\r\n{TITLE} =>Project Name\r\n{CONTRACT_TITLE}=>Contract Name\r\n{MILESTONE_TITLE}=>Milestone Name\r\n{DISPUTE_URL}=>Dispute Details Link', 0, 1),
(25, 'Dispute Resolve', 'dispute-resolve', ' {RECEIVER_NAME}=>Employer Name\r\n{SENDER_NAME}=>Freelancer Name\r\n{TITLE} =>Project Name\r\n{CONTRACT_TITLE}=>Contract Name\r\n{MILESTONE_TITLE}=>Milestone Name\r\n{REJECT_REASON}=>Rejected Reason\r\n{DISPUTE_URL}=>Dispute Details Link', 0, 1),
(26, 'End Contract', 'end-contract', ' {RECEIVER_NAME}=>Employer Name\r\n{SENDER_NAME}=>Freelancer Name\r\n{TITLE} =>Project Name\r\n{CONTRACT_TITLE}=>Contract Name\r\n{WORK_URL}=>Contract Details Link', 0, 1),
(27, 'Pause contract by Client', 'pause-contract', ' {RECEIVER_NAME}=>Employer Name\r\n{SENDER_NAME}=>Freelancer Name\r\n{TITLE} =>Project Name\r\n{CONTRACT_TITLE}=>Contract Name\r\n{WORK_URL}=>Contract Details Link', 0, 1),
(28, 'Contract resume by client', 'resume-contract', ' {RECEIVER_NAME}=>Employer Name\r\n{SENDER_NAME}=>Freelancer Name\r\n{TITLE} =>Project Name\r\n{CONTRACT_TITLE}=>Contract Name\r\n{WORK_URL}=>Contract Details Link', 0, 1),
(29, 'Hourly Work Submit Accepted by Client', 'hourly-work-submission-accepted', ' {RECEIVER_NAME}=>Employer Name\r\n{SENDER_NAME}=>Freelancer Name\r\n{TITLE} =>Project Name\r\n{CONTRACT_TITLE}=>Contract Name\r\n{WORK_URL}=>Contract Details Link', 0, 1),
(30, 'Hourly Work Submit Rejected by Client', 'hourly-work-submission-rejected', '  {RECEIVER_NAME}=>Employer Name\r\n{SENDER_NAME}=>Freelancer Name\r\n{TITLE} =>Project Name\r\n{CONTRACT_TITLE}=>Contract Name\r\n{REJECT_REASON}=>Rejected Reason\r\n{WORK_URL}=>Contract Details Link', 0, 1),
(31, 'Hourly Invoice Accepted by Client', 'hourly-invoice-accepted', ' {RECEIVER_NAME}=>Employer Name\r\n{SENDER_NAME}=>Freelancer Name\r\n{TITLE} =>Project Name\r\n{CONTRACT_TITLE}=>Contract Name\r\n{INVOICE_URL}=>Invoice Details Link\r\n{WORK_URL}=>Contract Details Link', 0, 1),
(32, 'Hourly Invoice Reject by Client', 'hourly-invoice-rejected', ' {RECEIVER_NAME}=>Employer Name\r\n{SENDER_NAME}=>Freelancer Name\r\n{TITLE} =>Project Name\r\n{CONTRACT_TITLE}=>Contract Name\r\n{INVOICE_URL}=>Invoice Details Link\r\n{WORK_URL}=>Contract Details Link', 0, 1),
(33, 'Invitation for project', 'project-invitation', ' {SENDER_NAME}=>Client Name\r\n{RECEIVER_NAME}=>Freelancer Name\r\n{TITLE} =>Project Name\r\n{URL}=>Project Details Link', 0, 1),
(34, 'Dispute send to admin', 'dispute-send-to-admin', ' {RECEIVER_NAME}=>Employer Name\r\n{SENDER_NAME}=>Freelancer Name\r\n{TITLE} =>Project Name\r\n{CONTRACT_TITLE}=>Contract Name\r\n{MILESTONE_TITLE}=>Milestone Name\r\n{DISPUTE_URL}=>Dispute Details Link', 0, 1),
(35, 'Admin Reported Project', 'admin-reported-project', 'TITLE=>Project Title\r\nURL => Report List URL', 0, 1);

-- --------------------------------------------------------

--
-- Table structure for table `pref_mailtemplate_names`
--

CREATE TABLE `pref_mailtemplate_names` (
  `template_id` int(11) NOT NULL,
  `template_subject` varchar(250) NOT NULL,
  `template_content` text NOT NULL,
  `lang` char(3) NOT NULL
) ENGINE=InnoDB DEFAULT CHARSET=utf8;

--
-- Dumping data for table `pref_mailtemplate_names`
--

INSERT INTO `pref_mailtemplate_names` (`template_id`, `template_subject`, `template_content`, `lang`) VALUES
(1, 'تحقق من حسابك الجديد!', '<p>{WEBSITE_LOGO}</p>\r\n\r\n<p>مرحبًا {MEMBER_NAME} ، مرحبًا بك في {WEBSITE_NAME}!<br>\r\nهل أنت مستعد للبدء؟</p>\r\n\r\n<p><br>\r\nانقر هنا لتفعيل حسابك</p>\r\n\r\n<p>إذا لم ينجح النقر فوق الزر أعلاه ، فانسخ عنوان url التالي والصقه في نافذة متصفح جديدة: {VERIFICATION_URL}</p>', 'ar'),
(1, 'Verify Your New Account!', '<p>{WEBSITE_LOGO}</p>\r\n\r\n<h2>Hi {MEMBER_NAME}, Welcome To {WEBSITE_NAME}!</h2>\r\n\r\n<p>Are you ready to get started?</p>\r\n\r\n<p><br>\r\n<a href=\"{VERIFICATION_URL}\">Click Here To Activate Your Account </a></p>\r\n\r\n<hr>\r\n<p>If clicking the button above does not work, copy and paste the following url in a new browser window: {VERIFICATION_URL}</p>', 'en'),
(2, 'مستخدم جديد مسجل للتو', '<p>{WEBSITE_LOGO}</p>\r\n\r\n<p>مرحبًا المشرف ،</p>\r\n\r\n<p>مستخدم جديد مسجل للتو.</p>\r\n\r\n<p>انقر هنا لعرض جميع</p>', 'ar'),
(2, 'A new user just registered', '<p>{WEBSITE_LOGO}</p>\r\n\r\n<p>Hi admin ,</p>\r\n\r\n<p>A new user just registed.</p>\r\n\r\n<p><a href=\"{MEMBER_URL}\">Click here</a> to view all</p>', 'en'),
(3, 'إعادة تعيين كلمة المرور', '<p>{WEBSITE_LOGO}</p>\r\n\r\n<p>عزيزي {MEMBER_NAME}<br>\r\nهل أنت جاهز لتغيير كلمة المرور الخاصة بك.</p>\r\n\r\n<p><br>\r\nاضغط هنا لتغير كلمة السر الخاصة بك</p>\r\n\r\n<p>إذا لم ينجح النقر فوق الزر أعلاه ، فانسخ عنوان url التالي والصقه في نافذة متصفح جديدة: {VERIFY_URL}</p>', 'ar'),
(3, 'Password Reset', '<p>{WEBSITE_LOGO}</p>\r\n\r\n<h2>Dear {MEMBER_NAME}</h2>\r\n\r\n<p>Are You Ready To Change Your Password.</p>\r\n\r\n<p><br>\r\n<a href=\"{VERIFY_URL}\">Click Here To Change Your Password </a></p>\r\n\r\n<hr>\r\n<p>If clicking the button above does not work, copy and paste the following url in a new browser window: {VERIFY_URL}</p>', 'en'),
(4, 'تم التحقق من بريدك الإلكتروني بنجاح!', '<p>{WEBSITE_LOGO}</p>\r\n\r\n<p>مرحبًا {MEMBER_NAME} ،<br>\r\nشكرا للتحقق من حساب البريد الإلكتروني الخاص بك.</p>', 'ar'),
(4, 'Your Email Verified Successfully!', '<p>{WEBSITE_LOGO}</p>\r\n\r\n<h2>Hi {MEMBER_NAME},</h2>\r\n\r\n<p>Thanks for verifying your email account.</p>', 'en'),
(5, 'طلب التحقق من وثيقة جديدة', '<p>{WEBSITE_LOGO}</p>\r\n\r\n<p>مرحبًا المشرف ،</p>\r\n\r\n<p>مستخدم جديد ({MEMBER_NAME}) أرسل المستند للتحقق.</p>\r\n\r\n<p>انقر هنا لعرض جميع</p>', 'ar'),
(5, 'A new document verification request', '<p>{WEBSITE_LOGO}</p>\r\n\r\n<p>Hi admin ,</p>\r\n\r\n<p>A new user ({MEMBER_NAME}) just submit document for verification.</p>\r\n\r\n<p><a href=\"{DOCUMENT_URL}\">Click here</a> to view all</p>', 'en'),
(6, 'مشروع جديد تم نشره', '<p>تم نشر مشروع جديد.</p>\r\n\r\n<p>العنوان: {TITLE}</p>\r\n\r\n<p>مطلوب الاثبات.</p>', 'ar'),
(6, 'New project Posted', '<p>New Project is posted .</p>\r\n\r\n<p>Title : <strong>{TITLE}</strong></p>\r\n\r\n<p>Approval Needed.</p>', 'en'),
(7, 'لديك اقتراح جديد.', '<p>{WEBSITE_LOGO}</p>\r\n\r\n<p>مرحبًا {RECEIVER_NAME} ،<br>\r\nلديك اقتراح جديد للمشروع {TITLE}</p>\r\n\r\n<p><br>\r\nاضغط هنا لعرض التفاصيل</p>\r\n\r\n<p>إذا لم ينجح النقر فوق الزر أعلاه ، فانسخ عنوان url التالي والصقه في نافذة متصفح جديدة: {PROJECT_URL}</p>', 'ar'),
(7, 'You have new proposal.', '<p>{WEBSITE_LOGO}</p>\r\n\r\n<h2>Hi {RECEIVER_NAME},</h2>\r\n\r\n<p>You have a new proposal for the project <strong>{TITLE} </strong></p>\r\n\r\n<p><br>\r\n<a href=\"{PROJECT_URL}\">Click Here To view details </a></p>\r\n\r\n<hr>\r\n<p>If clicking the button above does not work, copy and paste the following url in a new browser window: {PROJECT_URL}</p>', 'en'),
(8, 'نجاح التحقق من المستند الخاص بك', '<p>{WEBSITE_LOGO}</p>\r\n\r\n<p>مرحبًا {MEMBER_NAME} ،</p>\r\n\r\n<p>تم التحقق من ملفك الشخصي بنجاح. الآن يمكنك تقديم اقتراح إلى {WEBSITE_NAME}.</p>', 'ar'),
(8, 'Your document verification success', '<p>{WEBSITE_LOGO}</p>\r\n\r\n<p>Hi {MEMBER_NAME} ,</p>\r\n\r\n<p>Your profile successfully verified . Now you can please proposal to the {WEBSITE_NAME}.</p>', 'en'),
(9, 'تم رفض التحقق من المستند الخاص بك', '<p>{WEBSITE_LOGO}</p>\r\n\r\n<p>مرحبًا {MEMBER_NAME} ،</p>\r\n\r\n<p>تم رفض طلب ملفك الشخصي للسبب التالي</p>\r\n\r\n<p>{السبب}.</p>\r\n\r\n<p>يرجى تصحيح هذه وإعادة الإرسال.</p>', 'ar'),
(9, 'Your document verification got rejected', '<p>{WEBSITE_LOGO}</p>\r\n\r\n<p>Hi {MEMBER_NAME} ,</p>\r\n\r\n<p>Your profile application got rejected for the following reason</p>\r\n\r\n<p>{REASON}.</p>\r\n\r\n<p>Please correct those and submit again.</p>\r\n\r\n<p> </p>', 'en'),
(10, 'هل نسيت كلمة السر', '<p>عزيزي{USER}      </p>\r\n\r\n<p>انقر فوق الرابط أدناه لإعادة تعيين كلمة المرور الخاصة بك</p>\r\n\r\n<p>{RESET_LINK}</p>', 'ar'),
(10, 'Forgot password', '<p>Dear {USER},</p>\r\n\r\n<p>Click on the below link to reset your password</p>\r\n\r\n<p><a href=\"{RESET_LINK}\">{RESET_LINK}</a></p>', 'en'),
(11, 'تم حظر حسابك على {WEBSITE_NAME}.', '<p>{WEBSITE_LOGO}</p>\r\n\r\n<p>عزيزي {MEMBER_NAME}<br>\r\nتم حظر حسابك على {WEBSITE_NAME}.</p>\r\n\r\n<p>لمزيد من المعلومات ، يرجى الاتصال بدعم العملاء.</p>', 'ar'),
(11, 'You account on {WEBSITE_NAME} has been blocked.', '<p>{WEBSITE_LOGO}</p>\r\n\r\n<h2>Dear {MEMBER_NAME}</h2>\r\n\r\n<p>You account on {WEBSITE_NAME} has been blocked.</p>\r\n\r\n<hr>\r\n<p>For Further Any Information, Please Contact Our <a href=\"{CUSTOMER_SUPPORT_URL}\">Customer Support.</a></p>', 'en'),
(12, 'لديك عرض جديد.', '<p>{WEBSITE_LOGO}</p>\r\n\r\n<p>مرحبًا {RECEIVER_NAME} ،<br>\r\nتهانينا ، لقد حصلت على خصم جديد في المشروع {TITLE} ،</p>\r\n\r\n<p><br>\r\nاضغط هنا لعرض التفاصيل</p>\r\n\r\n<p>إذا لم ينجح النقر فوق الزر أعلاه ، فانسخ عنوان url التالي والصقه في نافذة متصفح جديدة: {OFFER_URL}</p>', 'ar'),
(12, 'You have new offer.', '<p>{WEBSITE_LOGO}</p>\r\n\r\n<h2>Hi {RECEIVER_NAME},</h2>\r\n\r\n<p>congratulation, you got a new off for the project <strong>{TITLE} </strong>,</p>\r\n\r\n<p><br>\r\n<a href=\"{OFFER_URL}\">Click Here To view details </a></p>\r\n\r\n<hr>\r\n<p>If clicking the button above does not work, copy and paste the following url in a new browser window: {OFFER_URL}</p>', 'en'),
(13, 'تم قبول عرضك', '<p>{WEBSITE_LOGO}</p>\r\n\r\n<p>مرحبًا {RECEIVER_NAME} ،<br>\r\nمبروك ، لقد تم قبول عرضك الخاص بالمشروع {TITLE}.</p>\r\n\r\n<p><br>\r\nاضغط هنا لعرض التفاصيل</p>\r\n\r\n<p>إذا لم ينجح النقر فوق الزر أعلاه ، فانسخ عنوان url التالي والصقه في نافذة متصفح جديدة: {OFFER_URL}</p>', 'ar'),
(13, 'Your offer has been accepted', '<p>{WEBSITE_LOGO}</p>\r\n\r\n<h2>Hi {RECEIVER_NAME},</h2>\r\n\r\n<p>congratulation, your offer for the project <strong>{TITLE} </strong>has been accepted.</p>\r\n\r\n<p><br>\r\n<a href=\"{OFFER_URL}\">Click Here To view details </a></p>\r\n\r\n<hr>\r\n<p>If clicking the button above does not work, copy and paste the following url in a new browser window: {OFFER_URL}</p>', 'en'),
(14, 'تم رفض عرضك', '<p>{WEBSITE_LOGO}</p>\r\n\r\n<p>مرحبًا {RECEIVER_NAME} ،<br>\r\nعذرًا ، تم رفض عرضك الخاص بالمشروع {TITLE}.</p>\r\n\r\n<p><br>\r\nاضغط هنا لعرض التفاصيل</p>\r\n\r\n<p>إذا لم ينجح النقر فوق الزر أعلاه ، فانسخ عنوان url التالي والصقه في نافذة متصفح جديدة: {OFFER_URL}</p>', 'ar'),
(14, 'Your offer has been rejected', '<p>{WEBSITE_LOGO}</p>\r\n\r\n<h2>Hi {RECEIVER_NAME},</h2>\r\n\r\n<p>Sorry, your offer for the project <strong>{TITLE} </strong>has been rejected.</p>\r\n\r\n<p><br>\r\n<a href=\"{OFFER_URL}\">Click Here To view details </a></p>\r\n\r\n<hr>\r\n<p>If clicking the button above does not work, copy and paste the following url in a new browser window: {OFFER_URL}</p>', 'en'),
(15, 'طلب تقديم العمل', '<p>{WEBSITE_LOGO}</p>\r\n\r\n<p>مرحبًا {RECEIVER_NAME} ،<br>\r\nلديك طلب مجموع عمل للمشروع {TITLE}.</p>\r\n\r\n<p>اسم العقد: {CONTRACT_TITLE}</p>\r\n\r\n<p>اسم الحدث الرئيسي: {MILESTONE_TITLE}</p>\r\n\r\n<p><br>\r\nاضغط هنا لعرض التفاصيل</p>\r\n\r\n<p>إذا لم ينجح النقر فوق الزر أعلاه ، فانسخ عنوان url التالي والصقه في نافذة متصفح جديدة: {WORK_URL}</p>', 'ar'),
(15, 'Work submission request', '<p>{WEBSITE_LOGO}</p>\r\n\r\n<h2>Hi {RECEIVER_NAME},</h2>\r\n\r\n<p>You have a work sumission request for the project <strong>{TITLE} </strong>.</p>\r\n\r\n<p>Contract Name: <strong>{CONTRACT_TITLE}</strong></p>\r\n\r\n<p>Milestone Name: <strong>{MILESTONE_TITLE}</strong></p>\r\n\r\n<p><br>\r\n<a href=\"{WORK_URL}\">Click Here To view details </a></p>\r\n\r\n<hr>\r\n<p>If clicking the button above does not work, copy and paste the following url in a new browser window: {WORK_URL}</p>', 'en'),
(16, 'طلب اتصال جديد', '<p>{WEBSITE_LOGO}</p>\r\n\r\n<p>أهلا،</p>\r\n\r\n<p>لديك طلب اتصال جديد.</p>\r\n\r\n<p>البريد الإلكتروني: {EMAIL}</p>\r\n\r\n<p>استفسار عن: {ENQUIRY_FOR}</p>\r\n\r\n<p>الرسالة: {MESSAGE}</p>\r\n\r\n<p>شكرا</p>', 'ar'),
(16, 'New Contact Request', '<p>{WEBSITE_LOGO}</p>\r\n\r\n<p>hi,</p>\r\n\r\n<p>You have a new contact Request. </p>\r\n\r\n<p><strong>Email :</strong> {EMAIL}</p>\r\n\r\n<p><strong>Enquiry For:</strong> {ENQUIRY_FOR}</p>\r\n\r\n<p><strong>Message:</strong> {MESSAGE}</p>\r\n\r\n<p>Thanks</p>', 'en'),
(17, 'إعادة: {WEBSITE_NAME} {SUBJECT}', '<p>{WEBSITE_LOGO}</p>\r\n\r\n<p>أهلا ،</p>\r\n\r\n<p>{رسالة}</p>\r\n\r\n<p>شكرا</p>', 'ar'),
(17, 'RE: {WEBSITE_NAME} {SUBJECT}', '<p>{WEBSITE_LOGO}</p>\r\n\r\n<p>Hi ,</p>\r\n\r\n<p>{MESSAGE} </p>\r\n\r\n<p>Thanks</p>', 'en'),
(18, 'طلب تقديم العمل', '<p>لديك طلب مجموع عمل للمشروع {TITLE}.</p>\r\n\r\n<p>اسم العقد: {CONTRACT_TITLE}</p>\r\n\r\n<p><br>\r\nاضغط هنا لعرض التفاصيل</p>\r\n\r\n<p>إذا لم ينجح النقر فوق الزر أعلاه ، فانسخ عنوان url التالي والصقه في نافذة متصفح جديدة: {WORK_URL}</p>', 'ar'),
(18, 'Work submission request', '<p>{WEBSITE_LOGO}</p>\r\n\r\n<h2>Hi {RECEIVER_NAME},</h2>\r\n\r\n<p>You have a work sumission request for the project <strong>{TITLE} </strong>.</p>\r\n\r\n<p>Contract Name: <strong>{CONTRACT_TITLE}</strong></p>\r\n\r\n<p><br>\r\n<a href=\"{WORK_URL}\">Click Here To view details </a></p>\r\n\r\n<hr>\r\n<p>If clicking the button above does not work, copy and paste the following url in a new browser window: {WORK_URL}</p>', 'en'),
(19, 'طلب فاتورة بالساعة', '<p>{WEBSITE_LOGO}</p>\r\n\r\n<p>مرحبًا {RECEIVER_NAME} ،<br>\r\nلديك طلب فاتورة عمل للمشروع {TITLE}.</p>\r\n\r\n<p>اسم العقد: {CONTRACT_TITLE}</p>\r\n\r\n<p><br>\r\nاضغط هنا لعرض التفاصيل</p>\r\n\r\n<p>إذا لم ينجح النقر فوق الزر أعلاه ، فانسخ عنوان url التالي والصقه في نافذة متصفح جديدة: {WORK_URL}</p>', 'ar'),
(19, 'Hourly Invoice Request', '<p>{WEBSITE_LOGO}</p>\r\n\r\n<h2>Hi {RECEIVER_NAME},</h2>\r\n\r\n<p>You have a work invoice request for the project <strong>{TITLE} </strong>.</p>\r\n\r\n<p>Contract Name: <strong>{CONTRACT_TITLE}</strong></p>\r\n\r\n<p><br>\r\n<a href=\"{WORK_URL}\">Click Here To view details </a></p>\r\n\r\n<hr>\r\n<p>If clicking the button above does not work, copy and paste the following url in a new browser window: {WORK_URL}</p>', 'en'),
(20, 'بدء معلم جديد', '<p>{WEBSITE_LOGO}</p>\r\n\r\n<p>مرحبًا {RECEIVER_NAME} ،<br>\r\nبدأ العميل إنجازًا جديدًا للمشروع {TITLE}.</p>\r\n\r\n<p>اسم العقد: {CONTRACT_TITLE}</p>\r\n\r\n<p>اسم الحدث الرئيسي: {MILESTONE_TITLE}</p>\r\n\r\n<p><br>\r\nاضغط هنا لعرض التفاصيل</p>\r\n\r\n<p>إذا لم ينجح النقر فوق الزر أعلاه ، فانسخ عنوان url التالي والصقه في نافذة متصفح جديدة: {WORK_URL}</p>', 'ar'),
(20, 'New milestone Initiate', '<p>{WEBSITE_LOGO}</p>\r\n\r\n<h2>Hi {RECEIVER_NAME},</h2>\r\n\r\n<p>Client have  initiate new milestone for the project <strong>{TITLE} </strong>.</p>\r\n\r\n<p>Contract Name: <strong>{CONTRACT_TITLE}</strong></p>\r\n\r\n<p>Milestone Name: <strong>{MILESTONE_TITLE}</strong></p>\r\n\r\n<p><br>\r\n<a href=\"{WORK_URL}\">Click Here To view details </a></p>\r\n\r\n<hr>\r\n<p>If clicking the button above does not work, copy and paste the following url in a new browser window: {WORK_URL}</p>', 'en'),
(21, 'تم قبول تقديمك.', '<p>{WEBSITE_LOGO}</p>\r\n\r\n<p>مرحبًا {RECEIVER_NAME} ،<br>\r\nتم قبول طلب مجموع العمل الخاص بك للمشروع {TITLE}.</p>\r\n\r\n<p>اسم العقد: {CONTRACT_TITLE}</p>\r\n\r\n<p>اسم الحدث الرئيسي: {MILESTONE_TITLE}</p>\r\n\r\n<p><br>\r\nاضغط هنا لعرض التفاصيل</p>\r\n\r\n<p>إذا لم ينجح النقر فوق الزر أعلاه ، فانسخ عنوان url التالي والصقه في نافذة متصفح جديدة: {WORK_URL}</p>', 'ar'),
(21, 'Your submission has been accepted.', '<p>{WEBSITE_LOGO}</p>\r\n\r\n<h2>Hi {RECEIVER_NAME},</h2>\r\n\r\n<p>Your work sumission request for the project <strong>{TITLE}</strong> has been accepted .</p>\r\n\r\n<p>Contract Name: <strong>{CONTRACT_TITLE}</strong></p>\r\n\r\n<p>Milestone Name: <strong>{MILESTONE_TITLE}</strong></p>\r\n\r\n<p><br>\r\n<a href=\"{WORK_URL}\">Click Here To view details </a></p>\r\n\r\n<hr>\r\n<p>If clicking the button above does not work, copy and paste the following url in a new browser window: {WORK_URL}</p>', 'en'),
(22, 'تم رفض تقديمك.', '<p>{WEBSITE_LOGO}</p>\r\n\r\n<p>مرحبًا {RECEIVER_NAME} ،<br>\r\nتم قبول طلب مجموع العمل الخاص بك للمشروع {TITLE}.</p>\r\n\r\n<p>اسم العقد: {CONTRACT_TITLE}</p>\r\n\r\n<p>اسم الحدث الرئيسي: {MILESTONE_TITLE}</p>\r\n\r\n<p>السبب: {REJECT_REASON}</p>\r\n\r\n<p><br>\r\nاضغط هنا لعرض التفاصيل</p>\r\n\r\n<p>إذا لم ينجح النقر فوق الزر أعلاه ، فانسخ عنوان url التالي والصقه في نافذة متصفح جديدة: {WORK_URL}</p>', 'ar'),
(22, 'Your submission has been rejected.', '<p>{WEBSITE_LOGO}</p>\r\n\r\n<h2>Hi {RECEIVER_NAME},</h2>\r\n\r\n<p>Your work sumission request for the project <strong>{TITLE}</strong> has been accepted .</p>\r\n\r\n<p>Contract Name: <strong>{CONTRACT_TITLE}</strong></p>\r\n\r\n<p>Milestone Name: <strong>{MILESTONE_TITLE}</strong></p>\r\n\r\n<p><b>Reason : </b>{REJECT_REASON}</p>\r\n\r\n<p><br>\r\n<a href=\"{WORK_URL}\">Click Here To view details </a></p>\r\n\r\n<hr>\r\n<p>If clicking the button above does not work, copy and paste the following url in a new browser window: {WORK_URL}</p>', 'en'),
(23, 'يقوم العميل بعمل نزاع جديد.', '<p>{WEBSITE_LOGO}</p>\r\n\r\n<p>مرحبًا {RECEIVER_NAME} ،<br>\r\nينشئ العميل نزاعًا جديدًا على المشروع {TITLE}.</p>\r\n\r\n<p>اسم العقد: {CONTRACT_TITLE}</p>\r\n\r\n<p>اسم الحدث الرئيسي: {MILESTONE_TITLE}</p>', 'ar'),
(23, 'Client make a new dispute.', '<p>{WEBSITE_LOGO}</p>\r\n\r\n<h2>Hi {RECEIVER_NAME},</h2>\r\n\r\n<p>Client create a new dispute for the project <strong>{TITLE}</strong> .</p>\r\n\r\n<p>Contract Name: <strong>{CONTRACT_TITLE}</strong></p>\r\n\r\n<p>Milestone Name: <strong>{MILESTONE_TITLE}</strong></p>\r\n\r\n<p><br>\r\n<a href=\"{WORK_URL}\">Click Here To view details </a></p>\r\n\r\n<hr>\r\n<p>If clicking the button above does not work, copy and paste the following url in a new browser window: {WORK_URL}</p>', 'en'),
(24, 'لديك عرض جديد للنزاع', '<p>{WEBSITE_LOGO}</p>\r\n\r\n<p>مرحبًا {RECEIVER_NAME} ،<br>\r\nلديك عرض اعتراض جديد على المشروع {TITLE}.</p>\r\n\r\n<p>اسم العقد: {CONTRACT_TITLE}</p>\r\n\r\n<p>اسم الحدث الرئيسي: {MILESTONE_TITLE}</p>', 'ar'),
(24, 'You have new offer for dispute', '<p>{WEBSITE_LOGO}</p>\r\n\r\n<h2>Hi {RECEIVER_NAME},</h2>\r\n\r\n<p>Your have a new dispute offer  for the project <strong>{TITLE}</strong>  .</p>\r\n\r\n<p>Contract Name: <strong>{CONTRACT_TITLE}</strong></p>\r\n\r\n<p>Milestone Name: <strong>{MILESTONE_TITLE}</strong></p>\r\n\r\n<p><br>\r\n<a href=\"{DISPUTE_URL}\">Click Here To view details </a></p>\r\n\r\n<hr>\r\n<p>If clicking the button above does not work, copy and paste the following url in a new browser window: {DISPUTE_URL}</p>', 'en'),
(25, 'تم حل النزاع', '<p>{WEBSITE_LOGO}</p>\r\n\r\n<p>مرحبًا {RECEIVER_NAME} ،<br>\r\nتم حل النزاع بشأن المشروع {TITLE}.</p>\r\n\r\n<p>اسم العقد: {CONTRACT_TITLE}</p>\r\n\r\n<p>اسم الحدث الرئيسي: {MILESTONE_TITLE}</p>', 'ar'),
(25, 'Dispute has been resolved', '<p>{WEBSITE_LOGO}</p>\r\n\r\n<h2>Hi {RECEIVER_NAME},</h2>\r\n\r\n<p>Dispute has been resolved  for the project <strong>{TITLE}</strong>  .</p>\r\n\r\n<p>Contract Name: <strong>{CONTRACT_TITLE}</strong></p>\r\n\r\n<p>Milestone Name: <strong>{MILESTONE_TITLE}</strong></p>\r\n\r\n<p><br>\r\n<a href=\"{DISPUTE_URL}\">Click Here To view details </a></p>\r\n\r\n<hr>\r\n<p>If clicking the button above does not work, copy and paste the following url in a new browser window: {DISPUTE_URL}</p>', 'en'),
(26, 'انتهى عقد جديد', '<p>{WEBSITE_LOGO}</p>\r\n\r\n<p>مرحبًا {RECEIVER_NAME} ،<br>\r\nانتهى عقد جديد للمشروع {TITLE}.</p>\r\n\r\n<p>اسم العقد: {CONTRACT_TITLE}</p>\r\n\r\n<p>يرجى مراجعة ووضع ملاحظاتك.</p>', 'ar'),
(26, 'New contract Ended', '<p>{WEBSITE_LOGO}</p>\r\n\r\n<h2>Hi {RECEIVER_NAME},</h2>\r\n\r\n<p>New contract ended for the project <strong>{TITLE}</strong> .</p>\r\n\r\n<p>Contract Name: <strong>{CONTRACT_TITLE}</strong></p>\r\n\r\n<p>Please review and put your feedback.</p>\r\n\r\n<p><br>\r\n<a href=\"{WORK_URL}\">Click Here To view details </a></p>\r\n\r\n<hr>\r\n<p>If clicking the button above does not work, copy and paste the following url in a new browser window: {WORK_URL}</p>', 'en'),
(27, 'تم إيقاف العقد مؤقتًا', '<p>{WEBSITE_LOGO}</p>\r\n\r\n<p>مرحبًا {RECEIVER_NAME} ،<br>\r\nتم إيقاف عقدك مؤقتًا للمشروع {TITLE}.</p>\r\n\r\n<p>اسم العقد: {CONTRACT_TITLE}</p>', 'ar'),
(27, 'Contract has been pause', '<p>{WEBSITE_LOGO}</p>\r\n\r\n<h2>Hi {RECEIVER_NAME},</h2>\r\n\r\n<p>Your contract has been pause for the project <strong>{TITLE}</strong>  .</p>\r\n\r\n<p>Contract Name: <strong>{CONTRACT_TITLE}</strong></p>\r\n\r\n<p><br>\r\n<a href=\"{WORK_URL}\">Click Here To view details </a></p>\r\n\r\n<hr>\r\n<p>If clicking the button above does not work, copy and paste the following url in a new browser window: {WORK_URL}</p>', 'en'),
(28, 'تم استئناف عقدك', '<p>تم استئناف عقدك لمشروع {TITLE}.</p>\r\n\r\n<p>اسم العقد: {CONTRACT_TITLE}</p>\r\n\r\n<p><br>\r\nاضغط هنا لعرض التفاصيل</p>\r\n\r\n<p>إذا لم ينجح النقر فوق الزر أعلاه ، فانسخ عنوان url التالي والصقه في نافذة متصفح جديدة: {WORK_URL}</p>', 'ar'),
(28, 'Your contract has been resume', '<p>{WEBSITE_LOGO}</p>\r\n\r\n<h2>Hi {RECEIVER_NAME},</h2>\r\n\r\n<p>Your contract has been resume for the project <strong>{TITLE}</strong>  .</p>\r\n\r\n<p>Contract Name: <strong>{CONTRACT_TITLE}</strong></p>\r\n\r\n<p><br>\r\n<a href=\"{WORK_URL}\">Click Here To view details </a></p>\r\n\r\n<hr>\r\n<p>If clicking the button above does not work, copy and paste the following url in a new browser window: {WORK_URL}</p>', 'en'),
(29, 'تم قبول تقديمك.', '<p>{WEBSITE_LOGO}</p>\r\n\r\n<p>مرحبًا {RECEIVER_NAME} ،<br>\r\nتم قبول طلب مجموع العمل الخاص بك للمشروع {TITLE}.</p>\r\n\r\n<p>اسم العقد: {CONTRACT_TITLE}</p>', 'ar'),
(29, 'Your submission has been accepted.', '<p>{WEBSITE_LOGO}</p>\r\n\r\n<h2>Hi {RECEIVER_NAME},</h2>\r\n\r\n<p>Your work sumission request for the project <strong>{TITLE}</strong> has been accepted .</p>\r\n\r\n<p>Contract Name: <strong>{CONTRACT_TITLE}</strong></p>\r\n\r\n<p><br>\r\n<a href=\"{WORK_URL}\">Click Here To view details </a></p>\r\n\r\n<hr>\r\n<p>If clicking the button above does not work, copy and paste the following url in a new browser window: {WORK_URL}</p>', 'en'),
(30, 'تم رفض تقديمك.', '<p>{WEBSITE_LOGO}</p>\r\n\r\n<p>مرحبًا {RECEIVER_NAME} ،<br>\r\nتم قبول طلب مجموع العمل الخاص بك للمشروع {TITLE}.</p>\r\n\r\n<p>اسم العقد: {CONTRACT_TITLE}</p>\r\n\r\n<p>السبب: {REJECT_REASON}</p>', 'ar'),
(30, 'Your submission has been rejected.', '<p>{WEBSITE_LOGO}</p>\r\n\r\n<h2>Hi {RECEIVER_NAME},</h2>\r\n\r\n<p>Your work sumission request for the project <strong>{TITLE}</strong> has been accepted .</p>\r\n\r\n<p>Contract Name: <strong>{CONTRACT_TITLE}</strong></p>\r\n\r\n<p><b>Reason : </b>{REJECT_REASON}</p>\r\n\r\n<p><br>\r\n<a href=\"{WORK_URL}\">Click Here To view details </a></p>\r\n\r\n<hr>\r\n<p>If clicking the button above does not work, copy and paste the following url in a new browser window: {WORK_URL}</p>', 'en'),
(31, 'تم قبول فاتورتك.', '<p>تم قبول فاتورتك الخاصة بالمشروع {TITLE}.</p>\r\n\r\n<p>اسم العقد: {CONTRACT_TITLE}</p>\r\n\r\n<p>عنوان URL للفاتورة: {INVOICE_URL}<br>\r\nاضغط هنا لعرض التفاصيل</p>\r\n\r\n<p>إذا لم ينجح النقر فوق الزر أعلاه ، فانسخ عنوان url التالي والصقه في نافذة متصفح جديدة: {WORK_URL}</p>\r\n\r\n<p> </p>', 'ar'),
(31, 'Your invoice has been accepted.', '<p>{WEBSITE_LOGO}</p>\r\n\r\n<h2>Hi {RECEIVER_NAME},</h2>\r\n\r\n<p>Your invoice for the project <strong>{TITLE}</strong> has been accepted .</p>\r\n\r\n<p>Contract Name: <strong>{CONTRACT_TITLE}</strong></p>\r\n\r\n<p>Invoice URL :{INVOICE_URL}<br>\r\n<a href=\"{WORK_URL}\">Click Here To view details </a></p>\r\n\r\n<hr>\r\n<p>If clicking the button above does not work, copy and paste the following url in a new browser window: {WORK_URL}</p>', 'en'),
(32, 'تم رفض فاتورتك.', '<p>{WEBSITE_LOGO}</p>\r\n\r\n<p>مرحبًا {RECEIVER_NAME} ،<br>\r\nتم رفض فاتورتك الخاصة بالمشروع {TITLE}.</p>\r\n\r\n<p>اسم العقد: {CONTRACT_TITLE}</p>\r\n\r\n<p>عنوان URL للفاتورة: {INVOICE_URL}<br>\r\nاضغط هنا لعرض التفاصيل</p>\r\n\r\n<p>إذا لم ينجح النقر فوق الزر أعلاه ، فانسخ عنوان url التالي والصقه في نافذة متصفح جديدة: {WORK_URL}</p>', 'ar'),
(32, 'Your invoice has been rejected.', '<p>{WEBSITE_LOGO}</p>\r\n\r\n<h2>Hi {RECEIVER_NAME},</h2>\r\n\r\n<p>Your invoice for the project <strong>{TITLE}</strong> has been rejected.</p>\r\n\r\n<p>Contract Name: <strong>{CONTRACT_TITLE}</strong></p>\r\n\r\n<p>Invoice URL: {INVOICE_URL}<br>\r\n<a href=\"{WORK_URL}\">Click Here To view details </a></p>\r\n\r\n<hr>\r\n<p>If clicking the button above does not work, copy and paste the following url in a new browser window: {WORK_URL}</p>', 'en'),
(33, 'لديك دعوة مشروع جديد', '<p>{WEBSITE_LOGO}</p>\r\n\r\n<p>مرحبًا {RECEIVER_NAME} ،<br>\r\nمبروك ، لقد تلقيت دعوة جديدة للمشروع {TITLE} ،</p>\r\n\r\n<p><br>\r\nاضغط هنا لعرض التفاصيل</p>\r\n\r\n<p>إذا لم ينجح النقر فوق الزر أعلاه ، فانسخ عنوان url التالي والصقه في نافذة متصفح جديدة: {URL}</p>', 'ar'),
(33, 'You have a new project invitation', '<p>{WEBSITE_LOGO}</p>\r\n\r\n<h2>Hi {RECEIVER_NAME},</h2>\r\n\r\n<p>congratulation, you got a new invitation for the project <strong>{TITLE} </strong>,</p>\r\n\r\n<p><br>\r\n<a href=\"{URL}\">Click Here To view details </a></p>\r\n\r\n<hr>\r\n<p>If clicking the button above does not work, copy and paste the following url in a new browser window: {URL}</p>', 'en'),
(34, 'إرسال نزاع إلى المسؤول', '<p>{WEBSITE_LOGO}</p>\r\n\r\n<p>مرحبًا {RECEIVER_NAME} ،<br>\r\nينشئ العميل نزاعًا جديدًا على المشروع {TITLE}.</p>\r\n\r\n<p>اسم العقد: {CONTRACT_TITLE}</p>\r\n\r\n<p>اسم الحدث الرئيسي: {MILESTONE_TITLE}</p>', 'ar'),
(34, 'Dispute send to admin', '<p>{WEBSITE_LOGO}</p>\r\n\r\n<h2>Hi {RECEIVER_NAME},</h2>\r\n\r\n<p>Client create a new dispute for the project <strong>{TITLE}</strong> .</p>\r\n\r\n<p>Contract Name: <strong>{CONTRACT_TITLE}</strong></p>\r\n\r\n<p>Milestone Name: <strong>{MILESTONE_TITLE}</strong></p>\r\n\r\n<p><br>\r\n<a href=\"{DISPUTE_URL}\">Click Here To view details </a></p>\r\n\r\n<hr>\r\n<p>If clicking the button above does not work, copy and paste the following url in a new browser window: {DISPUTE_URL}</p>', 'en'),
(35, 'New Reported Project', '<p>{WEBSITE_LOGO}</p>\r\n\r\n<h2>Hi Admin,</h2>\r\n\r\n<p>Project <strong>{TITLE} </strong>is reported by a user.</p>\r\n\r\n<p><br>\r\n<a href=\"{URL}\">Click Here To view details </a></p>\r\n\r\n<hr>\r\n<p>If clicking the button above does not work, copy and paste the following url in a new browser window: {URL}</p>', 'ar'),
(35, 'New Reported Project', '<p>{WEBSITE_LOGO}</p>\r\n\r\n<h2>Hi Admin,</h2>\r\n\r\n<p>Project <strong>{TITLE} </strong>is reported by a user.</p>\r\n\r\n<p><br>\r\n<a href=\"{URL}\">Click Here To view details </a></p>\r\n\r\n<hr>\r\n<p>If clicking the button above does not work, copy and paste the following url in a new browser window: {URL}</p>', 'en');

-- --------------------------------------------------------

--
-- Table structure for table `pref_member`
--

CREATE TABLE `pref_member` (
  `member_id` int(11) NOT NULL,
  `access_user_id` int(11) DEFAULT NULL,
  `is_employer` tinyint(1) NOT NULL,
  `member_name` varchar(150) DEFAULT NULL,
  `member_email` varchar(50) NOT NULL,
  `member_username` varchar(50) DEFAULT NULL,
  `member_register_date` datetime NOT NULL,
  `is_email_verified` tinyint(1) DEFAULT NULL,
  `is_phone_verified` tinyint(1) DEFAULT NULL,
  `is_doc_verified` tinyint(1) DEFAULT NULL
) ENGINE=InnoDB DEFAULT CHARSET=utf8;

--
-- Dumping data for table `pref_member`
--

INSERT INTO `pref_member` (`member_id`, `access_user_id`, `is_employer`, `member_name`, `member_email`, `member_username`, `member_register_date`, `is_email_verified`, `is_phone_verified`, `is_doc_verified`) VALUES
(1, 1, 0, 'Asharam Pakhira New', 'asish9735@gmail.com', 'asish9735', '2019-05-28 15:01:08', 1, 1, 0),
(2, 2, 1, 'test', 'test@test.com', NULL, '2019-06-11 09:48:32', NULL, NULL, NULL),
(3, 3, 0, NULL, 'test2@test.com', NULL, '2019-06-19 13:24:19', NULL, NULL, NULL),
(4, 4, 0, 'Dev sharma', 'dcsharma1991@gmail.com', NULL, '2019-11-18 16:31:45', 1, 1, 1),
(5, NULL, 0, 'Asharam', 'asishb@gmail.com', 'asishb', '2019-12-09 12:40:40', NULL, NULL, NULL),
(6, 6, 0, 'Asharam', 'asishbb@gmail.com', 'asishbb', '2019-12-09 12:44:12', NULL, NULL, NULL),
(7, 7, 0, 'Asharam', 'asish@gmail.com', 'asishbbb', '2019-12-09 12:44:57', NULL, NULL, NULL),
(8, 8, 0, 'Asharam', 'asish@gmail.com', 'asish', '2019-12-09 12:46:24', NULL, NULL, NULL),
(9, 9, 1, 'Asharam pakhira', 'asish9735_biz@gmail.com', NULL, '2019-12-10 09:51:30', NULL, NULL, NULL),
(10, 10, 1, 'Asharam pakhira', 'asish9735_biz@gmail.com', NULL, '2019-12-10 09:52:37', NULL, NULL, NULL),
(11, 11, 1, 'Asharam pakhira', 'asish9735_biz@gmail.com', NULL, '2019-12-10 09:55:54', 1, 1, 1),
(12, 12, 0, 'Asish Per', 'asish9735_per@gmail.com', 'asish9735_old', '2019-12-26 09:09:36', NULL, NULL, NULL),
(13, 13, 0, 'Asish Per', 'asish9735_per@gmail.com', 'asish9735_old2', '2019-12-26 09:13:03', NULL, NULL, NULL),
(14, 14, 0, 'Asish Per', 'asish9735_per@gmail.com', 'asish9735_old3', '2019-12-26 09:15:51', 1, 1, 1),
(15, 15, 0, 'Asish Per', 'asish9735_per@gmail.com', 'asish9735_per', '2019-12-26 12:16:03', 1, 1, 1),
(16, 16, 0, 'Asim Patra', 'asimpatra24@gmail.com', 'asimpatra24', '2021-02-04 13:13:27', 1, 1, 1),
(17, 17, 0, 'Somya Patra', 'asimpatra@gmail.com', 'soumyapan', '2021-03-26 08:43:54', 1, 1, 1),
(18, 18, 0, 'rob fax', 'faxrob1@gmail.com', 'faxrob1', '2021-03-28 13:43:17', NULL, NULL, NULL),
(19, 19, 0, 'santosh bajaj', 'santoshbajaj753@gmail.com', 'tester', '2021-04-30 12:43:18', 1, NULL, NULL),
(20, 20, 0, 'Jenn', 'j3nnenca@yahoo.com', 'Jenn', '2021-06-10 17:27:13', NULL, NULL, NULL),
(21, 21, 0, 'Jenn', 'jenn_aurelio@yahoo.com', 'Jenny', '2021-06-10 17:34:54', NULL, NULL, NULL),
(22, 22, 0, 'Girishan', 'ubps1986@gmail.com', 'Ubpsshan', '2021-06-29 16:33:40', NULL, NULL, NULL),
(23, 23, 1, 'dhi', 'girishan0788@gmail.com', NULL, '2021-06-29 18:41:10', NULL, NULL, NULL),
(24, 24, 1, 'Sample tick', 'Uhip2021@gmail.com', NULL, '2021-06-30 03:57:40', NULL, NULL, NULL),
(25, 25, 1, 'Murthy', 'murthy@gmail.com', NULL, '2021-07-27 17:24:47', NULL, NULL, NULL),
(26, 26, 1, 'Neo', 'giri@gmail.com', NULL, '2021-08-08 16:26:03', NULL, NULL, NULL),
(27, 27, 0, 'Benjamin Meyers', 'bmeyers2020@yahoo.com', 'bmeyers', '2021-09-12 21:02:06', NULL, NULL, NULL),
(28, 28, 0, 'Mister Gupta', 'echextechnologies@gmail.com', 'mistergupta', '2021-12-30 16:45:27', NULL, NULL, NULL),
(29, 29, 0, 'unknown', 'hikefeb488@showbaz.com', 'unkown', '2022-01-27 19:04:17', NULL, NULL, NULL),
(30, 30, 1, 'Hensely Baker', 'wakeupandsmellthecoffee13@gmail.com', NULL, '2022-02-09 12:13:49', NULL, NULL, NULL),
(31, 31, 0, 'Bee Hive', 'thisismy.dummyacc03@gmail.com', 'bee89', '2022-02-09 14:44:00', NULL, NULL, NULL),
(32, 32, 1, 'saad', 'sheikhswiminfo@gmail.com', NULL, '2022-03-03 09:56:10', 1, NULL, NULL),
(33, 33, 0, 'swim', 'sheikhjewelahmedjoy@gmail.com', 'sheikhswim', '2022-03-03 12:13:34', 1, NULL, 0),
(34, 34, 0, 'Bee Tucker', 'thisismy_dummyacc03@gmail.com', 'BeeT', '2022-03-26 11:09:21', NULL, NULL, NULL),
(35, 35, 0, 'dfsg ydfghd', 'safgg@gmail.com', 'Ll0ydツ', '2022-04-04 18:06:51', NULL, NULL, NULL),
(36, 36, 1, 'ROOD', 'top@gmail.com', 'BOBY', '2022-04-10 12:49:21', NULL, NULL, NULL),
(37, 37, 1, 'Marsden Richards', 'teke@mailinator.com', NULL, '2022-04-18 12:45:56', NULL, NULL, NULL),
(38, 38, 1, 'test', 'gexetel887@aikusy.com', NULL, '2022-04-19 08:44:28', NULL, NULL, NULL),
(39, 39, 0, 'eeeklllll', 'demouser1@gmail.com', 'skkkkk', '2022-05-03 00:58:20', NULL, NULL, NULL),
(40, 40, 0, 'priyanka', 'priyanka.chatterjee785@gmail.com', 'priyanka2405', '2022-05-26 10:31:59', NULL, NULL, NULL),
(41, 41, 0, 'hdossary', '11@gmail.com', 'hdossary', '2022-06-12 13:38:52', 1, 1, 1),
(42, 42, 1, 'dossarysuadi', '4saudii250@gmail.com', NULL, '2022-06-12 13:55:49', 1, 1, 0),
(43, 43, 1, 'SAMI', '11@gmail.com', NULL, '2022-06-15 06:52:03', 1, 1, 0),
(44, 44, 0, 'SAMI', '11@gmail.com', '123456789', '2022-06-15 07:10:13', 1, 1, 1),
(45, 45, 1, 'linaaaaaaaaa', '11@gmail.com', NULL, '2022-06-23 05:29:36', 1, 1, 1),
(46, 46, 0, 'NORAHH', '11@gmail.com', 'NORAH SHJAA', '2022-06-23 10:27:16', 1, 1, 0),
(47, 47, 0, 'هادي الدوسري', '4saudii258@gmail.com', 'hadi', '2022-06-27 05:40:29', 1, NULL, NULL),
(48, 48, 1, 'هادي الدوسري', '4saudii1000@gmail.com', NULL, '2022-06-30 06:23:51', NULL, NULL, NULL),
(49, 49, 0, 'هادي الدوسري', '4saudii2000@gmail.com', 'hadi2000', '2022-06-30 06:26:52', 1, 1, 1),
(50, 50, 0, '4saudii', '4saudii2599@gmail.com', '4saudii', '2022-07-01 20:12:37', 1, 1, 0),
(51, 51, 0, 'الهلال', '4saudii260@gmail.com', 'Hilal', '2022-07-02 04:32:46', 1, 1, 0),
(52, 52, 0, 'هادي الدوسري', '4saudii261@gmail.com', 'ahmed', '2022-07-02 11:38:03', 1, NULL, NULL),
(53, 53, 1, 'الرجل الاصيل', '4saudii262@gmail.com', NULL, '2022-07-02 17:57:23', 1, NULL, NULL),
(54, 54, 0, 'salem suilam', '4saudii209090908@gmail.com', 'salem alsleam', '2022-07-10 10:33:03', NULL, NULL, NULL),
(55, 55, 0, 'shja nono', '4saudii263@gmail.com', 'shjaaa', '2022-07-13 19:41:00', 1, 1, 1),
(56, 56, 0, 'Rahul Purbia', 'Rahul.purbia21@gmail.com', 'rahul.purbia@qdegrees.com', '2022-07-25 09:12:32', NULL, NULL, NULL),
(57, 57, 0, 'gaurav', 'scpndv@gmail.com', 'gauravs', '2022-07-25 09:20:56', 1, NULL, NULL),
(58, 58, 1, 'jelly', 'android@dineoutbahrain.com', NULL, '2022-07-28 12:18:51', NULL, NULL, NULL),
(59, 59, 0, 'Asim Patra', 'patraasim@gmail.com', 'patraasim', '2022-08-23 13:59:59', NULL, NULL, NULL),
(60, 60, 0, 'test1', 'test1@gmail.com', 'test1@gmail.com', '2022-08-24 00:30:20', 0, 0, 0),
(61, 61, 1, 'alkharj', '4saudii251@gmail.com', NULL, '2022-08-29 05:23:44', NULL, NULL, NULL),
(62, 62, 0, 'wadi do', '4sauii252@gmail.com', 'norah hadi', '2022-08-29 05:47:36', 0, 1, 0),
(63, 63, 0, 'nnnhadi', '4saudii252@gmail.com', 'nooohadi', '2022-08-29 05:53:55', 1, 1, 0),
(64, 64, 0, 'Aws', '4saudii270@gmail.com', 'Aws1', '2022-09-01 08:55:46', NULL, NULL, NULL),
(65, 65, 1, 'Ans', '4saudii271@gmail.com', NULL, '2022-09-01 08:57:45', NULL, NULL, NULL),
(66, 66, 0, 'Scopin dev', 'laliso2480@esmoud.com', 'Scopin', '2022-09-06 18:41:39', NULL, NULL, NULL),
(67, 67, 0, 're', 'mkae96@gmail.com', 're', '2022-09-11 12:14:26', NULL, NULL, NULL),
(68, 68, 0, 'متعب', 'mutabb@ssmasesd.com', 'mutab', '2022-09-15 08:16:25', 1, 1, 1),
(69, 69, 1, 'متعب 2', 'mutabbbbb@mutabbb.com', NULL, '2022-09-15 08:28:49', NULL, NULL, NULL),
(70, 70, 0, 'Terence', '123@qq.com', 'Terence', '2022-10-18 13:22:49', NULL, NULL, NULL),
(71, 71, 0, 'Terence', 'ruiqi1001@gmail.com', 'Terence2', '2022-10-18 13:24:16', NULL, NULL, NULL),
(72, 72, 0, 'Test Name', 'test@gmail.com', 'testuser', '2022-10-31 06:51:11', NULL, NULL, NULL),
(73, 73, 0, 'Tula Xander', 'tux584@gmail.com', 'tux', '2023-05-18 00:50:22', 1, NULL, 1);

-- --------------------------------------------------------

--
-- Table structure for table `pref_membership`
--

CREATE TABLE `pref_membership` (
  `membership_id` int(11) NOT NULL,
  `membership_bid` smallint(6) NOT NULL,
  `membership_portfolio` smallint(6) NOT NULL,
  `membership_skills` smallint(6) NOT NULL,
  `membership_commission_percent` float(6,2) NOT NULL,
  `price_per_month` decimal(10,2) NOT NULL,
  `price_per_year` decimal(10,2) NOT NULL,
  `membership_status` tinyint(1) NOT NULL,
  `display_order` tinyint(4) NOT NULL
) ENGINE=InnoDB DEFAULT CHARSET=utf8;

--
-- Dumping data for table `pref_membership`
--

INSERT INTO `pref_membership` (`membership_id`, `membership_bid`, `membership_portfolio`, `membership_skills`, `membership_commission_percent`, `price_per_month`, `price_per_year`, `membership_status`, `display_order`) VALUES
(1, 1200, 10, 14, 10.00, '500.00', '0.00', 1, 1),
(2, 1000, 10, 20, 7.00, '49.99', '499.99', 1, 2),
(3, 1500, 20, 30, 10.00, '5000.00', '5000.00', 1, 3),
(4, 1400, 10, 10, 10.00, '90.00', '2.00', 1, 7);

-- --------------------------------------------------------

--
-- Table structure for table `pref_membership_badge`
--

CREATE TABLE `pref_membership_badge` (
  `membership_id` int(11) NOT NULL,
  `badge_id` int(11) NOT NULL
) ENGINE=InnoDB DEFAULT CHARSET=utf8;

--
-- Dumping data for table `pref_membership_badge`
--

INSERT INTO `pref_membership_badge` (`membership_id`, `badge_id`) VALUES
(1, 1),
(1, 2);

-- --------------------------------------------------------

--
-- Table structure for table `pref_membership_names`
--

CREATE TABLE `pref_membership_names` (
  `membership_id` int(11) NOT NULL,
  `name` varchar(200) NOT NULL,
  `description` text NOT NULL,
  `lang` char(2) NOT NULL
) ENGINE=InnoDB DEFAULT CHARSET=utf8;

--
-- Dumping data for table `pref_membership_names`
--

INSERT INTO `pref_membership_names` (`membership_id`, `name`, `description`, `lang`) VALUES
(1, 'الخطة الأساسية', 'سجل عمل مستقل تم التحقق منه ومراجعات حول Upwork', 'ar'),
(1, 'Basic Plan', 'Verified freelancer work history and reviews on Upwork', 'en'),
(2, 'الخطة القياسية', 'سجل عمل مستقل تم التحقق منه ومراجعات حول Upwork', 'ar'),
(2, 'Standard Plan', 'Verified freelancer work history and reviews on Upwork', 'en'),
(3, 'خطة بريميوم', 'سجل عمل مستقل تم التحقق منه ومراجعات حول Upwork', 'ar'),
(3, 'Premium Plan', 'Verified freelancer work history and reviews on Upwork', 'en'),
(4, 'ذهب', 'سجل عمل مستقل تم التحقق منه ومراجعات حول Upwork', 'ar'),
(4, 'Gold', 'Verified freelancer work history and reviews on Upwork', 'en');

-- --------------------------------------------------------

--
-- Table structure for table `pref_member_address`
--

CREATE TABLE `pref_member_address` (
  `member_address_id` int(11) NOT NULL,
  `member_id` int(11) NOT NULL,
  `member_country` varchar(10) DEFAULT NULL,
  `member_state` varchar(100) DEFAULT NULL,
  `member_city` varchar(100) DEFAULT NULL,
  `member_current_location` varchar(10) NOT NULL,
  `member_address_1` varchar(255) DEFAULT NULL,
  `member_address_2` varchar(255) DEFAULT NULL,
  `member_pincode` varchar(10) DEFAULT NULL,
  `member_mobile` varchar(20) DEFAULT NULL,
  `member_mobile_code` varchar(10) DEFAULT NULL,
  `member_timezone` varchar(20) DEFAULT NULL
) ENGINE=InnoDB DEFAULT CHARSET=utf8;

--
-- Dumping data for table `pref_member_address`
--

INSERT INTO `pref_member_address` (`member_address_id`, `member_id`, `member_country`, `member_state`, `member_city`, `member_current_location`, `member_address_1`, `member_address_2`, `member_pincode`, `member_mobile`, `member_mobile_code`, `member_timezone`) VALUES
(1, 1, 'HKG', 'West bengal', 'Kolkata', 'IND', 'Ab 52 prafulla kanan west', NULL, '700101', '9126508421', '+91', '+5:30'),
(2, 2, NULL, NULL, NULL, '', NULL, NULL, NULL, NULL, NULL, NULL),
(3, 3, NULL, NULL, NULL, '', NULL, NULL, NULL, NULL, NULL, NULL),
(4, 4, NULL, NULL, NULL, '', NULL, NULL, NULL, NULL, NULL, NULL),
(5, 5, 'IND', NULL, NULL, '', NULL, NULL, NULL, NULL, NULL, NULL),
(6, 6, 'IND', NULL, NULL, '', NULL, NULL, NULL, NULL, NULL, NULL),
(7, 7, 'IND', NULL, NULL, '', NULL, NULL, NULL, NULL, NULL, NULL),
(8, 8, 'IND', NULL, NULL, '', NULL, NULL, NULL, NULL, NULL, NULL),
(9, 12, 'IND', NULL, NULL, '', NULL, NULL, NULL, NULL, NULL, NULL),
(10, 13, 'IND', NULL, NULL, '', NULL, NULL, NULL, NULL, NULL, NULL),
(11, 14, 'IND', NULL, NULL, '', NULL, NULL, NULL, NULL, NULL, NULL),
(12, 15, 'IND', 'West Bengal', 'Kolkata', '', 'AB-52 Prafullya Kanan', 'kestopure', '700101', '9020304050', NULL, 'UTC'),
(13, 16, 'IND', 'WEST BENGAL', 'KOLKATA', '', 'PRUDENT PARANA,BLOCK-8,4B', 'BAGHERGHOLE,BORAL MAIN ROAD', '700103', '9051141321', '+91', 'PST UTC -8'),
(14, 17, 'IND', NULL, NULL, '', NULL, NULL, NULL, NULL, NULL, NULL),
(15, 18, 'USA', NULL, NULL, '', NULL, NULL, NULL, NULL, NULL, NULL),
(16, 19, 'IND', NULL, NULL, '', NULL, NULL, NULL, NULL, NULL, NULL),
(17, 20, 'PHL', NULL, NULL, '', NULL, NULL, NULL, NULL, NULL, NULL),
(18, 21, 'PHL', NULL, NULL, '', NULL, NULL, NULL, NULL, NULL, NULL),
(19, 22, 'IND', NULL, NULL, '', NULL, NULL, NULL, NULL, NULL, NULL),
(20, 27, 'USA', NULL, NULL, '', NULL, NULL, NULL, NULL, NULL, NULL),
(21, 28, 'IND', NULL, NULL, '', NULL, NULL, NULL, NULL, NULL, NULL),
(22, 29, 'ETH', NULL, NULL, '', NULL, NULL, NULL, NULL, NULL, NULL),
(23, 31, 'AUS', NULL, NULL, '', NULL, NULL, NULL, NULL, NULL, NULL),
(24, 33, 'BGD', NULL, NULL, '', NULL, NULL, NULL, NULL, NULL, NULL),
(25, 34, 'PHL', NULL, NULL, '', NULL, NULL, NULL, NULL, NULL, NULL),
(26, 35, 'PHL', NULL, NULL, '', NULL, NULL, NULL, NULL, NULL, NULL),
(27, 39, 'COD', NULL, NULL, '', NULL, NULL, NULL, NULL, NULL, NULL),
(28, 40, 'IND', NULL, NULL, '', NULL, NULL, NULL, NULL, NULL, NULL),
(29, 41, 'SAU', 'JEEDAH', 'الخرج - الفيصلية', '', 'الخرج', 'RIYADH', '11942', '0543398222', NULL, '1213344'),
(30, 44, 'SAU', NULL, NULL, '', NULL, NULL, NULL, NULL, NULL, NULL),
(31, 46, 'SAU', NULL, NULL, '', NULL, NULL, NULL, NULL, NULL, NULL),
(32, 42, 'SAU', 'riyadh', 'kharj', '', 'my home', 'stc pay', '11942', '09660966096611', NULL, '10'),
(33, 47, 'SAU', NULL, NULL, '', NULL, NULL, NULL, NULL, NULL, NULL),
(34, 49, 'SAU', NULL, NULL, '', NULL, NULL, NULL, NULL, NULL, NULL),
(35, 50, 'SAU', NULL, NULL, '', NULL, NULL, NULL, NULL, NULL, NULL),
(36, 51, 'SAU', NULL, NULL, '', NULL, NULL, NULL, NULL, NULL, NULL),
(37, 52, 'SAU', NULL, NULL, '', NULL, NULL, NULL, NULL, NULL, NULL),
(38, 54, 'SAU', NULL, NULL, '', NULL, NULL, NULL, NULL, NULL, NULL),
(39, 55, 'SAU', NULL, NULL, '', NULL, NULL, NULL, NULL, NULL, NULL),
(40, 56, 'IND', NULL, NULL, '', NULL, NULL, NULL, NULL, NULL, NULL),
(41, 57, 'IND', NULL, NULL, '', NULL, NULL, NULL, NULL, NULL, NULL),
(42, 59, 'IND', NULL, NULL, '', NULL, NULL, NULL, NULL, NULL, NULL),
(43, 60, 'DZA', NULL, NULL, '', NULL, NULL, NULL, NULL, NULL, NULL),
(44, 62, 'ALB', NULL, NULL, '', NULL, NULL, NULL, NULL, NULL, NULL),
(45, 63, 'ALB', NULL, NULL, '', NULL, NULL, NULL, NULL, NULL, NULL),
(46, 64, 'ALB', NULL, NULL, '', NULL, NULL, NULL, NULL, NULL, NULL),
(47, 66, 'IND', NULL, NULL, '', NULL, NULL, NULL, NULL, NULL, NULL),
(48, 67, 'ALB', NULL, NULL, '', NULL, NULL, NULL, NULL, NULL, NULL),
(49, 68, 'DZA', NULL, NULL, '', NULL, NULL, NULL, NULL, NULL, NULL),
(50, 70, 'AFG', NULL, NULL, '', NULL, NULL, NULL, NULL, NULL, NULL),
(51, 71, 'ALB', NULL, NULL, '', NULL, NULL, NULL, NULL, NULL, NULL),
(52, 72, 'ALB', NULL, NULL, '', NULL, NULL, NULL, NULL, NULL, NULL),
(53, 73, 'AUS', NULL, NULL, '', NULL, NULL, NULL, NULL, NULL, NULL);

-- --------------------------------------------------------

--
-- Table structure for table `pref_member_badges`
--

CREATE TABLE `pref_member_badges` (
  `member_id` int(11) NOT NULL,
  `badge_id` int(11) NOT NULL
) ENGINE=InnoDB DEFAULT CHARSET=utf8;

--
-- Dumping data for table `pref_member_badges`
--

INSERT INTO `pref_member_badges` (`member_id`, `badge_id`) VALUES
(21, 1),
(21, 2),
(21, 3),
(21, 4),
(25, 2),
(25, 3),
(32, 1),
(32, 2),
(32, 3),
(32, 4),
(38, 3),
(2, 4),
(42, 1),
(42, 2),
(42, 3),
(42, 4),
(43, 1),
(43, 2),
(43, 3),
(43, 4),
(44, 1),
(44, 2),
(44, 3),
(44, 4),
(1, 3),
(58, 1),
(11, 1),
(11, 2),
(11, 3),
(11, 4),
(69, 2);

-- --------------------------------------------------------

--
-- Table structure for table `pref_member_basic`
--

CREATE TABLE `pref_member_basic` (
  `member_basic_id` int(11) NOT NULL,
  `member_id` int(11) DEFAULT NULL,
  `member_heading` varchar(200) DEFAULT NULL,
  `member_overview` text DEFAULT NULL,
  `member_hourly_rate` float(10,2) NOT NULL,
  `available_per_week` varchar(20) DEFAULT NULL,
  `not_available_until` date DEFAULT NULL
) ENGINE=InnoDB DEFAULT CHARSET=utf8;

--
-- Dumping data for table `pref_member_basic`
--

INSERT INTO `pref_member_basic` (`member_basic_id`, `member_id`, `member_heading`, `member_overview`, `member_hourly_rate`, `available_per_week`, `not_available_until`) VALUES
(1, 1, 'PHP Developer, Android Developer', 'Use this space to show clients you have the skills and experience they\'re looking for.\r\n\r\nDescribe your strengths and skills\r\nHighlight projects, accomplishments and education\r\nKeep it short and make sure it\'s error-free', 12.00, 'NotSure', NULL),
(2, 8, 'Expert Web Developer: Codeigniter / PHP / Wordpress  / Opencart', 'Use this space to show clients you have the skills and experience they\'re looking for.\r\nDescribe your strengths and skills', 12.00, NULL, NULL),
(3, 16, 'Full Stack Development, Web Designing, App Developer', 'I have a team of experienced developers having more than 9 years of experience in web development field. We provide the following services:\r\n\r\nWeb Development\r\n1. PHP (CorePHP , CodeIgniter)\r\n2. CMS (WordPress)\r\n3. eCommerce (OsCommerce, WooCommerce)\r\n4. JS frameworks: AngularJS, Vue.js\r\n5. Ionic5\r\n6. Node js\r\n7. Git, Composer, Vagrant Box;\r\n\r\nDesigning\r\n1. UX / UI Design\r\n2. Logo Design\r\n3. PSD to HTML\r\n4. CSS & Responsive\r\n\r\nMobile App\r\n1. Android App\r\n2. IOS App\r\n\r\n3rd party Integration\r\n1. PayPal\r\n2. Authorize.net\r\n3. Stripe\r\n4. Skrill\r\n5. QuickBooks\r\n6. UPS, FedEx\r\n7. Google Maps Integration', 13.00, 'FullTime', NULL),
(4, 15, 'Sr. Mobile app developer', 'The main slider banner: please make like xyz.com, 3 banners, 2 of them with search and button and the last one 2 buttons. I can change the background that includes the text and image from the admin but the search and button will be fixed.The main slider banner: please make like xyz.com, 3 banners, 2 of them with search and button and the last one 2 buttons. I can change the background that includes the text and image from the admin but the search and button will be fixed.The main slider banner: please make like xyz.com, 3 banners, 2 of them with search and button and the last one 2 buttons. I can change the background that includes the text and image from the admin but the search and button will be fixed.', 25.00, 'FullTime', NULL),
(5, 4, 'Senior Web Designer', 'I can ensure the quality of software while leveraging my coding abilities to build and utilize complex testing tools. I am proficient in all stages of the QA process from test planning to post-release verification. Throughout my QA career, I have worked in many different environments, following methodologies from Agile SCRUM to Waterfall.', 10.00, 'FullTime', NULL),
(6, 22, 'Andriod Developer', 'I am independent android developer with the rich experience native js', 0.00, NULL, NULL),
(7, 28, 'lodu lalit ke papa', NULL, 0.00, NULL, NULL),
(8, 41, 'وفقا لنص المادة (53/2) من النظام فإنه يحق للمؤسسة و المشترك الاعتراض على القرارات الصادرة من اللجان الطبية الابتدائية خلال فترة أقصاها 21 يوما من تاريخ صدور القرار.', 'عزيزنا العميل يمكنك الدخول عن طريق اسم المستخدم و كلمة المرور المستخدمة في منصة النفاذ الوطني الموحد للإستفادة', 0.00, NULL, NULL),
(9, 44, 'https://twitter.com/4saudii', 'https://twitter.com/4saudii\r\n00096666', 1000.00, 'NotSure', NULL),
(10, 46, NULL, NULL, 88.00, NULL, NULL),
(11, 49, NULL, 'we want to create a wikipedia for our website ($30-250 USD)\r\nPublish a wikipedia biography ($10-30 USD)\r\nCreating a Wikipedia Page -- 2 (₹600-1500 INR)\r\nI need a Wikipedia editor or writer (£20-250 GBP)\r\nDelete Wikipedia page (£20-250 GBP)\r\nAdd a company to wikipedia ($30-250 USD)\r\nCreating a Wikipedia Page (₹600-1500 INR)\r\ncreate Wikipedia page (₹600-1500 INR)\r\nBigsmokes (£20-250 GBP)\r\nBuild wikipedia page for our brand (₹1500-12500 INR)', 8245.00, 'NotSure', NULL),
(12, 55, NULL, NULL, 0.00, NULL, '2022-07-15'),
(13, 60, NULL, NULL, 10.00, 'NotSure', NULL),
(14, 73, NULL, NULL, 10.00, 'NotSure', NULL);

-- --------------------------------------------------------

--
-- Table structure for table `pref_member_document_application`
--

CREATE TABLE `pref_member_document_application` (
  `document_id` int(11) NOT NULL,
  `member_id` int(11) NOT NULL,
  `document_data` text NOT NULL,
  `document_date` datetime NOT NULL,
  `document_status` tinyint(1) NOT NULL,
  `reject_reason` text DEFAULT NULL
) ENGINE=InnoDB DEFAULT CHARSET=utf8;

--
-- Dumping data for table `pref_member_document_application`
--

INSERT INTO `pref_member_document_application` (`document_id`, `member_id`, `document_data`, `document_date`, `document_status`, `reject_reason`) VALUES
(1, 1, '', '2019-12-22 20:00:27', 2, 'Auto close by user'),
(2, 1, '[{\"name\":\"originatesoft.png\",\"file\":\"96bc8d6045c958a41671793d49b7cf73.png\",\"title\":\"ID Proff\",\"type\":\"Voter Card\"},{\"name\":\"originatesoft_logo_small.png\",\"file\":\"ecdfe6ac3bc947e78a0cf7e404069923.png\",\"title\":\"Address Proff\",\"type\":\"Aadhar Card\"}]', '2019-12-26 20:00:27', 2, 'Test check'),
(3, 16, '[{\"name\":\"logo.png\",\"file\":\"6749db5b7f1e5bbc6d81851619aa9151.png\",\"title\":\"ID Proff\",\"type\":\"Passport\"},{\"name\":\"logout-admin.png\",\"file\":\"325248aefab59d56c8759ea1db7b5993.png\",\"title\":\"Address Proff\",\"type\":\"Voter id\"}]', '2021-02-04 13:14:39', 2, 'aa'),
(4, 16, '[{\"name\":\"parulina charms.jpg\",\"file\":\"8c685b3feb412ff849cccba26098e3e4.jpg\",\"title\":\"ID Proff\",\"type\":\"Asim Patra\"},{\"name\":\"1download.jpg\",\"file\":\"84462ce6429b0f4e027e256f73ef9579.jpg\",\"title\":\"Address Proff\",\"type\":\"pass\"}]', '2021-12-04 11:30:30', 2, '2'),
(5, 33, '[{\"name\":\"1634262576-StorePax_750x450.jpg\",\"file\":\"c96d7adf39cb08eeb196b7c739135616.jpg\",\"title\":\"ID Proff\",\"type\":\"passport l\"},{\"name\":\"1634262576-StorePax_750x450.jpg\",\"file\":\"4e9854f698818c9340cc4bc5640bb7c9.jpg\",\"title\":\"Address Proff\",\"type\":\"uuuu\"}]', '2022-03-03 12:24:26', 2, '1'),
(6, 41, '[{\"name\":\"\\u0627\\u0644\\u0645\\u0644\\u0641 \\u0627\\u0644\\u062a\\u0639\\u0631\\u064a\\u0641\\u064a \\u0647\\u0627\\u062f\\u064a \\u0627\\u0644\\u062f\\u0648\\u0633\\u0631\\u064a.pdf\",\"file\":\"fabe2706bacf8df254f375e703eddf73.pdf\",\"title\":\"ID Proff\",\"type\":\"Hadi\"},{\"name\":\"\\u0627\\u0644\\u0645\\u0644\\u0641 \\u0627\\u0644\\u062a\\u0639\\u0631\\u064a\\u0641\\u064a \\u0647\\u0627\\u062f\\u064a \\u0627\\u0644\\u062f\\u0648\\u0633\\u0631\\u064a.pdf\",\"file\":\"72286ec27ff64c468928dcc54f7fbd6c.pdf\",\"title\":\"Address Proff\",\"type\":\"Riyadh\"}]', '2022-06-12 13:41:48', 2, 'تحت المراجعة'),
(7, 45, '[{\"name\":\"WhatsApp Image 2022-02-01 at 7_31_44 AM (1).jpeg\",\"file\":\"196b300a2ef1dbf3fbce767ba967e628.jpeg\",\"title\":\"ID Proff\",\"type\":\"\\u0627\\u0646\\u0627 \\u0635\\u0627\\u062d\\u0628 \\u0639\\u0645\\u0644 \\u0627\\u0633\\u0645\\u064a \\u0644\\u064a\\u0646\\u0627\"},{\"name\":\"WhatsApp Image 2022-02-01 at 7_31_43 AM (1).jpeg\",\"file\":\"2ed1dd258290bdf23c2889f4256c0e51.jpeg\",\"title\":\"Address Proff\",\"type\":\"\\u0635\\u0627\\u062d\\u0628 \\u0645\\u0634\\u0631\\u0648\\u0639 \\u0648\\u0644\\u062f\\u064a \\u062a\\u062c\\u0627\\u0631\\u0628 \\u0643\\u0628\\u064a\\u0631\\u0629\"}]', '2022-06-23 05:39:01', 1, NULL),
(8, 41, '[{\"name\":\"\\u0644\\u0644\\u062a\\u0646\\u0627\\u0632\\u0644 \\u0639\\u0644\\u0627\\u0645\\u0629 \\u062a\\u062c\\u0627\\u0631\\u064a\\u0629 copy.jpg\",\"file\":\"15c65d63add01f2d6afeedd103f8780d.jpg\",\"title\":\"ID Proff\",\"type\":\"\\u0637\\u0644\\u0628 \\u062a\\u0648\\u062b\\u064a\\u0642 \\u062d\\u0633\\u0627\\u0628 \\u0645\\u0631\\u0647 \\u0627\\u062e\\u0631\\u0649 \\u0627\\u0644\\u062b\\u0627\\u0646\\u064a\\u0629\"},{\"name\":\"Certificate (1).pdf\",\"file\":\"9eabbe81970fd6fdb73c25083a3dba41.pdf\",\"title\":\"Address Proff\",\"type\":\"\\u0637\\u0644\\u0628 \\u062a\\u0648\\u062b\\u064a\\u0642 \\u062d\\u0633\\u0627\\u0628\\u064a 2\"}]', '2022-07-02 04:29:37', 1, NULL),
(9, 16, '[{\"name\":\"325248aefab59d56c8759ea1db7b5993.png\",\"file\":\"4e052588d488a96f25a199d4a6b4fb35.png\",\"title\":\"ID Proff\",\"type\":\"Front\"},{\"name\":\"325248aefab59d56c8759ea1db7b5993.png\",\"file\":\"15bdb8bca82ff682735f3b09b5b3334b.png\",\"title\":\"Address Proff\",\"type\":\"Back\"}]', '2022-08-25 23:52:48', 1, NULL),
(10, 73, '[{\"name\":\"id-sample-drivers.jpg\",\"file\":\"351eddecbf14d8a2568612c967ef94dc.jpg\",\"title\":\"ID Proff\",\"type\":\"Licence\"},{\"name\":\"id-sample-elec.jpg\",\"file\":\"47971ec72dfa4e153bfb7cc9617a6697.jpg\",\"title\":\"Address Proff\",\"type\":\"Electricity bill\"}]', '2023-05-18 02:17:12', 1, NULL);

-- --------------------------------------------------------

--
-- Table structure for table `pref_member_education`
--

CREATE TABLE `pref_member_education` (
  `education_id` int(11) NOT NULL,
  `member_id` int(11) DEFAULT NULL,
  `education_school` varchar(200) DEFAULT NULL,
  `education_from_year` year(4) DEFAULT NULL,
  `education_end_year` year(4) DEFAULT NULL,
  `education_degree` varchar(200) DEFAULT NULL,
  `education_area_of_study` varchar(200) DEFAULT NULL,
  `education_description` varchar(255) DEFAULT NULL,
  `education_status` tinyint(1) DEFAULT NULL
) ENGINE=InnoDB DEFAULT CHARSET=utf8;

--
-- Dumping data for table `pref_member_education`
--

INSERT INTO `pref_member_education` (`education_id`, `member_id`, `education_school`, `education_from_year`, `education_end_year`, `education_degree`, `education_area_of_study`, `education_description`, `education_status`) VALUES
(1, 8, 'West Bengal Board of Secondary Education', 2004, 2005, 'High school degree', 'Science', 'Palaschabri Nigamananda High School,Palashchabri, Rampur,Paschaim Medinipur,West Bengal,  73.50%', 1),
(2, 1, 'P.N.H.S.', 2005, 2005, '10TH', 'Secondary Education', NULL, 1),
(3, 16, 'Vidyasagar University', 2007, 2010, 'Master of computer application', 'Software Specialist', 'Please make sure both colors in our identity (blue and green) are used and dominant on the homepage, maybe some sections background.', 1),
(4, 15, 'B.Tech', 2010, 2014, 'B.Tech', 'Please make sure both colors', 'Please make sure both colors in our identity (blue and green) are used and dominant on the homepage, maybe some sections background.', 1),
(5, 22, 'MGR Higher secondary school', 2021, 2022, 'KSR Educational Institute of Technology', 'Information Technolgoy', 'I am very independent professionals who can do', 1),
(6, 41, 'الثانوية العامة', 2022, 2028, '4', 'السعودية', 'الرياض', 1),
(7, 49, 'الثانوية العامة', 2022, 2028, 'الدرجة العلمية 6', 'JEDDAH', 'اللهم لك الحمد حتى ترضى ولك الحمد اذا رضيت ولك الحمد بعد الرضى .. لك الحمد على نعمة البنين وعلى نعم النجاح على نعمة التميز ..\r\nبحمد الله ونعمته وبكل فخر وفرحة واعتزاز ابارك ابنائي حبايب قلبي تخرجهم \r\nنواف من مرحلة الثانوية العامة والبراء من مرحلة الابتدائ', 1),
(8, 49, 'جامعي', 2020, 2026, '4', 'السعودية', 'اللهم لك الحمد حتى ترضى ولك الحمد اذا رضيت ولك الحمد بعد الرضى .. لك الحمد على نعمة البنين وعلى نعم النجاح على نعمة التميز ..\r\nبحمد الله ونعمته وبكل فخر وفرحة واعتزاز ابارك ابنائي حبايب قلبي تخرجهم \r\nنواف من مرحلة الثانوية العامة والبراء من مرحلة الابتدائ', 1),
(9, 16, 'ABC school', 2000, 2004, NULL, NULL, NULL, 1);

-- --------------------------------------------------------

--
-- Table structure for table `pref_member_employment`
--

CREATE TABLE `pref_member_employment` (
  `employment_id` int(11) NOT NULL,
  `member_id` int(11) DEFAULT NULL,
  `employment_company` varchar(150) DEFAULT NULL,
  `employment_city` varchar(100) DEFAULT NULL,
  `employment_country_code` char(10) DEFAULT NULL,
  `employment_title` varchar(100) DEFAULT NULL,
  `employment_role` int(11) DEFAULT NULL,
  `employment_from` date DEFAULT NULL,
  `employment_to` date DEFAULT NULL,
  `employment_is_working_on` tinyint(1) DEFAULT NULL,
  `employment_description` varchar(255) DEFAULT NULL,
  `employment_status` tinyint(1) DEFAULT NULL
) ENGINE=InnoDB DEFAULT CHARSET=utf8;

--
-- Dumping data for table `pref_member_employment`
--

INSERT INTO `pref_member_employment` (`employment_id`, `member_id`, `employment_company`, `employment_city`, `employment_country_code`, `employment_title`, `employment_role`, `employment_from`, `employment_to`, `employment_is_working_on`, `employment_description`, `employment_status`) VALUES
(1, 8, 'Originatesoft', 'Kolkata', 'IND', 'Web Developer', 6, '2016-04-01', NULL, 1, 'On my current company I am playing multiple role.Handling project on single handed as well as lead the team.', 1),
(2, 1, 'Originatesoft', 'kolkata', 'IND', 'Developer', 6, '2016-08-01', NULL, 1, 'Working', 1),
(3, 1, 'Scriptgiant', 'kolkata', 'IND', 'Developer', 4, '2012-01-01', '2016-04-01', NULL, 'My first company', 0),
(4, 16, 'OriginateSoft', 'KOLKATA', 'IND', 'Sr. Software Engineer', 4, '2017-01-01', NULL, 1, '3- The main slider banner: please make like xyz.com, 3 banners, 2 of them with search and button and the last one 2 buttons. I can change the background that includes the text and image from the admin but the search and button will be fixed.', 1),
(5, 15, 'Originate Cater', 'KOLKATA', 'IND', 'Hire expert freelancers for any job, online', 1, '2005-02-01', NULL, 1, NULL, 1),
(6, 49, 'lsafi danone', 'riyadh', 'SAU', 'خبير التطوير والبرمجة والمعرفة', 4, '2022-02-01', NULL, 1, 'Need to hire a freelancer for a job?\r\nIt\'s free to sign up, type in what you need & receive free quotes in seconds', 1),
(7, 51, 'شركة النجوم', 'الرياض', 'ALB', 'مهندس برمجيات', 4, '2022-01-01', '2020-03-01', NULL, 'Hi الهلال, Welcome To Freelancerr!\r\nAre you ready to get started?\r\n\r\n\r\nClick Here To Activate Your AccountHi الهلال, Welcome To Freelancerr!\r\nAre you ready to get started?\r\n\r\n\r\nClick Here To Activate Your AccountHi الهلال, Welcome To Freelancerr!\r\nAre you', 1),
(8, 51, 'مؤسسة الصامل', 'جدة', 'AFG', 'مساعد مهندس', 1, '2021-02-01', '2021-01-01', NULL, 'التخطيط الاستراتيجي هو عملية تحديد المنظمة لاستراتيجيتها أو اتجاهها، واتخاذ القرارات بشأن تخصيص مواردها لمتابعة هذه الاستراتيجية. يمكن أن يتسع المفهوم أيضًا إلى آليات التحكم لتوجيه تنفيذ الاستراتيجية. أصبح التخطيط الاستراتيجي بارزًا في الشركات خلال الستين', 1),
(9, 73, 'Jims', 'Melbourne', 'AUS', 'Contractor', 2, '2022-01-01', NULL, 1, '', 1),
(10, 73, 'APost', 'Melbourne', 'AUS', 'Customer service', 2, '2021-03-01', '2022-11-01', NULL, '', 1);

-- --------------------------------------------------------

--
-- Table structure for table `pref_member_language`
--

CREATE TABLE `pref_member_language` (
  `member_language_id` int(11) NOT NULL,
  `member_id` int(11) DEFAULT NULL,
  `language_id` int(11) DEFAULT NULL,
  `language_preference_id` int(11) DEFAULT NULL,
  `language_status` tinyint(1) NOT NULL
) ENGINE=InnoDB DEFAULT CHARSET=utf8;

--
-- Dumping data for table `pref_member_language`
--

INSERT INTO `pref_member_language` (`member_language_id`, `member_id`, `language_id`, `language_preference_id`, `language_status`) VALUES
(1, 8, 1, 3, 1),
(2, 8, 2, 3, 1),
(3, 8, 3, 2, 1),
(4, 8, 4, 1, 0),
(5, 1, 1, 2, 1),
(6, 1, 2, 3, 1),
(7, 16, 1, 3, 1),
(8, 16, 3, 2, 1),
(9, 16, 2, 1, 1),
(10, 15, 3, 3, 1),
(11, 15, 2, 3, 1),
(12, 1, 4, 1, 1),
(13, 15, 1, 2, 1),
(14, 4, 1, 2, 1),
(15, 4, 3, 4, 1),
(16, 4, 2, 1, 1),
(17, 44, 1, 1, 1),
(18, 49, 1, 3, 1),
(19, 49, 3, 1, 1),
(20, 73, 1, 4, 1);

-- --------------------------------------------------------

--
-- Table structure for table `pref_member_logo`
--

CREATE TABLE `pref_member_logo` (
  `member_logo_id` int(11) NOT NULL,
  `member_id` int(11) DEFAULT NULL,
  `logo` varchar(100) NOT NULL,
  `status` tinyint(1) NOT NULL,
  `reg_date` datetime NOT NULL
) ENGINE=InnoDB DEFAULT CHARSET=utf8;

--
-- Dumping data for table `pref_member_logo`
--

INSERT INTO `pref_member_logo` (`member_logo_id`, `member_id`, `logo`, `status`, `reg_date`) VALUES
(1, 8, 'c9f0f895fb98ab9159f51fd0297e236d-20181119115457_thumb.png', 1, '2018-11-19 11:54:57'),
(2, 1, 'c4ca4238a0b923820dcc509a6f75849b-20210414082503_thumb.png', 1, '2021-04-14 08:25:03'),
(3, 16, 'c74d97b01eae257e44aa9d5bade97baf-20230524130531_thumb.png', 1, '2023-05-24 13:05:31'),
(4, 15, '9bf31c7ff062936a96d3c8bd1f8f2ff3-20210414054706_thumb.png', 1, '2021-04-14 05:47:06'),
(5, 4, 'a87ff679a2f3e71d9181a67b7542122c-20210414062915_thumb.png', 1, '2021-04-14 06:29:15'),
(6, 22, 'b6d767d2f8ed5d21a44b0e5886680cb9-20210629163712_thumb.png', 1, '2021-06-29 16:37:12'),
(7, 41, '3416a75f4cea9109507cacd8e2f2aefc-20220615075542_thumb.png', 1, '2022-06-15 07:55:42'),
(8, 42, 'edaf69fa38a1048d7480fd4f6935f82c.png', 1, '2022-06-15 14:03:18'),
(9, 49, 'f457c545a9ded88f18ecee47145a72c0-20220630064524_thumb.png', 1, '2022-06-30 06:45:24');

-- --------------------------------------------------------

--
-- Table structure for table `pref_member_membership`
--

CREATE TABLE `pref_member_membership` (
  `member_id` int(11) NOT NULL,
  `membership_id` int(11) NOT NULL,
  `is_free` tinyint(1) NOT NULL,
  `membership_expire_date` date NOT NULL,
  `max_bid` int(11) NOT NULL,
  `max_portfolio` int(11) NOT NULL,
  `max_skills` int(11) NOT NULL,
  `commission_percent` float(6,2) NOT NULL
) ENGINE=InnoDB DEFAULT CHARSET=latin1;

--
-- Dumping data for table `pref_member_membership`
--

INSERT INTO `pref_member_membership` (`member_id`, `membership_id`, `is_free`, `membership_expire_date`, `max_bid`, `max_portfolio`, `max_skills`, `commission_percent`) VALUES
(1, 1, 1, '2023-08-26', 1200, 10, 14, 10.00),
(4, 1, 1, '2021-05-14', 1200, 10, 14, 10.00),
(8, 1, 1, '2022-11-18', 1200, 10, 14, 10.00),
(11, 1, 1, '2023-03-03', 1200, 10, 14, 10.00),
(15, 1, 1, '2021-05-06', 1200, 10, 14, 10.00),
(16, 1, 1, '2023-06-17', 1200, 10, 14, 10.00),
(17, 1, 1, '2021-05-09', 1200, 10, 14, 10.00),
(19, 1, 1, '2021-05-30', 1200, 10, 14, 10.00),
(20, 1, 1, '2021-07-10', 1200, 10, 14, 10.00),
(21, 1, 1, '2021-07-10', 1200, 10, 14, 10.00),
(22, 1, 1, '2021-07-29', 1200, 10, 14, 10.00),
(24, 1, 1, '2022-01-07', 1200, 10, 14, 10.00),
(26, 1, 1, '2022-03-09', 1200, 10, 14, 10.00),
(27, 1, 1, '2021-10-12', 1200, 10, 14, 10.00),
(28, 1, 1, '2022-01-30', 1200, 10, 14, 10.00),
(29, 1, 1, '2022-02-27', 1200, 10, 14, 10.00),
(30, 1, 1, '2022-03-15', 1200, 10, 14, 10.00),
(31, 1, 1, '2022-03-09', 1200, 10, 14, 10.00),
(32, 3, 0, '2022-04-03', 1500, 20, 30, 10.00),
(33, 1, 1, '2022-04-03', 1200, 10, 14, 10.00),
(34, 1, 1, '2022-04-03', 1200, 10, 14, 10.00),
(35, 1, 1, '2022-05-04', 1200, 10, 14, 10.00),
(36, 1, 1, '2022-04-22', 1200, 10, 14, 10.00),
(39, 1, 1, '2022-04-28', 1200, 10, 14, 10.00),
(40, 1, 1, '2022-06-26', 1200, 10, 14, 10.00),
(41, 1, 1, '2022-07-12', 1200, 10, 14, 10.00),
(42, 1, 1, '2022-07-24', 1200, 10, 14, 10.00),
(44, 1, 1, '2022-07-15', 1200, 10, 14, 10.00),
(45, 1, 1, '2022-07-23', 1200, 10, 14, 10.00),
(46, 1, 1, '2022-06-27', 1200, 10, 14, 10.00),
(47, 1, 1, '2022-07-27', 1200, 10, 14, 10.00),
(49, 1, 1, '2022-07-30', 1200, 10, 14, 10.00),
(50, 1, 1, '2022-08-01', 1200, 10, 14, 10.00),
(51, 1, 1, '2022-08-02', 1200, 10, 14, 10.00),
(52, 1, 1, '2022-08-02', 1200, 10, 14, 10.00),
(54, 1, 1, '2022-08-10', 1200, 10, 14, 10.00),
(55, 1, 1, '2022-08-13', 1200, 10, 14, 10.00),
(56, 1, 1, '2022-08-25', 1200, 10, 14, 10.00),
(57, 1, 1, '2022-08-25', 1200, 10, 14, 10.00),
(59, 1, 1, '2022-09-23', 1200, 10, 14, 10.00),
(60, 1, 1, '2022-09-24', 1200, 10, 14, 10.00),
(62, 1, 1, '2022-09-29', 1200, 10, 14, 10.00),
(63, 1, 1, '2022-09-29', 1200, 10, 14, 10.00),
(64, 1, 1, '2022-10-01', 1200, 10, 14, 10.00),
(66, 1, 1, '2022-10-06', 1200, 10, 14, 10.00),
(67, 1, 1, '2022-10-11', 1200, 10, 14, 10.00),
(68, 1, 1, '2022-10-15', 1200, 10, 14, 10.00),
(70, 1, 1, '2022-11-18', 1200, 10, 14, 10.00),
(71, 1, 1, '2022-11-18', 1200, 10, 14, 10.00),
(72, 1, 1, '2022-12-01', 1200, 10, 14, 10.00),
(73, 1, 1, '2023-06-18', 1200, 10, 14, 10.00);

-- --------------------------------------------------------

--
-- Table structure for table `pref_member_membership_log`
--

CREATE TABLE `pref_member_membership_log` (
  `member_id` int(11) NOT NULL,
  `membership_id` int(11) NOT NULL,
  `membership_duration` char(6) NOT NULL,
  `reg_date` datetime NOT NULL,
  `log_id` int(11) NOT NULL
) ENGINE=InnoDB DEFAULT CHARSET=latin1;

--
-- Dumping data for table `pref_member_membership_log`
--

INSERT INTO `pref_member_membership_log` (`member_id`, `membership_id`, `membership_duration`, `reg_date`, `log_id`) VALUES
(1, 2, 'month', '2021-04-02 18:35:33', 1),
(1, 2, 'month', '2021-04-02 18:40:31', 2),
(1, 2, 'month', '2021-04-06 17:03:21', 3),
(1, 2, 'month', '2021-04-06 17:03:37', 4),
(1, 2, 'month', '2021-04-06 17:54:48', 5),
(1, 2, 'month', '2021-04-06 18:14:17', 6),
(1, 2, 'month', '2021-04-06 18:28:59', 7),
(1, 2, 'month', '2021-04-06 18:54:37', 8),
(1, 2, 'month', '2021-04-06 19:04:49', 9),
(11, 2, 'month', '2021-05-09 22:44:11', 10),
(32, 3, 'month', '2022-03-03 13:17:00', 11),
(1, 2, 'year', '2022-07-24 19:45:12', 12),
(1, 4, 'month', '2022-07-24 19:45:45', 13),
(1, 3, 'year', '2022-07-24 19:46:29', 14),
(16, 2, 'month', '2023-02-11 16:05:23', 15),
(16, 2, 'month', '2023-02-15 09:57:56', 16),
(16, 2, 'month', '2023-03-17 12:37:05', 17);

-- --------------------------------------------------------

--
-- Table structure for table `pref_member_notifications`
--

CREATE TABLE `pref_member_notifications` (
  `notification_id` int(11) NOT NULL,
  `notification_from` int(11) NOT NULL,
  `notification_to` int(11) NOT NULL,
  `notification_template_key` varchar(255) NOT NULL,
  `template_data` text NOT NULL,
  `link` text NOT NULL,
  `read_status` tinyint(2) NOT NULL,
  `sent_date` datetime NOT NULL
) ENGINE=InnoDB DEFAULT CHARSET=utf8;

--
-- Dumping data for table `pref_member_notifications`
--

INSERT INTO `pref_member_notifications` (`notification_id`, `notification_from`, `notification_to`, `notification_template_key`, `template_data`, `link`, `read_status`, `sent_date`) VALUES
(1, 11, 1, 'new-project-offer', '{\"SENDER_NAME\":\"Originatesoft\",\"RECEIVER_NAME\":\"Asharam Pakhira New\",\"TITLE\":\"Name of your project\",\"OFFER_URL\":\"http:\\/\\/localhost:7777\\/newflance\\/contract\\/offer\\/1679091c5a880faf6fb5e6087eb1b2dc\"}', 'contract/offer/1679091c5a880faf6fb5e6087eb1b2dc', 1, '2020-01-29 10:54:21'),
(2, 1, 11, 'project-offer-accepted', '{\"SENDER_NAME\":\"Asharam Pakhira New\",\"RECEIVER_NAME\":\"Originatesoft\",\"TITLE\":\"Name of your project\",\"OFFER_URL\":\"http:\\/\\/localhost:7777\\/newflance\\/contract\\/offer\\/1679091c5a880faf6fb5e6087eb1b2dc\"}', 'contract/offer/1679091c5a880faf6fb5e6087eb1b2dc', 1, '2020-01-29 10:59:42'),
(3, 11, 1, 'new-milestone-initiate', '{\"SENDER_NAME\":\"Originatesoft\",\"RECEIVER_NAME\":\"Asharam Pakhira New\",\"CONTRACT_TITLE\":\"notification check\",\"MILESTONE_TITLE\":\"milestone 2\",\"TITLE\":\"Name of your project\",\"WORK_URL\":\"http:\\/\\/localhost:7777\\/newflance\\/contract\\/details\\/1679091c5a880faf6fb5e6087eb1b2dc\"}', 'contract/details/1679091c5a880faf6fb5e6087eb1b2dc', 1, '2020-01-29 11:16:19'),
(4, 1, 11, 'work-submission', '{\"SENDER_NAME\":\"Asharam Pakhira New\",\"RECEIVER_NAME\":\"Originatesoft\",\"TITLE\":\"Name of your project\",\"CONTRACT_TITLE\":\"notification check\",\"MILESTONE_TITLE\":\"milestone 1\",\"WORK_URL\":\"http:\\/\\/localhost:7777\\/newflance\\/contract\\/milestone\\/d3d9446802a44259755d38e6d163e820\"}', 'contract/milestone/d3d9446802a44259755d38e6d163e820', 1, '2020-01-29 11:19:01'),
(5, 11, 1, 'work-submission-rejected', '{\"SENDER_NAME\":\"Originatesoft\",\"RECEIVER_NAME\":\"Asharam Pakhira New\",\"TITLE\":\"Name of your project\",\"CONTRACT_TITLE\":\"notification check\",\"MILESTONE_TITLE\":\"milestone 1\",\"WORK_URL\":\"http:\\/\\/localhost:7777\\/newflance\\/contract\\/milestone\\/d3d9446802a44259755d38e6d163e820\",\"REJECT_REASON\":\"Test notification\"}', 'contract/milestone/d3d9446802a44259755d38e6d163e820', 1, '2020-01-29 11:36:50'),
(6, 1, 11, 'work-submission', '{\"SENDER_NAME\":\"Asharam Pakhira New\",\"RECEIVER_NAME\":\"Originatesoft\",\"TITLE\":\"Name of your project\",\"CONTRACT_TITLE\":\"notification check\",\"MILESTONE_TITLE\":\"milestone 1\",\"WORK_URL\":\"http:\\/\\/localhost:7777\\/newflance\\/contract\\/milestone\\/d3d9446802a44259755d38e6d163e820\"}', 'contract/milestone/d3d9446802a44259755d38e6d163e820', 1, '2020-01-29 11:37:19'),
(7, 11, 1, 'work-submission-accepted', '{\"SENDER_NAME\":\"Originatesoft\",\"RECEIVER_NAME\":\"Asharam Pakhira New\",\"TITLE\":\"Name of your project\",\"CONTRACT_TITLE\":\"notification check\",\"MILESTONE_TITLE\":\"milestone 1\",\"WORK_URL\":\"http:\\/\\/localhost:7777\\/newflance\\/contract\\/milestone\\/d3d9446802a44259755d38e6d163e820\"}', 'contract/milestone/d3d9446802a44259755d38e6d163e820', 1, '2020-01-29 11:37:31'),
(8, 11, 1, 'new-dispute-contract', '{\"SENDER_NAME\":\"Originatesoft\",\"RECEIVER_NAME\":\"Asharam Pakhira New\",\"TITLE\":\"Name of your project\",\"CONTRACT_TITLE\":\"notification check\",\"MILESTONE_TITLE\":null,\"WORK_URL\":\"http:\\/\\/localhost:7777\\/newflance\\/contract\\/details\\/1679091c5a880faf6fb5e6087eb1b2dc\"}', 'contract/details/1679091c5a880faf6fb5e6087eb1b2dc', 1, '2020-01-29 11:49:58'),
(9, 11, 1, 'dispute-offer', '{\"SENDER_NAME\":\"Originatesoft\",\"RECEIVER_NAME\":\"Asharam Pakhira New\",\"TITLE\":\"Name of your project\",\"CONTRACT_TITLE\":\"notification check\",\"MILESTONE_TITLE\":\"milestone 2\",\"DISPUTE_URL\":\"http:\\/\\/localhost:7777\\/newflance\\/contract\\/disputedetails\\/6512bd43d9caa6e02c990b0a82652dca\"}', 'contract/disputedetails/6512bd43d9caa6e02c990b0a82652dca', 1, '2020-01-29 12:06:52'),
(10, 1, 11, 'dispute-resolve', '{\"SENDER_NAME\":\"Asharam Pakhira New\",\"RECEIVER_NAME\":\"Originatesoft\",\"TITLE\":\"Name of your project\",\"CONTRACT_TITLE\":\"notification check\",\"MILESTONE_TITLE\":\"milestone 2\",\"DISPUTE_URL\":\"http:\\/\\/localhost:7777\\/newflance\\/contract\\/disputedetails\\/6512bd43d9caa6e02c990b0a82652dca\"}', 'contract/disputedetails/6512bd43d9caa6e02c990b0a82652dca', 1, '2020-01-29 12:16:00'),
(11, 11, 1, 'end-contract', '{\"SENDER_NAME\":\"Originatesoft\",\"RECEIVER_NAME\":\"Asharam Pakhira New\",\"TITLE\":\"Name of your project\",\"CONTRACT_TITLE\":\"notification check\",\"WORK_URL\":\"http:\\/\\/localhost:7777\\/newflance\\/contract\\/term\\/1679091c5a880faf6fb5e6087eb1b2dc\"}', 'contract/term/1679091c5a880faf6fb5e6087eb1b2dc', 1, '2020-01-29 12:25:54'),
(12, 1, 11, 'end-contract', '{\"SENDER_NAME\":\"Asharam Pakhira New\",\"RECEIVER_NAME\":\"Originatesoft\",\"TITLE\":\"Name of your project\",\"CONTRACT_TITLE\":\"notification check\",\"WORK_URL\":\"http:\\/\\/localhost:7777\\/newflance\\/contract\\/term\\/1679091c5a880faf6fb5e6087eb1b2dc\"}', 'contract/term/1679091c5a880faf6fb5e6087eb1b2dc', 1, '2020-01-29 12:26:15'),
(13, 11, 1, 'new-project-offer', '{\"SENDER_NAME\":\"Originatesoft\",\"RECEIVER_NAME\":\"Asharam Pakhira New\",\"TITLE\":\"Name of your project\",\"OFFER_URL\":\"http:\\/\\/localhost:7777\\/newflance\\/contract\\/offer\\/8f14e45fceea167a5a36dedd4bea2543\"}', 'contract/offer/8f14e45fceea167a5a36dedd4bea2543', 1, '2020-01-29 12:27:04'),
(14, 1, 11, 'project-offer-accepted', '{\"SENDER_NAME\":\"Asharam Pakhira New\",\"RECEIVER_NAME\":\"Originatesoft\",\"TITLE\":\"Name of your project\",\"OFFER_URL\":\"http:\\/\\/localhost:7777\\/newflance\\/contract\\/offer\\/8f14e45fceea167a5a36dedd4bea2543\"}', 'contract/offer/8f14e45fceea167a5a36dedd4bea2543', 1, '2020-01-29 12:27:16'),
(15, 11, 1, 'new-dispute-contract', '{\"SENDER_NAME\":\"Originatesoft\",\"RECEIVER_NAME\":\"Asharam Pakhira New\",\"TITLE\":\"Name of your project\",\"CONTRACT_TITLE\":\"New contract check\",\"MILESTONE_TITLE\":null,\"WORK_URL\":\"http:\\/\\/localhost:7777\\/newflance\\/contract\\/details\\/8f14e45fceea167a5a36dedd4bea2543\"}', 'contract/details/8f14e45fceea167a5a36dedd4bea2543', 1, '2020-01-29 12:27:54'),
(16, 11, 1, 'resume-contract', '{\"SENDER_NAME\":\"Originatesoft\",\"RECEIVER_NAME\":\"Asharam Pakhira New\",\"TITLE\":\"Name of your project\",\"CONTRACT_TITLE\":\"Name of your project\",\"WORK_URL\":\"http:\\/\\/localhost:7777\\/newflance\\/workroom\\/details\\/c81e728d9d4c2f636f067f89cc14862c\"}', 'workroom/details/c81e728d9d4c2f636f067f89cc14862c', 1, '2020-01-29 12:54:13'),
(17, 11, 1, 'pause-contract', '{\"SENDER_NAME\":\"Originatesoft\",\"RECEIVER_NAME\":\"Asharam Pakhira New\",\"TITLE\":\"Name of your project\",\"CONTRACT_TITLE\":\"Name of your project\",\"WORK_URL\":\"http:\\/\\/localhost:7777\\/newflance\\/workroom\\/details\\/c81e728d9d4c2f636f067f89cc14862c\"}', 'workroom/details/c81e728d9d4c2f636f067f89cc14862c', 1, '2020-01-29 12:54:39'),
(18, 11, 1, 'resume-contract', '{\"SENDER_NAME\":\"Originatesoft\",\"RECEIVER_NAME\":\"Asharam Pakhira New\",\"TITLE\":\"Name of your project\",\"CONTRACT_TITLE\":\"Name of your project\",\"WORK_URL\":\"http:\\/\\/localhost:7777\\/newflance\\/workroom\\/details\\/c81e728d9d4c2f636f067f89cc14862c\"}', 'workroom/details/c81e728d9d4c2f636f067f89cc14862c', 1, '2020-01-29 12:54:53'),
(19, 1, 11, 'hourly-work-submission', '{\"SENDER_NAME\":\"Asharam Pakhira New\",\"RECEIVER_NAME\":\"Originatesoft\",\"TITLE\":\"Name of your project\",\"CONTRACT_TITLE\":\"Name of your project\",\"WORK_URL\":\"http:\\/\\/localhost:7777\\/newflance\\/workroom\\/worklog\\/c81e728d9d4c2f636f067f89cc14862c\"}', 'workroom/worklog/c81e728d9d4c2f636f067f89cc14862c', 1, '2020-01-29 13:07:06'),
(20, 11, 1, 'hourly-work-submission-rejected', '{\"SENDER_NAME\":\"Originatesoft\",\"RECEIVER_NAME\":\"Asharam Pakhira New\",\"TITLE\":\"Name of your project\",\"CONTRACT_TITLE\":\"Name of your project\",\"WORK_URL\":\"http:\\/\\/localhost:7777\\/newflance\\/workroom\\/worklog\\/c81e728d9d4c2f636f067f89cc14862c\",\"REJECT_REASON\":\"Work  not done\"}', 'workroom/worklog/c81e728d9d4c2f636f067f89cc14862c', 1, '2020-01-29 13:07:33'),
(21, 11, 16, 'project-invitation', '{\"SENDER_NAME\":\"Originatesoft\",\"RECEIVER_NAME\":\"Asim Patra\",\"TITLE\":\"Cryptocurrency Expert Needed For Freelancer Marketplace\",\"URL\":\"https:\\/\\/scriptlisting.com\\/upwork\\/p\\/cryptocurrency-expert-needed-for-freelancer-marketplace\"}', 'p/cryptocurrency-expert-needed-for-freelancer-marketplace', 1, '2021-02-19 09:34:50'),
(22, 16, 11, 'new-proposal', '{\"SENDER_NAME\":\"Asim Patra\",\"RECEIVER_NAME\":\"Originatesoft\",\"TITLE\":\"Cryptocurrency Expert Needed For Freelancer Marketplace\",\"PROJECT_URL\":\"https:\\/\\/scriptlisting.com\\/upwork\\/p\\/cryptocurrency-expert-needed-for-freelancer-marketplace\"}', 'p/cryptocurrency-expert-needed-for-freelancer-marketplace', 1, '2021-02-19 09:39:31'),
(23, 11, 16, 'new-project-offer', '{\"SENDER_NAME\":\"Originatesoft\",\"RECEIVER_NAME\":\"Asim Patra\",\"TITLE\":\"Cryptocurrency Expert Needed For Freelancer Marketplace\",\"OFFER_URL\":\"https:\\/\\/scriptlisting.com\\/upwork\\/contract\\/offer\\/c9f0f895fb98ab9159f51fd0297e236d\"}', 'contract/offer/c9f0f895fb98ab9159f51fd0297e236d', 1, '2021-02-19 09:43:28'),
(24, 16, 11, 'project-offer-accepted', '{\"SENDER_NAME\":\"Asim Patra\",\"RECEIVER_NAME\":\"Originatesoft\",\"TITLE\":\"Cryptocurrency Expert Needed For Freelancer Marketplace\",\"OFFER_URL\":\"https:\\/\\/scriptlisting.com\\/upwork\\/contract\\/offer\\/c9f0f895fb98ab9159f51fd0297e236d\"}', 'contract/offer/c9f0f895fb98ab9159f51fd0297e236d', 1, '2021-02-19 09:44:00'),
(25, 16, 11, 'work-submission', '{\"SENDER_NAME\":\"Asim Patra\",\"RECEIVER_NAME\":\"Originatesoft\",\"TITLE\":\"Cryptocurrency Expert Needed For Freelancer Marketplace\",\"CONTRACT_TITLE\":\"Cryptocurrency Expert Needed For Freelancer Marketplace\",\"MILESTONE_TITLE\":\"Cryptocurrency Expert Needed For Freelancer Marketplace\",\"WORK_URL\":\"https:\\/\\/scriptlisting.com\\/upwork\\/contract\\/milestone\\/c51ce410c124a10e0db5e4b97fc2af39\"}', 'contract/milestone/c51ce410c124a10e0db5e4b97fc2af39', 1, '2021-02-19 09:44:52'),
(26, 11, 16, 'work-submission-accepted', '{\"SENDER_NAME\":\"Originatesoft\",\"RECEIVER_NAME\":\"Asim Patra\",\"TITLE\":\"Cryptocurrency Expert Needed For Freelancer Marketplace\",\"CONTRACT_TITLE\":\"Cryptocurrency Expert Needed For Freelancer Marketplace\",\"MILESTONE_TITLE\":\"Cryptocurrency Expert Needed For Freelancer Marketplace\",\"WORK_URL\":\"https:\\/\\/scriptlisting.com\\/upwork\\/contract\\/milestone\\/c51ce410c124a10e0db5e4b97fc2af39\"}', 'contract/milestone/c51ce410c124a10e0db5e4b97fc2af39', 1, '2021-02-19 09:45:07'),
(27, 1, 11, 'new-proposal', '{\"SENDER_NAME\":\"Asharam Pakhira New\",\"RECEIVER_NAME\":\"Originatesoft\",\"TITLE\":\"android develop\",\"PROJECT_URL\":\"https:\\/\\/scriptlisting.com\\/upwork\\/p\\/android-develop\"}', 'p/android-develop', 1, '2021-03-14 23:11:28'),
(28, 11, 1, 'new-project-offer', '{\"SENDER_NAME\":\"Originatesoft\",\"RECEIVER_NAME\":\"Asharam Pakhira New\",\"TITLE\":\"android develop\",\"OFFER_URL\":\"https:\\/\\/scriptlisting.com\\/upwork\\/contract\\/offer\\/45c48cce2e2d7fbdea1afc51c7c6ad26\"}', 'contract/offer/45c48cce2e2d7fbdea1afc51c7c6ad26', 1, '2021-03-14 23:18:10'),
(29, 1, 11, 'project-offer-accepted', '{\"SENDER_NAME\":\"Asharam Pakhira New\",\"RECEIVER_NAME\":\"Originatesoft\",\"TITLE\":\"android develop\",\"OFFER_URL\":\"https:\\/\\/scriptlisting.com\\/upwork\\/contract\\/offer\\/45c48cce2e2d7fbdea1afc51c7c6ad26\"}', 'contract/offer/45c48cce2e2d7fbdea1afc51c7c6ad26', 1, '2021-03-14 23:19:11'),
(30, 11, 1, 'pause-contract', '{\"SENDER_NAME\":\"Originatesoft\",\"RECEIVER_NAME\":\"Asharam Pakhira New\",\"TITLE\":\"android develop\",\"CONTRACT_TITLE\":\"Android develop\",\"WORK_URL\":\"https:\\/\\/scriptlisting.com\\/upwork\\/workroom\\/details\\/45c48cce2e2d7fbdea1afc51c7c6ad26\"}', 'workroom/details/45c48cce2e2d7fbdea1afc51c7c6ad26', 0, '2021-03-14 23:33:34'),
(31, 11, 1, 'resume-contract', '{\"SENDER_NAME\":\"Originatesoft\",\"RECEIVER_NAME\":\"Asharam Pakhira New\",\"TITLE\":\"android develop\",\"CONTRACT_TITLE\":\"Android develop\",\"WORK_URL\":\"https:\\/\\/scriptlisting.com\\/upwork\\/workroom\\/details\\/45c48cce2e2d7fbdea1afc51c7c6ad26\"}', 'workroom/details/45c48cce2e2d7fbdea1afc51c7c6ad26', 0, '2021-03-14 23:33:45'),
(32, 11, 1, 'end-contract', '{\"SENDER_NAME\":\"Originatesoft\",\"RECEIVER_NAME\":\"Asharam Pakhira New\",\"TITLE\":\"android develop\",\"CONTRACT_TITLE\":\"Android develop\",\"WORK_URL\":\"https:\\/\\/scriptlisting.com\\/upwork\\/workroom\\/term\\/45c48cce2e2d7fbdea1afc51c7c6ad26\"}', 'workroom/term/45c48cce2e2d7fbdea1afc51c7c6ad26', 1, '2021-03-14 23:39:21'),
(33, 16, 11, 'new-proposal', '{\"SENDER_NAME\":\"Asim Patra\",\"RECEIVER_NAME\":\"Originatesoft\",\"TITLE\":\"Create a website with recomendations system&#40;AI&#41; on django\",\"PROJECT_URL\":\"https:\\/\\/scriptlisting.com\\/upwork\\/p\\/create-a-website-with-recomendations-systemai-on-django\"}', 'p/create-a-website-with-recomendations-systemai-on-django', 1, '2021-03-25 14:08:36'),
(34, 11, 16, 'new-project-offer', '{\"SENDER_NAME\":\"Originatesoft\",\"RECEIVER_NAME\":\"Asim Patra\",\"TITLE\":\"Create a website with recomendations system&#40;AI&#41; on django\",\"OFFER_URL\":\"https:\\/\\/scriptlisting.com\\/upwork\\/contract\\/offer\\/d3d9446802a44259755d38e6d163e820\"}', 'contract/offer/d3d9446802a44259755d38e6d163e820', 1, '2021-03-25 14:18:38'),
(35, 16, 11, 'project-offer-accepted', '{\"SENDER_NAME\":\"Asim Patra\",\"RECEIVER_NAME\":\"Originatesoft\",\"TITLE\":\"Create a website with recomendations system&#40;AI&#41; on django\",\"OFFER_URL\":\"https:\\/\\/scriptlisting.com\\/upwork\\/contract\\/offer\\/d3d9446802a44259755d38e6d163e820\"}', 'contract/offer/d3d9446802a44259755d38e6d163e820', 0, '2021-03-25 14:24:01'),
(36, 16, 11, 'work-submission', '{\"SENDER_NAME\":\"Asim Patra\",\"RECEIVER_NAME\":\"Originatesoft\",\"TITLE\":\"Create a website with recomendations system&#40;AI&#41; on django\",\"CONTRACT_TITLE\":\"Create a website with recomendations system&#40;AI&#41; on django\",\"MILESTONE_TITLE\":\"Create a website with recomendations system&#40;AI&#41; on django\",\"WORK_URL\":\"https:\\/\\/scriptlisting.com\\/upwork\\/contract\\/milestone\\/aab3238922bcc25a6f606eb525ffdc56\"}', 'contract/milestone/aab3238922bcc25a6f606eb525ffdc56', 1, '2021-03-25 14:27:23'),
(37, 11, 16, 'work-submission-accepted', '{\"SENDER_NAME\":\"Originatesoft\",\"RECEIVER_NAME\":\"Asim Patra\",\"TITLE\":\"Create a website with recomendations system&#40;AI&#41; on django\",\"CONTRACT_TITLE\":\"Create a website with recomendations system&#40;AI&#41; on django\",\"MILESTONE_TITLE\":\"Create a website with recomendations system&#40;AI&#41; on django\",\"WORK_URL\":\"https:\\/\\/scriptlisting.com\\/upwork\\/contract\\/milestone\\/aab3238922bcc25a6f606eb525ffdc56\"}', 'contract/milestone/aab3238922bcc25a6f606eb525ffdc56', 0, '2021-03-25 14:28:41'),
(38, 1, 11, 'new-proposal', '{\"SENDER_NAME\":\"Asharam Pakhira New\",\"RECEIVER_NAME\":\"Originatesoft\",\"TITLE\":\"web development site\",\"PROJECT_URL\":\"https:\\/\\/scriptlisting.com\\/upwork\\/p\\/web-development-site\"}', 'p/web-development-site', 1, '2021-03-26 03:05:47'),
(39, 11, 1, 'project-invitation', '{\"SENDER_NAME\":\"Originatesoft\",\"RECEIVER_NAME\":\"Asharam Pakhira New\",\"TITLE\":\"android develop\",\"URL\":\"https:\\/\\/scriptlisting.com\\/upwork\\/p\\/android-develop\"}', 'p/android-develop', 0, '2021-03-27 12:28:30'),
(40, 1, 11, 'new-proposal', '{\"SENDER_NAME\":\"Asharam Pakhira New\",\"RECEIVER_NAME\":\"Originatesoft\",\"TITLE\":\"web development site\",\"PROJECT_URL\":\"https:\\/\\/scriptlisting.com\\/upwork\\/p\\/web-development-site-1\"}', 'p/web-development-site-1', 1, '2021-03-27 12:32:03'),
(41, 11, 1, 'new-project-offer', '{\"SENDER_NAME\":\"Originatesoft\",\"RECEIVER_NAME\":\"Asharam Pakhira New\",\"TITLE\":\"web development site\",\"OFFER_URL\":\"https:\\/\\/scriptlisting.com\\/upwork\\/contract\\/offer\\/6512bd43d9caa6e02c990b0a82652dca\"}', 'contract/offer/6512bd43d9caa6e02c990b0a82652dca', 1, '2021-03-27 12:34:42'),
(42, 1, 11, 'project-offer-accepted', '{\"SENDER_NAME\":\"Asharam Pakhira New\",\"RECEIVER_NAME\":\"Originatesoft\",\"TITLE\":\"web development site\",\"OFFER_URL\":\"https:\\/\\/scriptlisting.com\\/upwork\\/contract\\/offer\\/6512bd43d9caa6e02c990b0a82652dca\"}', 'contract/offer/6512bd43d9caa6e02c990b0a82652dca', 1, '2021-03-27 12:35:57'),
(43, 11, 1, 'project-invitation', '{\"SENDER_NAME\":\"Originatesoft\",\"RECEIVER_NAME\":\"Asharam Pakhira New\",\"TITLE\":\"Technical Support\",\"URL\":\"https:\\/\\/scriptlisting.com\\/upwork\\/p\\/technical-support\"}', 'p/technical-support', 0, '2021-03-29 08:03:58'),
(44, 11, 16, 'new-project-offer', '{\"SENDER_NAME\":\"Originatesoft\",\"RECEIVER_NAME\":\"Asim Patra\",\"TITLE\":\"Technical Support\",\"OFFER_URL\":\"https:\\/\\/scriptlisting.com\\/upwork\\/contract\\/offer\\/c20ad4d76fe97759aa27a0c99bff6710\"}', 'contract/offer/c20ad4d76fe97759aa27a0c99bff6710', 0, '2021-03-29 08:05:02'),
(45, 11, 16, 'new-project-offer', '{\"SENDER_NAME\":\"Originatesoft\",\"RECEIVER_NAME\":\"Asim Patra\",\"TITLE\":\"web development site\",\"OFFER_URL\":\"https:\\/\\/scriptlisting.com\\/upwork\\/contract\\/offer\\/c51ce410c124a10e0db5e4b97fc2af39\"}', 'contract/offer/c51ce410c124a10e0db5e4b97fc2af39', 0, '2021-03-31 00:03:24'),
(46, 1, 11, 'new-proposal', '{\"SENDER_NAME\":\"Asharam Pakhira New\",\"RECEIVER_NAME\":\"Originatesoft\",\"TITLE\":\"Website creation_Raja\",\"PROJECT_URL\":\"https:\\/\\/scriptlisting.com\\/upwork\\/p\\/website-creation_raja\"}', 'p/website-creation_raja', 1, '2021-03-31 00:14:41'),
(47, 11, 1, 'new-project-offer', '{\"SENDER_NAME\":\"Originatesoft\",\"RECEIVER_NAME\":\"Asharam Pakhira New\",\"TITLE\":\"Website creation_Raja\",\"OFFER_URL\":\"https:\\/\\/scriptlisting.com\\/upwork\\/contract\\/offer\\/aab3238922bcc25a6f606eb525ffdc56\"}', 'contract/offer/aab3238922bcc25a6f606eb525ffdc56', 1, '2021-03-31 00:17:47'),
(48, 1, 11, 'project-offer-accepted', '{\"SENDER_NAME\":\"Asharam Pakhira New\",\"RECEIVER_NAME\":\"Originatesoft\",\"TITLE\":\"Website creation_Raja\",\"OFFER_URL\":\"https:\\/\\/scriptlisting.com\\/upwork\\/contract\\/offer\\/aab3238922bcc25a6f606eb525ffdc56\"}', 'contract/offer/aab3238922bcc25a6f606eb525ffdc56', 1, '2021-03-31 00:18:28'),
(49, 16, 11, 'new-proposal', '{\"SENDER_NAME\":\"Asim Patra\",\"RECEIVER_NAME\":\"Originatesoft\",\"TITLE\":\"Create Static Samples of PDF and EMail Layouts\",\"PROJECT_URL\":\"https:\\/\\/scriptlisting.com\\/upwork\\/p\\/create-static-samples-of-pdf-and-email-layouts\"}', 'p/create-static-samples-of-pdf-and-email-layouts', 0, '2021-04-06 12:40:14'),
(50, 11, 16, 'new-project-offer', '{\"SENDER_NAME\":\"Originatesoft\",\"RECEIVER_NAME\":\"Asim Patra\",\"TITLE\":\"Create Static Samples of PDF and EMail Layouts\",\"OFFER_URL\":\"https:\\/\\/scriptlisting.com\\/upwork\\/contract\\/offer\\/9bf31c7ff062936a96d3c8bd1f8f2ff3\"}', 'contract/offer/9bf31c7ff062936a96d3c8bd1f8f2ff3', 1, '2021-04-06 12:44:15'),
(51, 16, 11, 'project-offer-accepted', '{\"SENDER_NAME\":\"Asim Patra\",\"RECEIVER_NAME\":\"Originatesoft\",\"TITLE\":\"Create Static Samples of PDF and EMail Layouts\",\"OFFER_URL\":\"https:\\/\\/scriptlisting.com\\/upwork\\/contract\\/offer\\/9bf31c7ff062936a96d3c8bd1f8f2ff3\"}', 'contract/offer/9bf31c7ff062936a96d3c8bd1f8f2ff3', 0, '2021-04-06 12:48:52'),
(52, 16, 11, 'work-submission', '{\"SENDER_NAME\":\"Asim Patra\",\"RECEIVER_NAME\":\"Originatesoft\",\"TITLE\":\"Create Static Samples of PDF and EMail Layouts\",\"CONTRACT_TITLE\":\"Contract: Create Static Samples of PDF and EMail Layouts\",\"MILESTONE_TITLE\":\"UI\\/UX\",\"WORK_URL\":\"https:\\/\\/scriptlisting.com\\/upwork\\/contract\\/milestone\\/9bf31c7ff062936a96d3c8bd1f8f2ff3\"}', 'contract/milestone/9bf31c7ff062936a96d3c8bd1f8f2ff3', 0, '2021-04-06 12:54:18'),
(53, 16, 11, 'work-submission', '{\"SENDER_NAME\":\"Asim Patra\",\"RECEIVER_NAME\":\"Originatesoft\",\"TITLE\":\"Create Static Samples of PDF and EMail Layouts\",\"CONTRACT_TITLE\":\"Contract: Create Static Samples of PDF and EMail Layouts\",\"MILESTONE_TITLE\":\"UI\\/UX\",\"WORK_URL\":\"https:\\/\\/scriptlisting.com\\/upwork\\/contract\\/milestone\\/9bf31c7ff062936a96d3c8bd1f8f2ff3\"}', 'contract/milestone/9bf31c7ff062936a96d3c8bd1f8f2ff3', 1, '2021-04-06 12:55:10'),
(54, 11, 16, 'work-submission-accepted', '{\"SENDER_NAME\":\"Originatesoft\",\"RECEIVER_NAME\":\"Asim Patra\",\"TITLE\":\"Create Static Samples of PDF and EMail Layouts\",\"CONTRACT_TITLE\":\"Contract: Create Static Samples of PDF and EMail Layouts\",\"MILESTONE_TITLE\":\"UI\\/UX\",\"WORK_URL\":\"https:\\/\\/scriptlisting.com\\/upwork\\/contract\\/milestone\\/9bf31c7ff062936a96d3c8bd1f8f2ff3\"}', 'contract/milestone/9bf31c7ff062936a96d3c8bd1f8f2ff3', 0, '2021-04-06 12:56:31'),
(55, 11, 16, 'new-milestone-initiate', '{\"SENDER_NAME\":\"Originatesoft\",\"RECEIVER_NAME\":\"Asim Patra\",\"CONTRACT_TITLE\":\"Contract: Create Static Samples of PDF and EMail Layouts\",\"MILESTONE_TITLE\":\"First milestone\",\"TITLE\":\"Create Static Samples of PDF and EMail Layouts\",\"WORK_URL\":\"https:\\/\\/scriptlisting.com\\/upwork\\/contract\\/details\\/9bf31c7ff062936a96d3c8bd1f8f2ff3\"}', 'contract/details/9bf31c7ff062936a96d3c8bd1f8f2ff3', 1, '2021-04-06 12:58:38'),
(56, 16, 11, 'work-submission', '{\"SENDER_NAME\":\"Asim Patra\",\"RECEIVER_NAME\":\"Originatesoft\",\"TITLE\":\"Create Static Samples of PDF and EMail Layouts\",\"CONTRACT_TITLE\":\"Contract: Create Static Samples of PDF and EMail Layouts\",\"MILESTONE_TITLE\":\"First milestone\",\"WORK_URL\":\"https:\\/\\/scriptlisting.com\\/upwork\\/contract\\/milestone\\/c74d97b01eae257e44aa9d5bade97baf\"}', 'contract/milestone/c74d97b01eae257e44aa9d5bade97baf', 1, '2021-04-06 12:59:43'),
(57, 11, 16, 'work-submission-accepted', '{\"SENDER_NAME\":\"Originatesoft\",\"RECEIVER_NAME\":\"Asim Patra\",\"TITLE\":\"Create Static Samples of PDF and EMail Layouts\",\"CONTRACT_TITLE\":\"Contract: Create Static Samples of PDF and EMail Layouts\",\"MILESTONE_TITLE\":\"First milestone\",\"WORK_URL\":\"https:\\/\\/scriptlisting.com\\/upwork\\/contract\\/milestone\\/c74d97b01eae257e44aa9d5bade97baf\"}', 'contract/milestone/c74d97b01eae257e44aa9d5bade97baf', 0, '2021-04-06 12:59:58'),
(58, 11, 16, 'end-contract', '{\"SENDER_NAME\":\"Originatesoft\",\"RECEIVER_NAME\":\"Asim Patra\",\"TITLE\":\"Create Static Samples of PDF and EMail Layouts\",\"CONTRACT_TITLE\":\"Contract: Create Static Samples of PDF and EMail Layouts\",\"WORK_URL\":\"https:\\/\\/scriptlisting.com\\/upwork\\/contract\\/term\\/9bf31c7ff062936a96d3c8bd1f8f2ff3\"}', 'contract/term/9bf31c7ff062936a96d3c8bd1f8f2ff3', 1, '2021-04-06 13:02:01'),
(59, 16, 11, 'end-contract', '{\"SENDER_NAME\":\"Asim Patra\",\"RECEIVER_NAME\":\"Originatesoft\",\"TITLE\":\"Create Static Samples of PDF and EMail Layouts\",\"CONTRACT_TITLE\":\"Contract: Create Static Samples of PDF and EMail Layouts\",\"WORK_URL\":\"https:\\/\\/scriptlisting.com\\/upwork\\/contract\\/term\\/9bf31c7ff062936a96d3c8bd1f8f2ff3\"}', 'contract/term/9bf31c7ff062936a96d3c8bd1f8f2ff3', 0, '2021-04-06 13:03:28'),
(60, 11, 16, 'new-project-offer', '{\"SENDER_NAME\":\"Originatesoft\",\"RECEIVER_NAME\":\"Asim Patra\",\"TITLE\":\"Create Static Samples of PDF and EMail Layouts\",\"OFFER_URL\":\"https:\\/\\/scriptlisting.com\\/upwork\\/contract\\/offer\\/c74d97b01eae257e44aa9d5bade97baf\"}', 'contract/offer/c74d97b01eae257e44aa9d5bade97baf', 1, '2021-04-06 13:08:41'),
(61, 16, 11, 'project-offer-accepted', '{\"SENDER_NAME\":\"Asim Patra\",\"RECEIVER_NAME\":\"Originatesoft\",\"TITLE\":\"Create Static Samples of PDF and EMail Layouts\",\"OFFER_URL\":\"https:\\/\\/scriptlisting.com\\/upwork\\/contract\\/offer\\/c74d97b01eae257e44aa9d5bade97baf\"}', 'contract/offer/c74d97b01eae257e44aa9d5bade97baf', 1, '2021-04-06 13:09:03'),
(62, 16, 11, 'hourly-work-submission', '{\"SENDER_NAME\":\"Asim Patra\",\"RECEIVER_NAME\":\"Originatesoft\",\"TITLE\":\"Create Static Samples of PDF and EMail Layouts\",\"CONTRACT_TITLE\":\"Hourly: Create Static Samples of PDF and EMail Layouts\",\"WORK_URL\":\"https:\\/\\/scriptlisting.com\\/upwork\\/workroom\\/worklog\\/c74d97b01eae257e44aa9d5bade97baf\"}', 'workroom/worklog/c74d97b01eae257e44aa9d5bade97baf', 1, '2021-04-06 13:12:28'),
(63, 11, 16, 'hourly-work-submission-accepted', '{\"SENDER_NAME\":\"Originatesoft\",\"RECEIVER_NAME\":\"Asim Patra\",\"TITLE\":\"Create Static Samples of PDF and EMail Layouts\",\"CONTRACT_TITLE\":\"Hourly: Create Static Samples of PDF and EMail Layouts\",\"WORK_URL\":\"https:\\/\\/scriptlisting.com\\/upwork\\/workroom\\/worklog\\/c74d97b01eae257e44aa9d5bade97baf\"}', 'workroom/worklog/c74d97b01eae257e44aa9d5bade97baf', 0, '2021-04-06 13:12:48'),
(64, 16, 11, 'hourly-work-submission', '{\"SENDER_NAME\":\"Asim Patra\",\"RECEIVER_NAME\":\"Originatesoft\",\"TITLE\":\"Create Static Samples of PDF and EMail Layouts\",\"CONTRACT_TITLE\":\"Hourly: Create Static Samples of PDF and EMail Layouts\",\"WORK_URL\":\"https:\\/\\/scriptlisting.com\\/upwork\\/workroom\\/worklog\\/c74d97b01eae257e44aa9d5bade97baf\"}', 'workroom/worklog/c74d97b01eae257e44aa9d5bade97baf', 1, '2021-04-06 13:15:05'),
(65, 11, 16, 'hourly-work-submission-accepted', '{\"SENDER_NAME\":\"Originatesoft\",\"RECEIVER_NAME\":\"Asim Patra\",\"TITLE\":\"Create Static Samples of PDF and EMail Layouts\",\"CONTRACT_TITLE\":\"Hourly: Create Static Samples of PDF and EMail Layouts\",\"WORK_URL\":\"https:\\/\\/scriptlisting.com\\/upwork\\/workroom\\/worklog\\/c74d97b01eae257e44aa9d5bade97baf\"}', 'workroom/worklog/c74d97b01eae257e44aa9d5bade97baf', 0, '2021-04-06 13:15:20'),
(66, 16, 11, 'new-invoice-request', '{\"SENDER_NAME\":\"Asim Patra\",\"RECEIVER_NAME\":\"Originatesoft\",\"TITLE\":\"Create Static Samples of PDF and EMail Layouts\",\"CONTRACT_TITLE\":\"Hourly: Create Static Samples of PDF and EMail Layouts\",\"WORK_URL\":\"https:\\/\\/scriptlisting.com\\/upwork\\/workroom\\/worklog\\/c74d97b01eae257e44aa9d5bade97baf\"}', 'workroom/worklog/c74d97b01eae257e44aa9d5bade97baf', 1, '2021-04-06 13:16:08'),
(67, 11, 16, 'hourly-invoice-accepted', '{\"SENDER_NAME\":\"Originatesoft\",\"RECEIVER_NAME\":\"Asim Patra\",\"TITLE\":\"Create Static Samples of PDF and EMail Layouts\",\"CONTRACT_TITLE\":\"Hourly: Create Static Samples of PDF and EMail Layouts\",\"INVOICE_URL\":\"https:\\/\\/scriptlisting.com\\/upwork\\/invoice\\/details\\/1f0e3dad99908345f7439f8ffabdffc4\",\"WORK_URL\":\"https:\\/\\/scriptlisting.com\\/upwork\\/workroom\\/worklog\\/c74d97b01eae257e44aa9d5bade97baf\"}', 'workroom/worklog/c74d97b01eae257e44aa9d5bade97baf', 1, '2021-04-06 13:17:24'),
(68, 11, 16, 'pause-contract', '{\"SENDER_NAME\":\"Originatesoft\",\"RECEIVER_NAME\":\"Asim Patra\",\"TITLE\":\"Create Static Samples of PDF and EMail Layouts\",\"CONTRACT_TITLE\":\"Hourly: Create Static Samples of PDF and EMail Layouts\",\"WORK_URL\":\"https:\\/\\/scriptlisting.com\\/upwork\\/workroom\\/details\\/c74d97b01eae257e44aa9d5bade97baf\"}', 'workroom/details/c74d97b01eae257e44aa9d5bade97baf', 1, '2021-04-06 13:21:32'),
(69, 11, 16, 'resume-contract', '{\"SENDER_NAME\":\"Originatesoft\",\"RECEIVER_NAME\":\"Asim Patra\",\"TITLE\":\"Create Static Samples of PDF and EMail Layouts\",\"CONTRACT_TITLE\":\"Hourly: Create Static Samples of PDF and EMail Layouts\",\"WORK_URL\":\"https:\\/\\/scriptlisting.com\\/upwork\\/workroom\\/details\\/c74d97b01eae257e44aa9d5bade97baf\"}', 'workroom/details/c74d97b01eae257e44aa9d5bade97baf', 1, '2021-04-06 13:22:08'),
(70, 11, 16, 'end-contract', '{\"SENDER_NAME\":\"Originatesoft\",\"RECEIVER_NAME\":\"Asim Patra\",\"TITLE\":\"Create Static Samples of PDF and EMail Layouts\",\"CONTRACT_TITLE\":\"Hourly: Create Static Samples of PDF and EMail Layouts\",\"WORK_URL\":\"https:\\/\\/scriptlisting.com\\/upwork\\/workroom\\/term\\/c74d97b01eae257e44aa9d5bade97baf\"}', 'workroom/term/c74d97b01eae257e44aa9d5bade97baf', 1, '2021-04-06 13:23:05'),
(71, 16, 11, 'end-contract', '{\"SENDER_NAME\":\"Asim Patra\",\"RECEIVER_NAME\":\"Originatesoft\",\"TITLE\":\"Create Static Samples of PDF and EMail Layouts\",\"CONTRACT_TITLE\":\"Hourly: Create Static Samples of PDF and EMail Layouts\",\"WORK_URL\":\"https:\\/\\/scriptlisting.com\\/upwork\\/workroom\\/term\\/c74d97b01eae257e44aa9d5bade97baf\"}', 'workroom/term/c74d97b01eae257e44aa9d5bade97baf', 1, '2021-04-06 13:24:11'),
(72, 16, 11, 'new-proposal', '{\"SENDER_NAME\":\"Asim Patra\",\"RECEIVER_NAME\":\"Originatesoft\",\"TITLE\":\"Need some one to integrate a telegram chat bot with the WordPress website\",\"PROJECT_URL\":\"https:\\/\\/scriptlisting.com\\/upwork\\/p\\/need-some-one-to-integrate-a-telegram-chat-bot-with-the-wordpress-website\"}', 'p/need-some-one-to-integrate-a-telegram-chat-bot-with-the-wordpress-website', 1, '2021-04-09 06:58:14'),
(73, 11, 16, 'new-project-offer', '{\"SENDER_NAME\":\"Originatesoft\",\"RECEIVER_NAME\":\"Asim Patra\",\"TITLE\":\"Need some one to integrate a telegram chat bot with the WordPress website\",\"OFFER_URL\":\"https:\\/\\/scriptlisting.com\\/upwork\\/contract\\/offer\\/70efdf2ec9b086079795c442636b55fb\"}', 'contract/offer/70efdf2ec9b086079795c442636b55fb', 1, '2021-04-09 07:08:39'),
(74, 16, 11, 'project-offer-accepted', '{\"SENDER_NAME\":\"Asim Patra\",\"RECEIVER_NAME\":\"Originatesoft\",\"TITLE\":\"Need some one to integrate a telegram chat bot with the WordPress website\",\"OFFER_URL\":\"https:\\/\\/scriptlisting.com\\/upwork\\/contract\\/offer\\/70efdf2ec9b086079795c442636b55fb\"}', 'contract/offer/70efdf2ec9b086079795c442636b55fb', 1, '2021-04-09 07:11:42'),
(75, 16, 11, 'work-submission', '{\"SENDER_NAME\":\"Asim Patra\",\"RECEIVER_NAME\":\"Originatesoft\",\"TITLE\":\"Need some one to integrate a telegram chat bot with the WordPress website\",\"CONTRACT_TITLE\":\"Contract: Need some one to integrate a telegram chat bot with the WordPress website\",\"MILESTONE_TITLE\":\"Contract: Need some one to integrate a telegram chat bot with the WordPress website\",\"WORK_URL\":\"https:\\/\\/scriptlisting.com\\/upwork\\/contract\\/milestone\\/70efdf2ec9b086079795c442636b55fb\"}', 'contract/milestone/70efdf2ec9b086079795c442636b55fb', 1, '2021-04-09 07:15:23'),
(76, 11, 16, 'work-submission-accepted', '{\"SENDER_NAME\":\"Originatesoft\",\"RECEIVER_NAME\":\"Asim Patra\",\"TITLE\":\"Need some one to integrate a telegram chat bot with the WordPress website\",\"CONTRACT_TITLE\":\"Contract: Need some one to integrate a telegram chat bot with the WordPress website\",\"MILESTONE_TITLE\":\"Contract: Need some one to integrate a telegram chat bot with the WordPress website\",\"WORK_URL\":\"https:\\/\\/scriptlisting.com\\/upwork\\/contract\\/milestone\\/70efdf2ec9b086079795c442636b55fb\"}', 'contract/milestone/70efdf2ec9b086079795c442636b55fb', 1, '2021-04-09 07:18:29'),
(77, 16, 11, 'end-contract', '{\"SENDER_NAME\":\"Asim Patra\",\"RECEIVER_NAME\":\"Originatesoft\",\"TITLE\":\"Need some one to integrate a telegram chat bot with the WordPress website\",\"CONTRACT_TITLE\":\"Contract: Need some one to integrate a telegram chat bot with the WordPress website\",\"WORK_URL\":\"https:\\/\\/scriptlisting.com\\/upwork\\/contract\\/term\\/70efdf2ec9b086079795c442636b55fb\"}', 'contract/term/70efdf2ec9b086079795c442636b55fb', 1, '2021-04-09 07:23:05'),
(78, 11, 16, 'end-contract', '{\"SENDER_NAME\":\"Originatesoft\",\"RECEIVER_NAME\":\"Asim Patra\",\"TITLE\":\"Need some one to integrate a telegram chat bot with the WordPress website\",\"CONTRACT_TITLE\":\"Contract: Need some one to integrate a telegram chat bot with the WordPress website\",\"WORK_URL\":\"https:\\/\\/scriptlisting.com\\/upwork\\/contract\\/term\\/70efdf2ec9b086079795c442636b55fb\"}', 'contract/term/70efdf2ec9b086079795c442636b55fb', 1, '2021-04-09 07:24:47'),
(79, 11, 1, 'new-project-offer', '{\"SENDER_NAME\":\"Originatesoft\",\"RECEIVER_NAME\":\"Asharam Pakhira New\",\"TITLE\":\"android develop\",\"OFFER_URL\":\"https:\\/\\/scriptlisting.com\\/upwork\\/contract\\/offer\\/6f4922f45568161a8cdf4ad2299f6d23\"}', 'contract/offer/6f4922f45568161a8cdf4ad2299f6d23', 1, '2021-04-15 10:44:20'),
(80, 16, 11, 'new-proposal', '{\"SENDER_NAME\":\"Asim Patra\",\"RECEIVER_NAME\":\"Originatesoft\",\"TITLE\":\"PHP Developer for MVCL\",\"PROJECT_URL\":\"https:\\/\\/scriptlisting.com\\/upwork\\/p\\/php-developer-for-mvcl\"}', 'p/php-developer-for-mvcl', 1, '2021-05-27 07:50:33'),
(81, 11, 16, 'new-project-offer', '{\"SENDER_NAME\":\"Originatesoft\",\"RECEIVER_NAME\":\"Asim Patra\",\"TITLE\":\"PHP Developer for MVCL\",\"OFFER_URL\":\"https:\\/\\/scriptlisting.com\\/upwork\\/contract\\/offer\\/1f0e3dad99908345f7439f8ffabdffc4\"}', 'contract/offer/1f0e3dad99908345f7439f8ffabdffc4', 1, '2021-05-27 07:58:50'),
(82, 16, 11, 'project-offer-accepted', '{\"SENDER_NAME\":\"Asim Patra\",\"RECEIVER_NAME\":\"Originatesoft\",\"TITLE\":\"PHP Developer for MVCL\",\"OFFER_URL\":\"https:\\/\\/scriptlisting.com\\/upwork\\/contract\\/offer\\/1f0e3dad99908345f7439f8ffabdffc4\"}', 'contract/offer/1f0e3dad99908345f7439f8ffabdffc4', 0, '2021-05-27 08:00:42'),
(83, 16, 11, 'work-submission', '{\"SENDER_NAME\":\"Asim Patra\",\"RECEIVER_NAME\":\"Originatesoft\",\"TITLE\":\"PHP Developer for MVCL\",\"CONTRACT_TITLE\":\"Contract PHP Developer for MVCL\",\"MILESTONE_TITLE\":\"First milestone\",\"WORK_URL\":\"https:\\/\\/scriptlisting.com\\/upwork\\/contract\\/milestone\\/1f0e3dad99908345f7439f8ffabdffc4\"}', 'contract/milestone/1f0e3dad99908345f7439f8ffabdffc4', 1, '2021-05-27 08:06:13'),
(84, 11, 16, 'work-submission-accepted', '{\"SENDER_NAME\":\"Originatesoft\",\"RECEIVER_NAME\":\"Asim Patra\",\"TITLE\":\"PHP Developer for MVCL\",\"CONTRACT_TITLE\":\"Contract PHP Developer for MVCL\",\"MILESTONE_TITLE\":\"First milestone\",\"WORK_URL\":\"https:\\/\\/scriptlisting.com\\/upwork\\/contract\\/milestone\\/1f0e3dad99908345f7439f8ffabdffc4\"}', 'contract/milestone/1f0e3dad99908345f7439f8ffabdffc4', 1, '2021-05-27 08:11:09'),
(85, 11, 16, 'new-milestone-initiate', '{\"SENDER_NAME\":\"Originatesoft\",\"RECEIVER_NAME\":\"Asim Patra\",\"CONTRACT_TITLE\":\"Contract PHP Developer for MVCL\",\"MILESTONE_TITLE\":\"Second milestone\",\"TITLE\":\"PHP Developer for MVCL\",\"WORK_URL\":\"https:\\/\\/scriptlisting.com\\/upwork\\/contract\\/details\\/1f0e3dad99908345f7439f8ffabdffc4\"}', 'contract/details/1f0e3dad99908345f7439f8ffabdffc4', 0, '2021-05-27 08:18:27'),
(86, 16, 11, 'work-submission', '{\"SENDER_NAME\":\"Asim Patra\",\"RECEIVER_NAME\":\"Originatesoft\",\"TITLE\":\"PHP Developer for MVCL\",\"CONTRACT_TITLE\":\"Contract PHP Developer for MVCL\",\"MILESTONE_TITLE\":\"Second milestone\",\"WORK_URL\":\"https:\\/\\/scriptlisting.com\\/upwork\\/contract\\/milestone\\/98f13708210194c475687be6106a3b84\"}', 'contract/milestone/98f13708210194c475687be6106a3b84', 1, '2021-05-27 08:19:43'),
(87, 11, 16, 'work-submission-accepted', '{\"SENDER_NAME\":\"Originatesoft\",\"RECEIVER_NAME\":\"Asim Patra\",\"TITLE\":\"PHP Developer for MVCL\",\"CONTRACT_TITLE\":\"Contract PHP Developer for MVCL\",\"MILESTONE_TITLE\":\"Second milestone\",\"WORK_URL\":\"https:\\/\\/scriptlisting.com\\/upwork\\/contract\\/milestone\\/98f13708210194c475687be6106a3b84\"}', 'contract/milestone/98f13708210194c475687be6106a3b84', 0, '2021-05-27 08:20:29'),
(88, 11, 16, 'new-milestone-initiate', '{\"SENDER_NAME\":\"Originatesoft\",\"RECEIVER_NAME\":\"Asim Patra\",\"CONTRACT_TITLE\":\"Contract PHP Developer for MVCL\",\"MILESTONE_TITLE\":\"Third milestone\",\"TITLE\":\"PHP Developer for MVCL\",\"WORK_URL\":\"https:\\/\\/scriptlisting.com\\/upwork\\/contract\\/details\\/1f0e3dad99908345f7439f8ffabdffc4\"}', 'contract/details/1f0e3dad99908345f7439f8ffabdffc4', 0, '2021-05-27 08:23:13'),
(89, 16, 11, 'work-submission', '{\"SENDER_NAME\":\"Asim Patra\",\"RECEIVER_NAME\":\"Originatesoft\",\"TITLE\":\"PHP Developer for MVCL\",\"CONTRACT_TITLE\":\"Contract PHP Developer for MVCL\",\"MILESTONE_TITLE\":\"Third milestone\",\"WORK_URL\":\"https:\\/\\/scriptlisting.com\\/upwork\\/contract\\/milestone\\/3c59dc048e8850243be8079a5c74d079\"}', 'contract/milestone/3c59dc048e8850243be8079a5c74d079', 1, '2021-05-27 08:24:41'),
(90, 11, 16, 'work-submission-rejected', '{\"SENDER_NAME\":\"Originatesoft\",\"RECEIVER_NAME\":\"Asim Patra\",\"TITLE\":\"PHP Developer for MVCL\",\"CONTRACT_TITLE\":\"Contract PHP Developer for MVCL\",\"MILESTONE_TITLE\":\"Third milestone\",\"WORK_URL\":\"https:\\/\\/scriptlisting.com\\/upwork\\/contract\\/milestone\\/3c59dc048e8850243be8079a5c74d079\",\"REJECT_REASON\":\"I am not satisfied the work you have done\"}', 'contract/milestone/3c59dc048e8850243be8079a5c74d079', 1, '2021-05-27 08:26:19'),
(91, 16, 11, 'work-submission', '{\"SENDER_NAME\":\"Asim Patra\",\"RECEIVER_NAME\":\"Originatesoft\",\"TITLE\":\"PHP Developer for MVCL\",\"CONTRACT_TITLE\":\"Contract PHP Developer for MVCL\",\"MILESTONE_TITLE\":\"Third milestone\",\"WORK_URL\":\"https:\\/\\/scriptlisting.com\\/upwork\\/contract\\/milestone\\/3c59dc048e8850243be8079a5c74d079\"}', 'contract/milestone/3c59dc048e8850243be8079a5c74d079', 1, '2021-05-27 08:29:43'),
(92, 11, 16, 'work-submission-rejected', '{\"SENDER_NAME\":\"Originatesoft\",\"RECEIVER_NAME\":\"Asim Patra\",\"TITLE\":\"PHP Developer for MVCL\",\"CONTRACT_TITLE\":\"Contract PHP Developer for MVCL\",\"MILESTONE_TITLE\":\"Third milestone\",\"WORK_URL\":\"https:\\/\\/scriptlisting.com\\/upwork\\/contract\\/milestone\\/3c59dc048e8850243be8079a5c74d079\",\"REJECT_REASON\":\"Not satisfied\"}', 'contract/milestone/3c59dc048e8850243be8079a5c74d079', 0, '2021-05-27 08:30:11'),
(93, 11, 16, 'new-dispute-contract', '{\"SENDER_NAME\":\"Originatesoft\",\"RECEIVER_NAME\":\"Asim Patra\",\"TITLE\":\"PHP Developer for MVCL\",\"CONTRACT_TITLE\":\"Contract PHP Developer for MVCL\",\"MILESTONE_TITLE\":\"Third milestone\",\"WORK_URL\":\"https:\\/\\/scriptlisting.com\\/upwork\\/contract\\/details\\/1f0e3dad99908345f7439f8ffabdffc4\"}', 'contract/details/1f0e3dad99908345f7439f8ffabdffc4', 1, '2021-05-27 08:30:45'),
(94, 11, 16, 'dispute-offer', '{\"SENDER_NAME\":\"Originatesoft\",\"RECEIVER_NAME\":\"Asim Patra\",\"TITLE\":\"PHP Developer for MVCL\",\"CONTRACT_TITLE\":\"Contract PHP Developer for MVCL\",\"MILESTONE_TITLE\":\"Third milestone\",\"DISPUTE_URL\":\"https:\\/\\/scriptlisting.com\\/upwork\\/contract\\/disputedetails\\/3c59dc048e8850243be8079a5c74d079\"}', 'contract/disputedetails/3c59dc048e8850243be8079a5c74d079', 1, '2021-05-27 08:33:15'),
(95, 16, 11, 'dispute-offer', '{\"SENDER_NAME\":\"Asim Patra\",\"RECEIVER_NAME\":\"Originatesoft\",\"TITLE\":\"PHP Developer for MVCL\",\"CONTRACT_TITLE\":\"Contract PHP Developer for MVCL\",\"MILESTONE_TITLE\":\"Third milestone\",\"DISPUTE_URL\":\"https:\\/\\/scriptlisting.com\\/upwork\\/contract\\/disputedetails\\/3c59dc048e8850243be8079a5c74d079\"}', 'contract/disputedetails/3c59dc048e8850243be8079a5c74d079', 1, '2021-05-27 08:34:22'),
(96, 11, 16, 'dispute-resolve', '{\"SENDER_NAME\":\"Originatesoft\",\"RECEIVER_NAME\":\"Asim Patra\",\"TITLE\":\"PHP Developer for MVCL\",\"CONTRACT_TITLE\":\"Contract PHP Developer for MVCL\",\"MILESTONE_TITLE\":\"Third milestone\",\"DISPUTE_URL\":\"https:\\/\\/scriptlisting.com\\/upwork\\/contract\\/disputedetails\\/3c59dc048e8850243be8079a5c74d079\"}', 'contract/disputedetails/3c59dc048e8850243be8079a5c74d079', 0, '2021-05-27 08:38:04'),
(97, 11, 16, 'end-contract', '{\"SENDER_NAME\":\"Originatesoft\",\"RECEIVER_NAME\":\"Asim Patra\",\"TITLE\":\"PHP Developer for MVCL\",\"CONTRACT_TITLE\":\"Contract PHP Developer for MVCL\",\"WORK_URL\":\"https:\\/\\/scriptlisting.com\\/upwork\\/contract\\/term\\/1f0e3dad99908345f7439f8ffabdffc4\"}', 'contract/term/1f0e3dad99908345f7439f8ffabdffc4', 1, '2021-05-27 08:39:26'),
(98, 16, 11, 'end-contract', '{\"SENDER_NAME\":\"Asim Patra\",\"RECEIVER_NAME\":\"Originatesoft\",\"TITLE\":\"PHP Developer for MVCL\",\"CONTRACT_TITLE\":\"Contract PHP Developer for MVCL\",\"WORK_URL\":\"https:\\/\\/scriptlisting.com\\/upwork\\/contract\\/term\\/1f0e3dad99908345f7439f8ffabdffc4\"}', 'contract/term/1f0e3dad99908345f7439f8ffabdffc4', 0, '2021-05-27 08:40:41'),
(99, 16, 11, 'new-proposal', '{\"SENDER_NAME\":\"Asim Patra\",\"RECEIVER_NAME\":\"Originatesoft\",\"TITLE\":\"Customer Service Agent\",\"PROJECT_URL\":\"https:\\/\\/scriptlisting.com\\/upwork\\/p\\/customer-service-agent\"}', 'p/customer-service-agent', 1, '2021-06-10 16:08:08'),
(100, 16, 11, 'new-proposal', '{\"SENDER_NAME\":\"Asim Patra\",\"RECEIVER_NAME\":\"Originatesoft\",\"TITLE\":\"Convert Byte Array to String and Back in Java\",\"PROJECT_URL\":\"https:\\/\\/scriptlisting.com\\/upwork\\/p\\/convert-byte-array-to-string-and-back-in-java\"}', 'p/convert-byte-array-to-string-and-back-in-java', 1, '2021-06-11 13:50:39'),
(101, 11, 16, 'new-project-offer', '{\"SENDER_NAME\":\"Originatesoft\",\"RECEIVER_NAME\":\"Asim Patra\",\"TITLE\":\"Convert Byte Array to String and Back in Java\",\"OFFER_URL\":\"https:\\/\\/scriptlisting.com\\/upwork\\/contract\\/offer\\/98f13708210194c475687be6106a3b84\"}', 'contract/offer/98f13708210194c475687be6106a3b84', 0, '2021-06-11 13:58:54'),
(102, 16, 11, 'project-offer-accepted', '{\"SENDER_NAME\":\"Asim Patra\",\"RECEIVER_NAME\":\"Originatesoft\",\"TITLE\":\"Convert Byte Array to String and Back in Java\",\"OFFER_URL\":\"https:\\/\\/scriptlisting.com\\/upwork\\/contract\\/offer\\/98f13708210194c475687be6106a3b84\"}', 'contract/offer/98f13708210194c475687be6106a3b84', 1, '2021-06-11 14:01:43'),
(103, 16, 11, 'work-submission', '{\"SENDER_NAME\":\"Asim Patra\",\"RECEIVER_NAME\":\"Originatesoft\",\"TITLE\":\"Convert Byte Array to String and Back in Java\",\"CONTRACT_TITLE\":\"Contract: Convert Byte Array to String and Back in Java\",\"MILESTONE_TITLE\":\"UI\\/UX\",\"WORK_URL\":\"https:\\/\\/scriptlisting.com\\/upwork\\/contract\\/milestone\\/b6d767d2f8ed5d21a44b0e5886680cb9\"}', 'contract/milestone/b6d767d2f8ed5d21a44b0e5886680cb9', 1, '2021-06-11 14:06:20'),
(104, 11, 16, 'work-submission-rejected', '{\"SENDER_NAME\":\"Originatesoft\",\"RECEIVER_NAME\":\"Asim Patra\",\"TITLE\":\"Convert Byte Array to String and Back in Java\",\"CONTRACT_TITLE\":\"Contract: Convert Byte Array to String and Back in Java\",\"MILESTONE_TITLE\":\"UI\\/UX\",\"WORK_URL\":\"https:\\/\\/scriptlisting.com\\/upwork\\/contract\\/milestone\\/b6d767d2f8ed5d21a44b0e5886680cb9\",\"REJECT_REASON\":\"I am not satisfied the work you have deliverd.\"}', 'contract/milestone/b6d767d2f8ed5d21a44b0e5886680cb9', 1, '2021-06-11 14:07:49'),
(105, 16, 11, 'work-submission', '{\"SENDER_NAME\":\"Asim Patra\",\"RECEIVER_NAME\":\"Originatesoft\",\"TITLE\":\"Convert Byte Array to String and Back in Java\",\"CONTRACT_TITLE\":\"Contract: Convert Byte Array to String and Back in Java\",\"MILESTONE_TITLE\":\"UI\\/UX\",\"WORK_URL\":\"https:\\/\\/scriptlisting.com\\/upwork\\/contract\\/milestone\\/b6d767d2f8ed5d21a44b0e5886680cb9\"}', 'contract/milestone/b6d767d2f8ed5d21a44b0e5886680cb9', 1, '2021-06-11 14:08:36'),
(106, 11, 16, 'work-submission-accepted', '{\"SENDER_NAME\":\"Originatesoft\",\"RECEIVER_NAME\":\"Asim Patra\",\"TITLE\":\"Convert Byte Array to String and Back in Java\",\"CONTRACT_TITLE\":\"Contract: Convert Byte Array to String and Back in Java\",\"MILESTONE_TITLE\":\"UI\\/UX\",\"WORK_URL\":\"https:\\/\\/scriptlisting.com\\/upwork\\/contract\\/milestone\\/b6d767d2f8ed5d21a44b0e5886680cb9\"}', 'contract/milestone/b6d767d2f8ed5d21a44b0e5886680cb9', 1, '2021-06-11 14:09:33'),
(107, 11, 16, 'new-milestone-initiate', '{\"SENDER_NAME\":\"Originatesoft\",\"RECEIVER_NAME\":\"Asim Patra\",\"CONTRACT_TITLE\":\"Contract: Convert Byte Array to String and Back in Java\",\"MILESTONE_TITLE\":\"First milestone\",\"TITLE\":\"Convert Byte Array to String and Back in Java\",\"WORK_URL\":\"https:\\/\\/scriptlisting.com\\/upwork\\/contract\\/details\\/98f13708210194c475687be6106a3b84\"}', 'contract/details/98f13708210194c475687be6106a3b84', 1, '2021-06-11 14:10:57'),
(108, 16, 11, 'work-submission', '{\"SENDER_NAME\":\"Asim Patra\",\"RECEIVER_NAME\":\"Originatesoft\",\"TITLE\":\"Convert Byte Array to String and Back in Java\",\"CONTRACT_TITLE\":\"Contract: Convert Byte Array to String and Back in Java\",\"MILESTONE_TITLE\":\"First milestone\",\"WORK_URL\":\"https:\\/\\/scriptlisting.com\\/upwork\\/contract\\/milestone\\/37693cfc748049e45d87b8c7d8b9aacd\"}', 'contract/milestone/37693cfc748049e45d87b8c7d8b9aacd', 1, '2021-06-11 14:12:18'),
(109, 11, 16, 'work-submission-accepted', '{\"SENDER_NAME\":\"Originatesoft\",\"RECEIVER_NAME\":\"Asim Patra\",\"TITLE\":\"Convert Byte Array to String and Back in Java\",\"CONTRACT_TITLE\":\"Contract: Convert Byte Array to String and Back in Java\",\"MILESTONE_TITLE\":\"First milestone\",\"WORK_URL\":\"https:\\/\\/scriptlisting.com\\/upwork\\/contract\\/milestone\\/37693cfc748049e45d87b8c7d8b9aacd\"}', 'contract/milestone/37693cfc748049e45d87b8c7d8b9aacd', 1, '2021-06-11 14:12:34'),
(110, 11, 16, 'new-milestone-initiate', '{\"SENDER_NAME\":\"Originatesoft\",\"RECEIVER_NAME\":\"Asim Patra\",\"CONTRACT_TITLE\":\"Contract: Convert Byte Array to String and Back in Java\",\"MILESTONE_TITLE\":\"Second Milestone\",\"TITLE\":\"Convert Byte Array to String and Back in Java\",\"WORK_URL\":\"https:\\/\\/scriptlisting.com\\/upwork\\/contract\\/details\\/98f13708210194c475687be6106a3b84\"}', 'contract/details/98f13708210194c475687be6106a3b84', 0, '2021-06-11 14:18:22'),
(111, 11, 16, 'new-dispute-contract', '{\"SENDER_NAME\":\"Originatesoft\",\"RECEIVER_NAME\":\"Asim Patra\",\"TITLE\":\"Convert Byte Array to String and Back in Java\",\"CONTRACT_TITLE\":\"Contract: Convert Byte Array to String and Back in Java\",\"MILESTONE_TITLE\":\"Second Milestone\",\"WORK_URL\":\"https:\\/\\/scriptlisting.com\\/upwork\\/contract\\/details\\/98f13708210194c475687be6106a3b84\"}', 'contract/details/98f13708210194c475687be6106a3b84', 0, '2021-06-11 14:19:28'),
(112, 11, 16, 'dispute-offer', '{\"SENDER_NAME\":\"Originatesoft\",\"RECEIVER_NAME\":\"Asim Patra\",\"TITLE\":\"Convert Byte Array to String and Back in Java\",\"CONTRACT_TITLE\":\"Contract: Convert Byte Array to String and Back in Java\",\"MILESTONE_TITLE\":\"Second Milestone\",\"DISPUTE_URL\":\"https:\\/\\/scriptlisting.com\\/upwork\\/contract\\/disputedetails\\/1ff1de774005f8da13f42943881c655f\"}', 'contract/disputedetails/1ff1de774005f8da13f42943881c655f', 1, '2021-06-11 14:22:53'),
(113, 16, 11, 'dispute-offer', '{\"SENDER_NAME\":\"Asim Patra\",\"RECEIVER_NAME\":\"Originatesoft\",\"TITLE\":\"Convert Byte Array to String and Back in Java\",\"CONTRACT_TITLE\":\"Contract: Convert Byte Array to String and Back in Java\",\"MILESTONE_TITLE\":\"Second Milestone\",\"DISPUTE_URL\":\"https:\\/\\/scriptlisting.com\\/upwork\\/contract\\/disputedetails\\/1ff1de774005f8da13f42943881c655f\"}', 'contract/disputedetails/1ff1de774005f8da13f42943881c655f', 1, '2021-06-11 14:24:13'),
(114, 11, 16, 'dispute-resolve', '{\"SENDER_NAME\":\"Originatesoft\",\"RECEIVER_NAME\":\"Asim Patra\",\"TITLE\":\"Convert Byte Array to String and Back in Java\",\"CONTRACT_TITLE\":\"Contract: Convert Byte Array to String and Back in Java\",\"MILESTONE_TITLE\":\"Second Milestone\",\"DISPUTE_URL\":\"https:\\/\\/scriptlisting.com\\/upwork\\/contract\\/disputedetails\\/1ff1de774005f8da13f42943881c655f\"}', 'contract/disputedetails/1ff1de774005f8da13f42943881c655f', 1, '2021-06-11 14:30:30'),
(115, 11, 16, 'end-contract', '{\"SENDER_NAME\":\"Originatesoft\",\"RECEIVER_NAME\":\"Asim Patra\",\"TITLE\":\"Convert Byte Array to String and Back in Java\",\"CONTRACT_TITLE\":\"Contract: Convert Byte Array to String and Back in Java\",\"WORK_URL\":\"https:\\/\\/scriptlisting.com\\/upwork\\/contract\\/term\\/98f13708210194c475687be6106a3b84\"}', 'contract/term/98f13708210194c475687be6106a3b84', 1, '2021-06-11 14:30:59'),
(116, 16, 11, 'end-contract', '{\"SENDER_NAME\":\"Asim Patra\",\"RECEIVER_NAME\":\"Originatesoft\",\"TITLE\":\"Convert Byte Array to String and Back in Java\",\"CONTRACT_TITLE\":\"Contract: Convert Byte Array to String and Back in Java\",\"WORK_URL\":\"https:\\/\\/scriptlisting.com\\/upwork\\/contract\\/term\\/98f13708210194c475687be6106a3b84\"}', 'contract/term/98f13708210194c475687be6106a3b84', 0, '2021-06-11 14:32:05'),
(117, 11, 1, 'new-project-offer', '{\"SENDER_NAME\":\"Originatesoft\",\"RECEIVER_NAME\":\"Asharam Pakhira New\",\"TITLE\":\"Customer Service Agent\",\"OFFER_URL\":\"https:\\/\\/scriptlisting.com\\/upwork\\/contract\\/offer\\/3c59dc048e8850243be8079a5c74d079\"}', 'contract/offer/3c59dc048e8850243be8079a5c74d079', 1, '2021-06-12 12:58:58'),
(118, 11, 16, 'project-invitation', '{\"SENDER_NAME\":\"Originatesoft\",\"RECEIVER_NAME\":\"Asim Patra\",\"TITLE\":\"Customer Service Agent\",\"URL\":\"https:\\/\\/scriptlisting.com\\/upwork\\/p\\/customer-service-agent\"}', 'p/customer-service-agent', 1, '2021-06-14 16:55:45'),
(119, 16, 11, 'new-proposal', '{\"SENDER_NAME\":\"Asim Patra\",\"RECEIVER_NAME\":\"Originatesoft\",\"TITLE\":\"TESTING\",\"PROJECT_URL\":\"https:\\/\\/scriptlisting.com\\/upwork\\/p\\/testing\"}', 'p/testing', 1, '2021-06-15 15:21:01'),
(120, 16, 11, 'end-contract', '{\"SENDER_NAME\":\"Asim Patra\",\"RECEIVER_NAME\":\"Originatesoft\",\"TITLE\":\"Cryptocurrency Expert Needed For Freelancer Marketplace\",\"CONTRACT_TITLE\":\"Cryptocurrency Expert Needed For Freelancer Marketplace\",\"WORK_URL\":\"https:\\/\\/scriptlisting.com\\/upwork\\/contract\\/term\\/c9f0f895fb98ab9159f51fd0297e236d\"}', 'contract/term/c9f0f895fb98ab9159f51fd0297e236d', 0, '2021-06-18 19:33:45'),
(121, 16, 11, 'project-offer-accepted', '{\"SENDER_NAME\":\"Asim Patra\",\"RECEIVER_NAME\":\"Originatesoft\",\"TITLE\":\"web development site\",\"OFFER_URL\":\"https:\\/\\/scriptlisting.com\\/upwork\\/contract\\/offer\\/c51ce410c124a10e0db5e4b97fc2af39\"}', 'contract/offer/c51ce410c124a10e0db5e4b97fc2af39', 1, '2021-06-22 10:27:47'),
(122, 11, 16, 'new-project-offer', '{\"SENDER_NAME\":\"Originatesoft\",\"RECEIVER_NAME\":\"Asim Patra\",\"TITLE\":\"Convert Byte Array to String and Back in Java\",\"OFFER_URL\":\"https:\\/\\/scriptlisting.com\\/upwork\\/contract\\/offer\\/b6d767d2f8ed5d21a44b0e5886680cb9\"}', 'contract/offer/b6d767d2f8ed5d21a44b0e5886680cb9', 1, '2021-06-25 14:11:50');
INSERT INTO `pref_member_notifications` (`notification_id`, `notification_from`, `notification_to`, `notification_template_key`, `template_data`, `link`, `read_status`, `sent_date`) VALUES
(123, 16, 11, 'project-offer-accepted', '{\"SENDER_NAME\":\"Asim Patra\",\"RECEIVER_NAME\":\"Originatesoft\",\"TITLE\":\"Convert Byte Array to String and Back in Java\",\"OFFER_URL\":\"https:\\/\\/scriptlisting.com\\/upwork\\/contract\\/offer\\/b6d767d2f8ed5d21a44b0e5886680cb9\"}', 'contract/offer/b6d767d2f8ed5d21a44b0e5886680cb9', 0, '2021-06-29 16:06:28'),
(124, 11, 16, 'project-invitation', '{\"SENDER_NAME\":\"Workwork\",\"RECEIVER_NAME\":\"Asim Patra\",\"TITLE\":\"I need webdesigner - 01\",\"URL\":\"https:\\/\\/scriptlisting.com\\/upwork\\/p\\/i-need-webdesigner-01\"}', 'p/i-need-webdesigner-01', 1, '2021-07-07 16:55:56'),
(125, 16, 11, 'new-proposal', '{\"SENDER_NAME\":\"Asim Patra\",\"RECEIVER_NAME\":\"Workwork\",\"TITLE\":\"I need webdesigner - 01\",\"PROJECT_URL\":\"https:\\/\\/scriptlisting.com\\/upwork\\/p\\/i-need-webdesigner-01\"}', 'p/i-need-webdesigner-01', 1, '2021-07-07 16:57:40'),
(126, 11, 16, 'new-project-offer', '{\"SENDER_NAME\":\"Workwork\",\"RECEIVER_NAME\":\"Asim Patra\",\"TITLE\":\"I need webdesigner - 01\",\"OFFER_URL\":\"https:\\/\\/scriptlisting.com\\/upwork\\/contract\\/offer\\/37693cfc748049e45d87b8c7d8b9aacd\"}', 'contract/offer/37693cfc748049e45d87b8c7d8b9aacd', 1, '2021-07-07 17:01:14'),
(127, 16, 11, 'project-offer-accepted', '{\"SENDER_NAME\":\"Asim Patra\",\"RECEIVER_NAME\":\"Workwork\",\"TITLE\":\"I need webdesigner - 01\",\"OFFER_URL\":\"https:\\/\\/scriptlisting.com\\/upwork\\/contract\\/offer\\/37693cfc748049e45d87b8c7d8b9aacd\"}', 'contract/offer/37693cfc748049e45d87b8c7d8b9aacd', 1, '2021-07-07 17:02:06'),
(128, 16, 11, 'project-offer-accepted', '{\"SENDER_NAME\":\"Asim Patra\",\"RECEIVER_NAME\":\"Workwork\",\"TITLE\":\"Technical Support\",\"OFFER_URL\":\"https:\\/\\/scriptlisting.com\\/upwork\\/contract\\/offer\\/c20ad4d76fe97759aa27a0c99bff6710\"}', 'contract/offer/c20ad4d76fe97759aa27a0c99bff6710', 1, '2021-07-14 08:07:30'),
(129, 1, 11, 'project-offer-rejected', '{\"SENDER_NAME\":\"Asharam Pakhira New\",\"RECEIVER_NAME\":\"Workwork\",\"TITLE\":\"Customer Service Agent\",\"OFFER_URL\":\"https:\\/\\/scriptlisting.com\\/upwork\\/contract\\/offer\\/3c59dc048e8850243be8079a5c74d079\"}', 'contract/offer/3c59dc048e8850243be8079a5c74d079', 1, '2021-07-28 11:22:59'),
(130, 11, 16, 'project-invitation', '{\"SENDER_NAME\":\"Workwork\",\"RECEIVER_NAME\":\"Asim Patra\",\"TITLE\":\"Create Static Samples of PDF and EMail Layouts\",\"URL\":\"https:\\/\\/demo.upworkclonescript.com\\/p\\/create-static-samples-of-pdf-and-email-layouts\"}', 'p/create-static-samples-of-pdf-and-email-layouts', 1, '2021-08-08 16:12:17'),
(131, 1, 11, 'new-proposal', '{\"SENDER_NAME\":\"Asharam Pakhira New\",\"RECEIVER_NAME\":\"Workwork\",\"TITLE\":\"Technical Support\",\"PROJECT_URL\":\"https:\\/\\/demo.upworkclonescript.com\\/p\\/technical-support\"}', 'p/technical-support', 1, '2021-09-13 15:40:09'),
(132, 1, 11, 'new-proposal', '{\"SENDER_NAME\":\"Asharam Pakhira New\",\"RECEIVER_NAME\":\"Workwork\",\"TITLE\":\"POS development\",\"PROJECT_URL\":\"https:\\/\\/demo.upworkclonescript.com\\/p\\/pos-development\"}', 'p/pos-development', 1, '2021-09-14 07:18:57'),
(133, 11, 15, 'project-invitation', '{\"SENDER_NAME\":\"Workwork\",\"RECEIVER_NAME\":\"Asish Per\",\"TITLE\":\"POS development\",\"URL\":\"https:\\/\\/www.demo.bestupworkscript.com\\/p\\/pos-development\"}', 'p/pos-development', 0, '2021-10-01 10:36:39'),
(134, 11, 17, 'project-invitation', '{\"SENDER_NAME\":\"Workwork\",\"RECEIVER_NAME\":\"Somya Patra\",\"TITLE\":\"666\",\"URL\":\"https:\\/\\/demo.bestupworkscript.com\\/p\\/666\"}', 'p/666', 0, '2021-11-12 22:18:44'),
(135, 11, 15, 'project-invitation', '{\"SENDER_NAME\":\"Workwork\",\"RECEIVER_NAME\":\"Asish Per\",\"TITLE\":\"666\",\"URL\":\"https:\\/\\/demo.bestupworkscript.com\\/p\\/666\"}', 'p/666', 0, '2021-11-12 22:18:59'),
(136, 11, 17, 'project-invitation', '{\"SENDER_NAME\":\"Workwork\",\"RECEIVER_NAME\":\"Somya Patra\",\"TITLE\":\"666\",\"URL\":\"https:\\/\\/demo.bestupworkscript.com\\/p\\/666\"}', 'p/666', 0, '2021-11-12 22:25:06'),
(137, 11, 16, 'project-invitation', '{\"SENDER_NAME\":\"Workwork\",\"RECEIVER_NAME\":\"Asim Patra\",\"TITLE\":\"POS development\",\"URL\":\"https:\\/\\/upwork.scriptlisting.com\\/p\\/pos-development\"}', 'p/pos-development', 1, '2021-12-04 11:32:45'),
(138, 16, 11, 'new-proposal', '{\"SENDER_NAME\":\"Asim Patra\",\"RECEIVER_NAME\":\"Workwork\",\"TITLE\":\"POS development\",\"PROJECT_URL\":\"https:\\/\\/upwork.scriptlisting.com\\/p\\/pos-development\"}', 'p/pos-development', 1, '2021-12-04 11:33:46'),
(139, 16, 11, 'new-proposal', '{\"SENDER_NAME\":\"Asim Patra\",\"RECEIVER_NAME\":\"Workwork\",\"TITLE\":\"Woocommerce expert required for payment system modification\",\"PROJECT_URL\":\"https:\\/\\/upwork.scriptlisting.com\\/p\\/woocommerce-expert-required-for-payment-system-modification\"}', 'p/woocommerce-expert-required-for-payment-system-modification', 1, '2021-12-07 15:19:41'),
(140, 11, 16, 'new-project-offer', '{\"SENDER_NAME\":\"Workwork\",\"RECEIVER_NAME\":\"Asim Patra\",\"TITLE\":\"Woocommerce expert required for payment system modification\",\"OFFER_URL\":\"https:\\/\\/upwork.scriptlisting.com\\/contract\\/offer\\/1ff1de774005f8da13f42943881c655f\"}', 'contract/offer/1ff1de774005f8da13f42943881c655f', 1, '2021-12-07 15:30:11'),
(141, 16, 11, 'project-offer-accepted', '{\"SENDER_NAME\":\"Asim Patra\",\"RECEIVER_NAME\":\"Workwork\",\"TITLE\":\"Woocommerce expert required for payment system modification\",\"OFFER_URL\":\"https:\\/\\/upwork.scriptlisting.com\\/contract\\/offer\\/1ff1de774005f8da13f42943881c655f\"}', 'contract/offer/1ff1de774005f8da13f42943881c655f', 1, '2021-12-07 15:30:54'),
(142, 16, 11, 'work-submission', '{\"SENDER_NAME\":\"Asim Patra\",\"RECEIVER_NAME\":\"Workwork\",\"TITLE\":\"Woocommerce expert required for payment system modification\",\"CONTRACT_TITLE\":\"Contact title Woocommerce expert required for payment system modification\",\"MILESTONE_TITLE\":\"UI\\/UX\",\"WORK_URL\":\"https:\\/\\/upwork.scriptlisting.com\\/contract\\/milestone\\/4e732ced3463d06de0ca9a15b6153677\"}', 'contract/milestone/4e732ced3463d06de0ca9a15b6153677', 1, '2021-12-07 15:36:40'),
(143, 11, 16, 'work-submission-rejected', '{\"SENDER_NAME\":\"Workwork\",\"RECEIVER_NAME\":\"Asim Patra\",\"TITLE\":\"Woocommerce expert required for payment system modification\",\"CONTRACT_TITLE\":\"Contact title Woocommerce expert required for payment system modification\",\"MILESTONE_TITLE\":\"UI\\/UX\",\"WORK_URL\":\"https:\\/\\/upwork.scriptlisting.com\\/contract\\/milestone\\/4e732ced3463d06de0ca9a15b6153677\",\"REJECT_REASON\":\"Lorem Ipsum is simply dummy text of the printing and typesetting industry. Lorem Ipsum has been the industry\'s standard dummy text ever since the 1500s, when an unknown printer took a galley of type and scrambled it to make a type specimen book. It has survived not only five centuries, but also the leap into electronic typesetting, remaining essentially unchanged. It was popularised in the 1960s with the release.\"}', 'contract/milestone/4e732ced3463d06de0ca9a15b6153677', 1, '2021-12-07 15:37:44'),
(144, 16, 11, 'work-submission', '{\"SENDER_NAME\":\"Asim Patra\",\"RECEIVER_NAME\":\"Workwork\",\"TITLE\":\"Woocommerce expert required for payment system modification\",\"CONTRACT_TITLE\":\"Contact title Woocommerce expert required for payment system modification\",\"MILESTONE_TITLE\":\"UI\\/UX\",\"WORK_URL\":\"https:\\/\\/upwork.scriptlisting.com\\/contract\\/milestone\\/4e732ced3463d06de0ca9a15b6153677\"}', 'contract/milestone/4e732ced3463d06de0ca9a15b6153677', 1, '2021-12-07 15:38:52'),
(145, 11, 16, 'work-submission-accepted', '{\"SENDER_NAME\":\"Workwork\",\"RECEIVER_NAME\":\"Asim Patra\",\"TITLE\":\"Woocommerce expert required for payment system modification\",\"CONTRACT_TITLE\":\"Contact title Woocommerce expert required for payment system modification\",\"MILESTONE_TITLE\":\"UI\\/UX\",\"WORK_URL\":\"https:\\/\\/upwork.scriptlisting.com\\/contract\\/milestone\\/4e732ced3463d06de0ca9a15b6153677\"}', 'contract/milestone/4e732ced3463d06de0ca9a15b6153677', 1, '2021-12-07 15:39:24'),
(146, 11, 16, 'new-milestone-initiate', '{\"SENDER_NAME\":\"Workwork\",\"RECEIVER_NAME\":\"Asim Patra\",\"CONTRACT_TITLE\":\"Contact title Woocommerce expert required for payment system modification\",\"MILESTONE_TITLE\":\"First milestone\",\"TITLE\":\"Woocommerce expert required for payment system modification\",\"WORK_URL\":\"https:\\/\\/upwork.scriptlisting.com\\/contract\\/details\\/1ff1de774005f8da13f42943881c655f\"}', 'contract/details/1ff1de774005f8da13f42943881c655f', 1, '2021-12-07 15:41:33'),
(147, 11, 16, 'new-milestone-initiate', '{\"SENDER_NAME\":\"Workwork\",\"RECEIVER_NAME\":\"Asim Patra\",\"CONTRACT_TITLE\":\"Contact title Woocommerce expert required for payment system modification\",\"MILESTONE_TITLE\":\"Second Milestone\",\"TITLE\":\"Woocommerce expert required for payment system modification\",\"WORK_URL\":\"https:\\/\\/upwork.scriptlisting.com\\/contract\\/details\\/1ff1de774005f8da13f42943881c655f\"}', 'contract/details/1ff1de774005f8da13f42943881c655f', 0, '2021-12-07 15:57:27'),
(148, 11, 16, 'new-dispute-contract', '{\"SENDER_NAME\":\"Workwork\",\"RECEIVER_NAME\":\"Asim Patra\",\"TITLE\":\"Woocommerce expert required for payment system modification\",\"CONTRACT_TITLE\":\"Contact title Woocommerce expert required for payment system modification\",\"MILESTONE_TITLE\":\"Second Milestone\",\"WORK_URL\":\"https:\\/\\/upwork.scriptlisting.com\\/contract\\/details\\/1ff1de774005f8da13f42943881c655f\"}', 'contract/details/1ff1de774005f8da13f42943881c655f', 1, '2021-12-07 16:00:04'),
(149, 16, 11, 'dispute-offer', '{\"SENDER_NAME\":\"Asim Patra\",\"RECEIVER_NAME\":\"Workwork\",\"TITLE\":\"Woocommerce expert required for payment system modification\",\"CONTRACT_TITLE\":\"Contact title Woocommerce expert required for payment system modification\",\"MILESTONE_TITLE\":\"Second Milestone\",\"DISPUTE_URL\":\"https:\\/\\/upwork.scriptlisting.com\\/contract\\/disputedetails\\/33e75ff09dd601bbe69f351039152189\"}', 'contract/disputedetails/33e75ff09dd601bbe69f351039152189', 1, '2021-12-07 16:01:42'),
(150, 11, 16, 'dispute-offer', '{\"SENDER_NAME\":\"Workwork\",\"RECEIVER_NAME\":\"Asim Patra\",\"TITLE\":\"Woocommerce expert required for payment system modification\",\"CONTRACT_TITLE\":\"Contact title Woocommerce expert required for payment system modification\",\"MILESTONE_TITLE\":\"Second Milestone\",\"DISPUTE_URL\":\"https:\\/\\/upwork.scriptlisting.com\\/contract\\/disputedetails\\/33e75ff09dd601bbe69f351039152189\"}', 'contract/disputedetails/33e75ff09dd601bbe69f351039152189', 1, '2021-12-07 16:02:56'),
(151, 16, 11, 'dispute-resolve', '{\"SENDER_NAME\":\"Asim Patra\",\"RECEIVER_NAME\":\"Workwork\",\"TITLE\":\"Woocommerce expert required for payment system modification\",\"CONTRACT_TITLE\":\"Contact title Woocommerce expert required for payment system modification\",\"MILESTONE_TITLE\":\"Second Milestone\",\"DISPUTE_URL\":\"https:\\/\\/upwork.scriptlisting.com\\/contract\\/disputedetails\\/33e75ff09dd601bbe69f351039152189\"}', 'contract/disputedetails/33e75ff09dd601bbe69f351039152189', 0, '2021-12-07 16:03:16'),
(152, 16, 11, 'work-submission', '{\"SENDER_NAME\":\"Asim Patra\",\"RECEIVER_NAME\":\"Workwork\",\"TITLE\":\"Woocommerce expert required for payment system modification\",\"CONTRACT_TITLE\":\"Contact title Woocommerce expert required for payment system modification\",\"MILESTONE_TITLE\":\"First milestone\",\"WORK_URL\":\"https:\\/\\/upwork.scriptlisting.com\\/contract\\/milestone\\/02e74f10e0327ad868d138f2b4fdd6f0\"}', 'contract/milestone/02e74f10e0327ad868d138f2b4fdd6f0', 1, '2021-12-07 16:05:44'),
(153, 11, 16, 'work-submission-accepted', '{\"SENDER_NAME\":\"Workwork\",\"RECEIVER_NAME\":\"Asim Patra\",\"TITLE\":\"Woocommerce expert required for payment system modification\",\"CONTRACT_TITLE\":\"Contact title Woocommerce expert required for payment system modification\",\"MILESTONE_TITLE\":\"First milestone\",\"WORK_URL\":\"https:\\/\\/upwork.scriptlisting.com\\/contract\\/milestone\\/02e74f10e0327ad868d138f2b4fdd6f0\"}', 'contract/milestone/02e74f10e0327ad868d138f2b4fdd6f0', 0, '2021-12-07 16:05:54'),
(154, 11, 16, 'end-contract', '{\"SENDER_NAME\":\"Workwork\",\"RECEIVER_NAME\":\"Asim Patra\",\"TITLE\":\"Woocommerce expert required for payment system modification\",\"CONTRACT_TITLE\":\"Contact title Woocommerce expert required for payment system modification\",\"WORK_URL\":\"https:\\/\\/upwork.scriptlisting.com\\/contract\\/term\\/1ff1de774005f8da13f42943881c655f\"}', 'contract/term/1ff1de774005f8da13f42943881c655f', 1, '2021-12-07 16:06:45'),
(155, 16, 11, 'end-contract', '{\"SENDER_NAME\":\"Asim Patra\",\"RECEIVER_NAME\":\"Workwork\",\"TITLE\":\"Woocommerce expert required for payment system modification\",\"CONTRACT_TITLE\":\"Contact title Woocommerce expert required for payment system modification\",\"WORK_URL\":\"https:\\/\\/upwork.scriptlisting.com\\/contract\\/term\\/1ff1de774005f8da13f42943881c655f\"}', 'contract/term/1ff1de774005f8da13f42943881c655f', 1, '2021-12-07 16:07:19'),
(156, 11, 1, 'new-project-offer', '{\"SENDER_NAME\":\"Workwork\",\"RECEIVER_NAME\":\"Asharam Pakhira New\",\"TITLE\":\"Woocommerce expert required for payment system modification\",\"OFFER_URL\":\"https:\\/\\/upwork.scriptlisting.com\\/contract\\/offer\\/8e296a067a37563370ded05f5a3bf3ec\"}', 'contract/offer/8e296a067a37563370ded05f5a3bf3ec', 1, '2021-12-30 16:14:40'),
(157, 11, 16, 'project-invitation', '{\"SENDER_NAME\":\"Workwork\",\"RECEIVER_NAME\":\"Asim Patra\",\"TITLE\":\"test\",\"URL\":\"https:\\/\\/upwork.scriptlisting.com\\/p\\/test-1\"}', 'p/test-1', 0, '2022-01-12 21:24:39'),
(158, 1, 11, 'new-proposal', '{\"SENDER_NAME\":\"Asharam Pakhira New\",\"RECEIVER_NAME\":\"Workwork\",\"TITLE\":\"Blog Post Mini Storage\",\"PROJECT_URL\":\"https:\\/\\/upwork.scriptlisting.com\\/p\\/blog-post-mini-storage\"}', 'p/blog-post-mini-storage', 1, '2022-02-09 05:09:51'),
(159, 11, 1, 'new-project-offer', '{\"SENDER_NAME\":\"Workwork\",\"RECEIVER_NAME\":\"Asharam Pakhira New\",\"TITLE\":\"Blog Post Mini Storage\",\"OFFER_URL\":\"https:\\/\\/upwork.scriptlisting.com\\/contract\\/offer\\/4e732ced3463d06de0ca9a15b6153677\"}', 'contract/offer/4e732ced3463d06de0ca9a15b6153677', 1, '2022-02-09 05:19:04'),
(160, 1, 11, 'project-offer-accepted', '{\"SENDER_NAME\":\"Asharam Pakhira New\",\"RECEIVER_NAME\":\"Workwork\",\"TITLE\":\"Blog Post Mini Storage\",\"OFFER_URL\":\"https:\\/\\/upwork.scriptlisting.com\\/contract\\/offer\\/4e732ced3463d06de0ca9a15b6153677\"}', 'contract/offer/4e732ced3463d06de0ca9a15b6153677', 1, '2022-02-09 05:19:31'),
(161, 1, 11, 'work-submission', '{\"SENDER_NAME\":\"Asharam Pakhira New\",\"RECEIVER_NAME\":\"Workwork\",\"TITLE\":\"Blog Post Mini Storage\",\"CONTRACT_TITLE\":\"Blog Post Mini Storage\",\"MILESTONE_TITLE\":\"Blog Post Mini Storage\",\"WORK_URL\":\"https:\\/\\/upwork.scriptlisting.com\\/contract\\/milestone\\/34173cb38f07f89ddbebc2ac9128303f\"}', 'contract/milestone/34173cb38f07f89ddbebc2ac9128303f', 1, '2022-02-09 05:22:53'),
(162, 11, 1, 'work-submission-accepted', '{\"SENDER_NAME\":\"Workwork\",\"RECEIVER_NAME\":\"Asharam Pakhira New\",\"TITLE\":\"Blog Post Mini Storage\",\"CONTRACT_TITLE\":\"Blog Post Mini Storage\",\"MILESTONE_TITLE\":\"Blog Post Mini Storage\",\"WORK_URL\":\"https:\\/\\/upwork.scriptlisting.com\\/contract\\/milestone\\/34173cb38f07f89ddbebc2ac9128303f\"}', 'contract/milestone/34173cb38f07f89ddbebc2ac9128303f', 1, '2022-02-09 05:23:19'),
(163, 11, 1, 'end-contract', '{\"SENDER_NAME\":\"Workwork\",\"RECEIVER_NAME\":\"Asharam Pakhira New\",\"TITLE\":\"Blog Post Mini Storage\",\"CONTRACT_TITLE\":\"Blog Post Mini Storage\",\"WORK_URL\":\"https:\\/\\/upwork.scriptlisting.com\\/contract\\/term\\/4e732ced3463d06de0ca9a15b6153677\"}', 'contract/term/4e732ced3463d06de0ca9a15b6153677', 1, '2022-02-09 05:24:13'),
(164, 1, 11, 'end-contract', '{\"SENDER_NAME\":\"Asharam Pakhira New\",\"RECEIVER_NAME\":\"Workwork\",\"TITLE\":\"Blog Post Mini Storage\",\"CONTRACT_TITLE\":\"Blog Post Mini Storage\",\"WORK_URL\":\"https:\\/\\/upwork.scriptlisting.com\\/contract\\/term\\/4e732ced3463d06de0ca9a15b6153677\"}', 'contract/term/4e732ced3463d06de0ca9a15b6153677', 1, '2022-02-09 05:25:22'),
(165, 1, 11, 'new-proposal', '{\"SENDER_NAME\":\"Asharam Pakhira New\",\"RECEIVER_NAME\":\"Workwork\",\"TITLE\":\"Content writer - food category\",\"PROJECT_URL\":\"https:\\/\\/upwork.scriptlisting.com\\/p\\/content-writer-food-category\"}', 'p/content-writer-food-category', 1, '2022-02-09 05:34:59'),
(166, 11, 1, 'new-project-offer', '{\"SENDER_NAME\":\"Workwork\",\"RECEIVER_NAME\":\"Asharam Pakhira New\",\"TITLE\":\"Content writer - food category\",\"OFFER_URL\":\"https:\\/\\/upwork.scriptlisting.com\\/contract\\/offer\\/02e74f10e0327ad868d138f2b4fdd6f0\"}', 'contract/offer/02e74f10e0327ad868d138f2b4fdd6f0', 1, '2022-02-09 05:37:06'),
(167, 1, 11, 'project-offer-accepted', '{\"SENDER_NAME\":\"Asharam Pakhira New\",\"RECEIVER_NAME\":\"Workwork\",\"TITLE\":\"Content writer - food category\",\"OFFER_URL\":\"https:\\/\\/upwork.scriptlisting.com\\/contract\\/offer\\/02e74f10e0327ad868d138f2b4fdd6f0\"}', 'contract/offer/02e74f10e0327ad868d138f2b4fdd6f0', 0, '2022-02-09 05:37:24'),
(168, 1, 11, 'hourly-work-submission', '{\"SENDER_NAME\":\"Asharam Pakhira New\",\"RECEIVER_NAME\":\"Workwork\",\"TITLE\":\"Content writer - food category\",\"CONTRACT_TITLE\":\"Content writer - food category\",\"WORK_URL\":\"https:\\/\\/upwork.scriptlisting.com\\/workroom\\/worklog\\/02e74f10e0327ad868d138f2b4fdd6f0\"}', 'workroom/worklog/02e74f10e0327ad868d138f2b4fdd6f0', 1, '2022-02-09 05:39:17'),
(169, 11, 1, 'hourly-work-submission-rejected', '{\"SENDER_NAME\":\"Workwork\",\"RECEIVER_NAME\":\"Asharam Pakhira New\",\"TITLE\":\"Content writer - food category\",\"CONTRACT_TITLE\":\"Content writer - food category\",\"WORK_URL\":\"https:\\/\\/upwork.scriptlisting.com\\/workroom\\/worklog\\/02e74f10e0327ad868d138f2b4fdd6f0\",\"REJECT_REASON\":\"still lacking some modifications\"}', 'workroom/worklog/02e74f10e0327ad868d138f2b4fdd6f0', 1, '2022-02-09 05:41:55'),
(170, 1, 11, 'project-offer-rejected', '{\"SENDER_NAME\":\"Asharam Pakhira New\",\"RECEIVER_NAME\":\"Workwork\",\"TITLE\":\"Woocommerce expert required for payment system modification\",\"OFFER_URL\":\"https:\\/\\/upwork.scriptlisting.com\\/contract\\/offer\\/8e296a067a37563370ded05f5a3bf3ec\"}', 'contract/offer/8e296a067a37563370ded05f5a3bf3ec', 1, '2022-02-09 09:45:20'),
(171, 1, 11, 'hourly-work-submission', '{\"SENDER_NAME\":\"Asharam Pakhira New\",\"RECEIVER_NAME\":\"Workwork\",\"TITLE\":\"Content writer - food category\",\"CONTRACT_TITLE\":\"Content writer - food category\",\"WORK_URL\":\"https:\\/\\/upwork.scriptlisting.com\\/workroom\\/worklog\\/02e74f10e0327ad868d138f2b4fdd6f0\"}', 'workroom/worklog/02e74f10e0327ad868d138f2b4fdd6f0', 1, '2022-02-09 13:06:23'),
(172, 11, 1, 'hourly-work-submission-accepted', '{\"SENDER_NAME\":\"Workwork\",\"RECEIVER_NAME\":\"Asharam Pakhira New\",\"TITLE\":\"Content writer - food category\",\"CONTRACT_TITLE\":\"Content writer - food category\",\"WORK_URL\":\"https:\\/\\/upwork.scriptlisting.com\\/workroom\\/worklog\\/02e74f10e0327ad868d138f2b4fdd6f0\"}', 'workroom/worklog/02e74f10e0327ad868d138f2b4fdd6f0', 1, '2022-02-09 13:07:02'),
(173, 1, 11, 'new-invoice-request', '{\"SENDER_NAME\":\"Asharam Pakhira New\",\"RECEIVER_NAME\":\"Workwork\",\"TITLE\":\"Content writer - food category\",\"CONTRACT_TITLE\":\"Content writer - food category\",\"WORK_URL\":\"https:\\/\\/upwork.scriptlisting.com\\/workroom\\/worklog\\/02e74f10e0327ad868d138f2b4fdd6f0\"}', 'workroom/worklog/02e74f10e0327ad868d138f2b4fdd6f0', 1, '2022-02-09 13:08:48'),
(174, 11, 1, 'hourly-invoice-accepted', '{\"SENDER_NAME\":\"Workwork\",\"RECEIVER_NAME\":\"Asharam Pakhira New\",\"TITLE\":\"Content writer - food category\",\"CONTRACT_TITLE\":\"Content writer - food category\",\"INVOICE_URL\":\"https:\\/\\/upwork.scriptlisting.com\\/invoice\\/details\\/c16a5320fa475530d9583c34fd356ef5\",\"WORK_URL\":\"https:\\/\\/upwork.scriptlisting.com\\/workroom\\/worklog\\/02e74f10e0327ad868d138f2b4fdd6f0\"}', 'workroom/worklog/02e74f10e0327ad868d138f2b4fdd6f0', 0, '2022-02-09 13:09:22'),
(175, 11, 1, 'pause-contract', '{\"SENDER_NAME\":\"Workwork\",\"RECEIVER_NAME\":\"Asharam Pakhira New\",\"TITLE\":\"Content writer - food category\",\"CONTRACT_TITLE\":\"Content writer - food category\",\"WORK_URL\":\"https:\\/\\/upwork.scriptlisting.com\\/workroom\\/details\\/02e74f10e0327ad868d138f2b4fdd6f0\"}', 'workroom/details/02e74f10e0327ad868d138f2b4fdd6f0', 1, '2022-02-09 13:11:55'),
(176, 11, 1, 'resume-contract', '{\"SENDER_NAME\":\"Workwork\",\"RECEIVER_NAME\":\"Asharam Pakhira New\",\"TITLE\":\"Content writer - food category\",\"CONTRACT_TITLE\":\"Content writer - food category\",\"WORK_URL\":\"https:\\/\\/upwork.scriptlisting.com\\/workroom\\/details\\/02e74f10e0327ad868d138f2b4fdd6f0\"}', 'workroom/details/02e74f10e0327ad868d138f2b4fdd6f0', 0, '2022-02-09 13:12:18'),
(177, 1, 11, 'hourly-work-submission', '{\"SENDER_NAME\":\"Asharam Pakhira New\",\"RECEIVER_NAME\":\"Workwork\",\"TITLE\":\"Content writer - food category\",\"CONTRACT_TITLE\":\"Content writer - food category\",\"WORK_URL\":\"https:\\/\\/upwork.scriptlisting.com\\/workroom\\/worklog\\/02e74f10e0327ad868d138f2b4fdd6f0\"}', 'workroom/worklog/02e74f10e0327ad868d138f2b4fdd6f0', 0, '2022-02-09 13:21:11'),
(178, 11, 1, 'hourly-work-submission-accepted', '{\"SENDER_NAME\":\"Workwork\",\"RECEIVER_NAME\":\"Asharam Pakhira New\",\"TITLE\":\"Content writer - food category\",\"CONTRACT_TITLE\":\"Content writer - food category\",\"WORK_URL\":\"https:\\/\\/upwork.scriptlisting.com\\/workroom\\/worklog\\/02e74f10e0327ad868d138f2b4fdd6f0\"}', 'workroom/worklog/02e74f10e0327ad868d138f2b4fdd6f0', 0, '2022-02-09 13:21:36'),
(179, 1, 11, 'new-invoice-request', '{\"SENDER_NAME\":\"Asharam Pakhira New\",\"RECEIVER_NAME\":\"Workwork\",\"TITLE\":\"Content writer - food category\",\"CONTRACT_TITLE\":\"Content writer - food category\",\"WORK_URL\":\"https:\\/\\/upwork.scriptlisting.com\\/workroom\\/worklog\\/02e74f10e0327ad868d138f2b4fdd6f0\"}', 'workroom/worklog/02e74f10e0327ad868d138f2b4fdd6f0', 0, '2022-02-09 13:22:24'),
(180, 11, 1, 'hourly-invoice-accepted', '{\"SENDER_NAME\":\"Workwork\",\"RECEIVER_NAME\":\"Asharam Pakhira New\",\"TITLE\":\"Content writer - food category\",\"CONTRACT_TITLE\":\"Content writer - food category\",\"INVOICE_URL\":\"https:\\/\\/upwork.scriptlisting.com\\/invoice\\/details\\/6364d3f0f495b6ab9dcf8d3b5c6e0b01\",\"WORK_URL\":\"https:\\/\\/upwork.scriptlisting.com\\/workroom\\/worklog\\/02e74f10e0327ad868d138f2b4fdd6f0\"}', 'workroom/worklog/02e74f10e0327ad868d138f2b4fdd6f0', 0, '2022-02-09 13:24:14'),
(181, 1, 11, 'end-contract', '{\"SENDER_NAME\":\"Asharam Pakhira New\",\"RECEIVER_NAME\":\"Workwork\",\"TITLE\":\"Content writer - food category\",\"CONTRACT_TITLE\":\"Content writer - food category\",\"WORK_URL\":\"https:\\/\\/upwork.scriptlisting.com\\/workroom\\/term\\/02e74f10e0327ad868d138f2b4fdd6f0\"}', 'workroom/term/02e74f10e0327ad868d138f2b4fdd6f0', 1, '2022-02-09 13:25:33'),
(182, 11, 1, 'end-contract', '{\"SENDER_NAME\":\"Workwork\",\"RECEIVER_NAME\":\"Asharam Pakhira New\",\"TITLE\":\"Content writer - food category\",\"CONTRACT_TITLE\":\"Content writer - food category\",\"WORK_URL\":\"https:\\/\\/upwork.scriptlisting.com\\/workroom\\/term\\/02e74f10e0327ad868d138f2b4fdd6f0\"}', 'workroom/term/02e74f10e0327ad868d138f2b4fdd6f0', 0, '2022-02-09 13:26:12'),
(183, 1, 11, 'new-proposal', '{\"SENDER_NAME\":\"Asharam Pakhira New\",\"RECEIVER_NAME\":\"Workwork\",\"TITLE\":\"Project ABC\",\"PROJECT_URL\":\"https:\\/\\/upwork.scriptlisting.com\\/p\\/project-abc\"}', 'p/project-abc', 1, '2022-02-10 00:53:10'),
(184, 11, 1, 'new-project-offer', '{\"SENDER_NAME\":\"Workwork\",\"RECEIVER_NAME\":\"Asharam Pakhira New\",\"TITLE\":\"Project ABC\",\"OFFER_URL\":\"https:\\/\\/upwork.scriptlisting.com\\/contract\\/offer\\/33e75ff09dd601bbe69f351039152189\"}', 'contract/offer/33e75ff09dd601bbe69f351039152189', 1, '2022-02-10 01:01:00'),
(185, 1, 11, 'project-offer-rejected', '{\"SENDER_NAME\":\"Asharam Pakhira New\",\"RECEIVER_NAME\":\"Workwork\",\"TITLE\":\"Project ABC\",\"OFFER_URL\":\"https:\\/\\/upwork.scriptlisting.com\\/contract\\/offer\\/33e75ff09dd601bbe69f351039152189\"}', 'contract/offer/33e75ff09dd601bbe69f351039152189', 1, '2022-02-10 01:01:19'),
(186, 11, 1, 'new-project-offer', '{\"SENDER_NAME\":\"Workwork\",\"RECEIVER_NAME\":\"Asharam Pakhira New\",\"TITLE\":\"Project ABC\",\"OFFER_URL\":\"https:\\/\\/upwork.scriptlisting.com\\/contract\\/offer\\/6ea9ab1baa0efb9e19094440c317e21b\"}', 'contract/offer/6ea9ab1baa0efb9e19094440c317e21b', 1, '2022-02-10 01:02:20'),
(187, 1, 11, 'project-offer-accepted', '{\"SENDER_NAME\":\"Asharam Pakhira New\",\"RECEIVER_NAME\":\"Workwork\",\"TITLE\":\"Project ABC\",\"OFFER_URL\":\"https:\\/\\/upwork.scriptlisting.com\\/contract\\/offer\\/6ea9ab1baa0efb9e19094440c317e21b\"}', 'contract/offer/6ea9ab1baa0efb9e19094440c317e21b', 1, '2022-02-10 01:02:32'),
(188, 1, 11, 'work-submission', '{\"SENDER_NAME\":\"Asharam Pakhira New\",\"RECEIVER_NAME\":\"Workwork\",\"TITLE\":\"Project ABC\",\"CONTRACT_TITLE\":\"Project ABC\",\"MILESTONE_TITLE\":\"Project ABC\",\"WORK_URL\":\"https:\\/\\/upwork.scriptlisting.com\\/contract\\/milestone\\/6364d3f0f495b6ab9dcf8d3b5c6e0b01\"}', 'contract/milestone/6364d3f0f495b6ab9dcf8d3b5c6e0b01', 1, '2022-02-12 00:37:32'),
(189, 11, 1, 'work-submission-accepted', '{\"SENDER_NAME\":\"Workwork\",\"RECEIVER_NAME\":\"Asharam Pakhira New\",\"TITLE\":\"Project ABC\",\"CONTRACT_TITLE\":\"Project ABC\",\"MILESTONE_TITLE\":\"Project ABC\",\"WORK_URL\":\"https:\\/\\/upwork.scriptlisting.com\\/contract\\/milestone\\/6364d3f0f495b6ab9dcf8d3b5c6e0b01\"}', 'contract/milestone/6364d3f0f495b6ab9dcf8d3b5c6e0b01', 0, '2022-02-12 00:38:06'),
(190, 1, 11, 'new-proposal', '{\"SENDER_NAME\":\"Asharam Pakhira New\",\"RECEIVER_NAME\":\"Workwork\",\"TITLE\":\"Fashion Blog Content Writing\",\"PROJECT_URL\":\"https:\\/\\/upwork.scriptlisting.com\\/p\\/fashion-blog-content-writing\"}', 'p/fashion-blog-content-writing', 1, '2022-02-12 07:34:24'),
(191, 1, 11, 'new-proposal', '{\"SENDER_NAME\":\"Asharam Pakhira New\",\"RECEIVER_NAME\":\"Workwork\",\"TITLE\":\"Food Blog Website Management\",\"PROJECT_URL\":\"https:\\/\\/upwork.scriptlisting.com\\/p\\/food-blog-website-management\"}', 'p/food-blog-website-management', 1, '2022-02-12 08:56:31'),
(192, 11, 1, 'new-project-offer', '{\"SENDER_NAME\":\"Workwork\",\"RECEIVER_NAME\":\"Asharam Pakhira New\",\"TITLE\":\"Fashion Blog Content Writing\",\"OFFER_URL\":\"https:\\/\\/upwork.scriptlisting.com\\/contract\\/offer\\/34173cb38f07f89ddbebc2ac9128303f\"}', 'contract/offer/34173cb38f07f89ddbebc2ac9128303f', 1, '2022-02-12 12:41:38'),
(193, 1, 11, 'project-offer-accepted', '{\"SENDER_NAME\":\"Asharam Pakhira New\",\"RECEIVER_NAME\":\"Workwork\",\"TITLE\":\"Fashion Blog Content Writing\",\"OFFER_URL\":\"https:\\/\\/upwork.scriptlisting.com\\/contract\\/offer\\/34173cb38f07f89ddbebc2ac9128303f\"}', 'contract/offer/34173cb38f07f89ddbebc2ac9128303f', 0, '2022-02-12 12:42:23'),
(194, 1, 11, 'hourly-work-submission', '{\"SENDER_NAME\":\"Asharam Pakhira New\",\"RECEIVER_NAME\":\"Workwork\",\"TITLE\":\"Fashion Blog Content Writing\",\"CONTRACT_TITLE\":\"Fashion Blog Content Writing\",\"WORK_URL\":\"https:\\/\\/upwork.scriptlisting.com\\/workroom\\/worklog\\/34173cb38f07f89ddbebc2ac9128303f\"}', 'workroom/worklog/34173cb38f07f89ddbebc2ac9128303f', 1, '2022-02-12 13:01:34'),
(195, 11, 1, 'hourly-work-submission-accepted', '{\"SENDER_NAME\":\"Workwork\",\"RECEIVER_NAME\":\"Asharam Pakhira New\",\"TITLE\":\"Fashion Blog Content Writing\",\"CONTRACT_TITLE\":\"Fashion Blog Content Writing\",\"WORK_URL\":\"https:\\/\\/upwork.scriptlisting.com\\/workroom\\/worklog\\/34173cb38f07f89ddbebc2ac9128303f\"}', 'workroom/worklog/34173cb38f07f89ddbebc2ac9128303f', 1, '2022-02-12 13:08:59'),
(196, 1, 11, 'new-invoice-request', '{\"SENDER_NAME\":\"Asharam Pakhira New\",\"RECEIVER_NAME\":\"Workwork\",\"TITLE\":\"Fashion Blog Content Writing\",\"CONTRACT_TITLE\":\"Fashion Blog Content Writing\",\"WORK_URL\":\"https:\\/\\/upwork.scriptlisting.com\\/workroom\\/worklog\\/34173cb38f07f89ddbebc2ac9128303f\"}', 'workroom/worklog/34173cb38f07f89ddbebc2ac9128303f', 1, '2022-02-12 13:09:41'),
(197, 1, 11, 'new-proposal', '{\"SENDER_NAME\":\"Asharam Pakhira New\",\"RECEIVER_NAME\":\"Workwork\",\"TITLE\":\"Project A\",\"PROJECT_URL\":\"https:\\/\\/upwork.scriptlisting.com\\/p\\/project-a\"}', 'p/project-a', 1, '2022-02-15 00:55:45'),
(198, 11, 1, 'new-project-offer', '{\"SENDER_NAME\":\"Workwork\",\"RECEIVER_NAME\":\"Asharam Pakhira New\",\"TITLE\":\"Project A\",\"OFFER_URL\":\"https:\\/\\/upwork.scriptlisting.com\\/contract\\/offer\\/c16a5320fa475530d9583c34fd356ef5\"}', 'contract/offer/c16a5320fa475530d9583c34fd356ef5', 0, '2022-02-15 01:02:16'),
(199, 1, 11, 'project-offer-accepted', '{\"SENDER_NAME\":\"Asharam Pakhira New\",\"RECEIVER_NAME\":\"Workwork\",\"TITLE\":\"Project A\",\"OFFER_URL\":\"https:\\/\\/upwork.scriptlisting.com\\/contract\\/offer\\/c16a5320fa475530d9583c34fd356ef5\"}', 'contract/offer/c16a5320fa475530d9583c34fd356ef5', 0, '2022-02-15 01:07:27'),
(200, 1, 11, 'work-submission', '{\"SENDER_NAME\":\"Asharam Pakhira New\",\"RECEIVER_NAME\":\"Workwork\",\"TITLE\":\"Project A\",\"CONTRACT_TITLE\":\"Project A Contract\",\"MILESTONE_TITLE\":\"Milestone 1 \",\"WORK_URL\":\"https:\\/\\/upwork.scriptlisting.com\\/contract\\/milestone\\/182be0c5cdcd5072bb1864cdee4d3d6e\"}', 'contract/milestone/182be0c5cdcd5072bb1864cdee4d3d6e', 1, '2022-02-15 02:23:57'),
(201, 11, 1, 'work-submission-accepted', '{\"SENDER_NAME\":\"Workwork\",\"RECEIVER_NAME\":\"Asharam Pakhira New\",\"TITLE\":\"Project A\",\"CONTRACT_TITLE\":\"Project A Contract\",\"MILESTONE_TITLE\":\"Milestone 1 \",\"WORK_URL\":\"https:\\/\\/upwork.scriptlisting.com\\/contract\\/milestone\\/182be0c5cdcd5072bb1864cdee4d3d6e\"}', 'contract/milestone/182be0c5cdcd5072bb1864cdee4d3d6e', 1, '2022-02-15 02:32:24'),
(202, 11, 1, 'hourly-invoice-accepted', '{\"SENDER_NAME\":\"Workwork\",\"RECEIVER_NAME\":\"Asharam Pakhira New\",\"TITLE\":\"Fashion Blog Content Writing\",\"CONTRACT_TITLE\":\"Fashion Blog Content Writing\",\"INVOICE_URL\":\"https:\\/\\/upwork.scriptlisting.com\\/invoice\\/details\\/e369853df766fa44e1ed0ff613f563bd\",\"WORK_URL\":\"https:\\/\\/upwork.scriptlisting.com\\/workroom\\/worklog\\/34173cb38f07f89ddbebc2ac9128303f\"}', 'workroom/worklog/34173cb38f07f89ddbebc2ac9128303f', 0, '2022-02-15 03:23:30'),
(203, 11, 1, 'new-milestone-initiate', '{\"SENDER_NAME\":\"Workwork\",\"RECEIVER_NAME\":\"Asharam Pakhira New\",\"CONTRACT_TITLE\":\"Project A Contract\",\"MILESTONE_TITLE\":\"Milestone 2 \",\"TITLE\":\"Project A\",\"WORK_URL\":\"https:\\/\\/upwork.scriptlisting.com\\/contract\\/details\\/c16a5320fa475530d9583c34fd356ef5\"}', 'contract/details/c16a5320fa475530d9583c34fd356ef5', 0, '2022-02-15 12:38:36'),
(204, 11, 1, 'new-dispute-contract', '{\"SENDER_NAME\":\"Workwork\",\"RECEIVER_NAME\":\"Asharam Pakhira New\",\"TITLE\":\"Project A\",\"CONTRACT_TITLE\":\"Project A Contract\",\"MILESTONE_TITLE\":\"Milestone 2 \",\"WORK_URL\":\"https:\\/\\/upwork.scriptlisting.com\\/contract\\/details\\/c16a5320fa475530d9583c34fd356ef5\"}', 'contract/details/c16a5320fa475530d9583c34fd356ef5', 0, '2022-02-15 12:38:56'),
(205, 1, 11, 'new-proposal', '{\"SENDER_NAME\":\"Asharam Pakhira New\",\"RECEIVER_NAME\":\"Workwork\",\"TITLE\":\"Tetsing by Z\",\"PROJECT_URL\":\"https:\\/\\/upwork.scriptlisting.com\\/p\\/tetsing-by-z\"}', 'p/tetsing-by-z', 0, '2022-02-25 09:29:41'),
(206, 1, 11, 'new-proposal', '{\"SENDER_NAME\":\"Asharam Pakhira New\",\"RECEIVER_NAME\":\"Workwork\",\"TITLE\":\"testing by abc\",\"PROJECT_URL\":\"https:\\/\\/upwork.scriptlisting.com\\/p\\/testing-by-abc\"}', 'p/testing-by-abc', 0, '2022-02-25 09:58:47'),
(207, 16, 11, 'new-proposal', '{\"SENDER_NAME\":\"Asim Patra\",\"RECEIVER_NAME\":\"Workwork\",\"TITLE\":\"What is fuck?\",\"PROJECT_URL\":\"https:\\/\\/upwork.scriptlisting.com\\/p\\/what-is-fuck\"}', 'p/what-is-fuck', 1, '2022-03-03 09:50:21'),
(208, 16, 32, 'new-proposal', '{\"SENDER_NAME\":\"Asim Patra\",\"RECEIVER_NAME\":\"saad\",\"TITLE\":\"neew wordpress deveploper\",\"PROJECT_URL\":\"https:\\/\\/upwork.scriptlisting.com\\/p\\/neew-wordpress-deveploper\"}', 'p/neew-wordpress-deveploper', 1, '2022-03-03 10:14:04'),
(209, 32, 16, 'new-project-offer', '{\"SENDER_NAME\":\"saad\",\"RECEIVER_NAME\":\"Asim Patra\",\"TITLE\":\"neew wordpress deveploper\",\"OFFER_URL\":\"https:\\/\\/upwork.scriptlisting.com\\/contract\\/offer\\/6364d3f0f495b6ab9dcf8d3b5c6e0b01\"}', 'contract/offer/6364d3f0f495b6ab9dcf8d3b5c6e0b01', 1, '2022-03-03 10:19:49'),
(210, 16, 32, 'project-offer-accepted', '{\"SENDER_NAME\":\"Asim Patra\",\"RECEIVER_NAME\":\"saad\",\"TITLE\":\"neew wordpress deveploper\",\"OFFER_URL\":\"https:\\/\\/upwork.scriptlisting.com\\/contract\\/offer\\/6364d3f0f495b6ab9dcf8d3b5c6e0b01\"}', 'contract/offer/6364d3f0f495b6ab9dcf8d3b5c6e0b01', 0, '2022-03-03 10:21:08'),
(211, 16, 32, 'work-submission', '{\"SENDER_NAME\":\"Asim Patra\",\"RECEIVER_NAME\":\"saad\",\"TITLE\":\"neew wordpress deveploper\",\"CONTRACT_TITLE\":\"Neew wordpress deveploper\",\"MILESTONE_TITLE\":\"Neew wordpress deveploper\",\"WORK_URL\":\"https:\\/\\/upwork.scriptlisting.com\\/contract\\/milestone\\/1c383cd30b7c298ab50293adfecb7b18\"}', 'contract/milestone/1c383cd30b7c298ab50293adfecb7b18', 1, '2022-03-03 10:21:30'),
(212, 32, 16, 'work-submission-accepted', '{\"SENDER_NAME\":\"saad\",\"RECEIVER_NAME\":\"Asim Patra\",\"TITLE\":\"neew wordpress deveploper\",\"CONTRACT_TITLE\":\"Neew wordpress deveploper\",\"MILESTONE_TITLE\":\"Neew wordpress deveploper\",\"WORK_URL\":\"https:\\/\\/upwork.scriptlisting.com\\/contract\\/milestone\\/1c383cd30b7c298ab50293adfecb7b18\"}', 'contract/milestone/1c383cd30b7c298ab50293adfecb7b18', 1, '2022-03-03 10:22:24'),
(213, 32, 16, 'project-invitation', '{\"SENDER_NAME\":\"saad\",\"RECEIVER_NAME\":\"Asim Patra\",\"TITLE\":\"laravel dvlpr\",\"URL\":\"https:\\/\\/upwork.scriptlisting.com\\/p\\/laravel-dvlpr\"}', 'p/laravel-dvlpr', 1, '2022-03-03 10:36:16'),
(214, 16, 32, 'new-proposal', '{\"SENDER_NAME\":\"Asim Patra\",\"RECEIVER_NAME\":\"saad\",\"TITLE\":\"laravel dvlpr\",\"PROJECT_URL\":\"https:\\/\\/upwork.scriptlisting.com\\/p\\/laravel-dvlpr\"}', 'p/laravel-dvlpr', 0, '2022-03-03 10:37:53'),
(215, 32, 16, 'new-project-offer', '{\"SENDER_NAME\":\"saad\",\"RECEIVER_NAME\":\"Asim Patra\",\"TITLE\":\"laravel dvlpr\",\"OFFER_URL\":\"https:\\/\\/upwork.scriptlisting.com\\/contract\\/offer\\/182be0c5cdcd5072bb1864cdee4d3d6e\"}', 'contract/offer/182be0c5cdcd5072bb1864cdee4d3d6e', 1, '2022-03-03 10:39:14'),
(216, 16, 32, 'project-offer-accepted', '{\"SENDER_NAME\":\"Asim Patra\",\"RECEIVER_NAME\":\"saad\",\"TITLE\":\"laravel dvlpr\",\"OFFER_URL\":\"https:\\/\\/upwork.scriptlisting.com\\/contract\\/offer\\/182be0c5cdcd5072bb1864cdee4d3d6e\"}', 'contract/offer/182be0c5cdcd5072bb1864cdee4d3d6e', 1, '2022-03-03 10:39:45'),
(217, 32, 16, 'end-contract', '{\"SENDER_NAME\":\"saad\",\"RECEIVER_NAME\":\"Asim Patra\",\"TITLE\":\"neew wordpress deveploper\",\"CONTRACT_TITLE\":\"Neew wordpress deveploper\",\"WORK_URL\":\"https:\\/\\/upwork.scriptlisting.com\\/contract\\/term\\/6364d3f0f495b6ab9dcf8d3b5c6e0b01\"}', 'contract/term/6364d3f0f495b6ab9dcf8d3b5c6e0b01', 1, '2022-03-03 10:49:14'),
(218, 33, 32, 'new-proposal', '{\"SENDER_NAME\":\"swim\",\"RECEIVER_NAME\":\"saad\",\"TITLE\":\"laravel dvlpr\",\"PROJECT_URL\":\"https:\\/\\/upwork.scriptlisting.com\\/p\\/laravel-dvlpr\"}', 'p/laravel-dvlpr', 1, '2022-03-03 12:32:47'),
(219, 32, 33, 'new-project-offer', '{\"SENDER_NAME\":\"saad\",\"RECEIVER_NAME\":\"swim\",\"TITLE\":\"laravel dvlpr\",\"OFFER_URL\":\"https:\\/\\/upwork.scriptlisting.com\\/contract\\/offer\\/e369853df766fa44e1ed0ff613f563bd\"}', 'contract/offer/e369853df766fa44e1ed0ff613f563bd', 1, '2022-03-03 12:34:31'),
(220, 33, 32, 'project-offer-accepted', '{\"SENDER_NAME\":\"swim\",\"RECEIVER_NAME\":\"saad\",\"TITLE\":\"laravel dvlpr\",\"OFFER_URL\":\"https:\\/\\/upwork.scriptlisting.com\\/contract\\/offer\\/e369853df766fa44e1ed0ff613f563bd\"}', 'contract/offer/e369853df766fa44e1ed0ff613f563bd', 0, '2022-03-03 12:34:46'),
(221, 33, 32, 'work-submission', '{\"SENDER_NAME\":\"swim\",\"RECEIVER_NAME\":\"saad\",\"TITLE\":\"laravel dvlpr\",\"CONTRACT_TITLE\":\"Laravel dvlpr\",\"MILESTONE_TITLE\":\"Laravel dvlpr\",\"WORK_URL\":\"https:\\/\\/upwork.scriptlisting.com\\/contract\\/milestone\\/a5bfc9e07964f8dddeb95fc584cd965d\"}', 'contract/milestone/a5bfc9e07964f8dddeb95fc584cd965d', 1, '2022-03-03 12:35:32'),
(222, 32, 33, 'work-submission-accepted', '{\"SENDER_NAME\":\"saad\",\"RECEIVER_NAME\":\"swim\",\"TITLE\":\"laravel dvlpr\",\"CONTRACT_TITLE\":\"Laravel dvlpr\",\"MILESTONE_TITLE\":\"Laravel dvlpr\",\"WORK_URL\":\"https:\\/\\/upwork.scriptlisting.com\\/contract\\/milestone\\/a5bfc9e07964f8dddeb95fc584cd965d\"}', 'contract/milestone/a5bfc9e07964f8dddeb95fc584cd965d', 1, '2022-03-03 12:36:27'),
(223, 33, 32, 'end-contract', '{\"SENDER_NAME\":\"swim\",\"RECEIVER_NAME\":\"saad\",\"TITLE\":\"laravel dvlpr\",\"CONTRACT_TITLE\":\"Laravel dvlpr\",\"WORK_URL\":\"https:\\/\\/upwork.scriptlisting.com\\/contract\\/term\\/e369853df766fa44e1ed0ff613f563bd\"}', 'contract/term/e369853df766fa44e1ed0ff613f563bd', 0, '2022-03-03 12:38:39'),
(224, 11, 1, 'project-invitation', '{\"SENDER_NAME\":\"Workwork\",\"RECEIVER_NAME\":\"Asharam Pakhira New\",\"TITLE\":\"testing by abc\",\"URL\":\"https:\\/\\/upwork.scriptlisting.com\\/p\\/testing-by-abc\"}', 'p/testing-by-abc', 1, '2022-03-11 06:15:22'),
(225, 1, 11, 'work-submission', '{\"SENDER_NAME\":\"Asharam Pakhira New\",\"RECEIVER_NAME\":\"Workwork\",\"TITLE\":\"Project A\",\"CONTRACT_TITLE\":\"Project A Contract\",\"MILESTONE_TITLE\":\"Milestone 2 \",\"WORK_URL\":\"https:\\/\\/upwork.scriptlisting.com\\/contract\\/milestone\\/e369853df766fa44e1ed0ff613f563bd\"}', 'contract/milestone/e369853df766fa44e1ed0ff613f563bd', 1, '2022-03-11 06:21:11'),
(226, 1, 11, 'new-proposal', '{\"SENDER_NAME\":\"Asharam Pakhira New\",\"RECEIVER_NAME\":\"Workwork\",\"TITLE\":\"Project 1\",\"PROJECT_URL\":\"https:\\/\\/upwork.scriptlisting.com\\/p\\/project-1\"}', 'p/project-1', 1, '2022-03-11 06:41:29'),
(227, 11, 1, 'new-project-offer', '{\"SENDER_NAME\":\"Workwork\",\"RECEIVER_NAME\":\"Asharam Pakhira New\",\"TITLE\":\"Project 1\",\"OFFER_URL\":\"https:\\/\\/upwork.scriptlisting.com\\/contract\\/offer\\/1c383cd30b7c298ab50293adfecb7b18\"}', 'contract/offer/1c383cd30b7c298ab50293adfecb7b18', 1, '2022-03-11 06:42:59'),
(228, 1, 11, 'project-offer-accepted', '{\"SENDER_NAME\":\"Asharam Pakhira New\",\"RECEIVER_NAME\":\"Workwork\",\"TITLE\":\"Project 1\",\"OFFER_URL\":\"https:\\/\\/upwork.scriptlisting.com\\/contract\\/offer\\/1c383cd30b7c298ab50293adfecb7b18\"}', 'contract/offer/1c383cd30b7c298ab50293adfecb7b18', 0, '2022-03-11 06:43:36'),
(229, 1, 11, 'work-submission', '{\"SENDER_NAME\":\"Asharam Pakhira New\",\"RECEIVER_NAME\":\"Workwork\",\"TITLE\":\"Project 1\",\"CONTRACT_TITLE\":\"Project 1\",\"MILESTONE_TITLE\":\"1\",\"WORK_URL\":\"https:\\/\\/upwork.scriptlisting.com\\/contract\\/milestone\\/a5771bce93e200c36f7cd9dfd0e5deaa\"}', 'contract/milestone/a5771bce93e200c36f7cd9dfd0e5deaa', 1, '2022-03-11 06:44:06'),
(230, 11, 1, 'new-dispute-contract', '{\"SENDER_NAME\":\"Workwork\",\"RECEIVER_NAME\":\"Asharam Pakhira New\",\"TITLE\":\"Project 1\",\"CONTRACT_TITLE\":\"Project 1\",\"MILESTONE_TITLE\":\"1\",\"WORK_URL\":\"https:\\/\\/upwork.scriptlisting.com\\/contract\\/details\\/1c383cd30b7c298ab50293adfecb7b18\"}', 'contract/details/1c383cd30b7c298ab50293adfecb7b18', 0, '2022-03-11 06:50:22'),
(231, 11, 1, 'project-invitation', '{\"SENDER_NAME\":\"Workwork\",\"RECEIVER_NAME\":\"Asharam Pakhira New\",\"TITLE\":\"Tetsing by Z\",\"URL\":\"https:\\/\\/upwork.scriptlisting.com\\/p\\/tetsing-by-z\"}', 'p/tetsing-by-z', 1, '2022-03-12 07:14:07'),
(232, 11, 1, 'project-invitation', '{\"SENDER_NAME\":\"Workwork\",\"RECEIVER_NAME\":\"Asharam Pakhira New\",\"TITLE\":\"android develop\",\"URL\":\"https:\\/\\/upwork.scriptlisting.com\\/p\\/android-develop\"}', 'p/android-develop', 0, '2022-03-12 07:16:51'),
(233, 1, 11, 'hourly-work-submission', '{\"SENDER_NAME\":\"Asharam Pakhira New\",\"RECEIVER_NAME\":\"Workwork\",\"TITLE\":\"Fashion Blog Content Writing\",\"CONTRACT_TITLE\":\"Fashion Blog Content Writing\",\"WORK_URL\":\"https:\\/\\/upwork.scriptlisting.com\\/workroom\\/worklog\\/34173cb38f07f89ddbebc2ac9128303f\"}', 'workroom/worklog/34173cb38f07f89ddbebc2ac9128303f', 1, '2022-03-13 02:51:06'),
(234, 11, 1, 'hourly-work-submission-rejected', '{\"SENDER_NAME\":\"Workwork\",\"RECEIVER_NAME\":\"Asharam Pakhira New\",\"TITLE\":\"Fashion Blog Content Writing\",\"CONTRACT_TITLE\":\"Fashion Blog Content Writing\",\"WORK_URL\":\"https:\\/\\/upwork.scriptlisting.com\\/workroom\\/worklog\\/34173cb38f07f89ddbebc2ac9128303f\",\"REJECT_REASON\":\"its not what i asked for\"}', 'workroom/worklog/34173cb38f07f89ddbebc2ac9128303f', 0, '2022-03-13 02:57:12'),
(235, 1, 11, 'hourly-work-submission', '{\"SENDER_NAME\":\"Asharam Pakhira New\",\"RECEIVER_NAME\":\"Workwork\",\"TITLE\":\"Fashion Blog Content Writing\",\"CONTRACT_TITLE\":\"Fashion Blog Content Writing\",\"WORK_URL\":\"https:\\/\\/upwork.scriptlisting.com\\/workroom\\/worklog\\/34173cb38f07f89ddbebc2ac9128303f\"}', 'workroom/worklog/34173cb38f07f89ddbebc2ac9128303f', 1, '2022-03-13 03:00:51'),
(236, 11, 1, 'hourly-work-submission-accepted', '{\"SENDER_NAME\":\"Workwork\",\"RECEIVER_NAME\":\"Asharam Pakhira New\",\"TITLE\":\"Fashion Blog Content Writing\",\"CONTRACT_TITLE\":\"Fashion Blog Content Writing\",\"WORK_URL\":\"https:\\/\\/upwork.scriptlisting.com\\/workroom\\/worklog\\/34173cb38f07f89ddbebc2ac9128303f\"}', 'workroom/worklog/34173cb38f07f89ddbebc2ac9128303f', 1, '2022-03-13 03:06:18'),
(237, 1, 11, 'new-invoice-request', '{\"SENDER_NAME\":\"Asharam Pakhira New\",\"RECEIVER_NAME\":\"Workwork\",\"TITLE\":\"Fashion Blog Content Writing\",\"CONTRACT_TITLE\":\"Fashion Blog Content Writing\",\"WORK_URL\":\"https:\\/\\/upwork.scriptlisting.com\\/workroom\\/worklog\\/34173cb38f07f89ddbebc2ac9128303f\"}', 'workroom/worklog/34173cb38f07f89ddbebc2ac9128303f', 1, '2022-03-13 03:35:50'),
(238, 11, 1, 'hourly-invoice-accepted', '{\"SENDER_NAME\":\"Workwork\",\"RECEIVER_NAME\":\"Asharam Pakhira New\",\"TITLE\":\"Fashion Blog Content Writing\",\"CONTRACT_TITLE\":\"Fashion Blog Content Writing\",\"INVOICE_URL\":\"https:\\/\\/upwork.scriptlisting.com\\/invoice\\/details\\/a5771bce93e200c36f7cd9dfd0e5deaa\",\"WORK_URL\":\"https:\\/\\/upwork.scriptlisting.com\\/workroom\\/worklog\\/34173cb38f07f89ddbebc2ac9128303f\"}', 'workroom/worklog/34173cb38f07f89ddbebc2ac9128303f', 1, '2022-03-13 03:41:21'),
(239, 1, 11, 'end-contract', '{\"SENDER_NAME\":\"Asharam Pakhira New\",\"RECEIVER_NAME\":\"Workwork\",\"TITLE\":\"Fashion Blog Content Writing\",\"CONTRACT_TITLE\":\"Fashion Blog Content Writing\",\"WORK_URL\":\"https:\\/\\/upwork.scriptlisting.com\\/workroom\\/term\\/34173cb38f07f89ddbebc2ac9128303f\"}', 'workroom/term/34173cb38f07f89ddbebc2ac9128303f', 1, '2022-03-13 05:45:43'),
(240, 16, 11, 'new-proposal', '{\"SENDER_NAME\":\"Asim Patra\",\"RECEIVER_NAME\":\"Workwork\",\"TITLE\":\"Test Backend {rpject\",\"PROJECT_URL\":\"https:\\/\\/upwork.scriptlisting.com\\/p\\/test-backend-rpject\"}', 'p/test-backend-rpject', 1, '2022-03-15 18:57:53'),
(241, 1, 11, 'project-offer-accepted', '{\"SENDER_NAME\":\"Asharam Pakhira New\",\"RECEIVER_NAME\":\"Workwork\",\"TITLE\":\"android develop\",\"OFFER_URL\":\"https:\\/\\/upwork.scriptlisting.com\\/contract\\/offer\\/6f4922f45568161a8cdf4ad2299f6d23\"}', 'contract/offer/6f4922f45568161a8cdf4ad2299f6d23', 1, '2022-03-22 17:49:02'),
(242, 1, 11, 'dispute-offer', '{\"SENDER_NAME\":\"Asharam Pakhira New\",\"RECEIVER_NAME\":\"Workwork\",\"TITLE\":\"Project 1\",\"CONTRACT_TITLE\":\"Project 1\",\"MILESTONE_TITLE\":\"1\",\"DISPUTE_URL\":\"https:\\/\\/upwork.scriptlisting.com\\/contract\\/disputedetails\\/a5771bce93e200c36f7cd9dfd0e5deaa\"}', 'contract/disputedetails/a5771bce93e200c36f7cd9dfd0e5deaa', 1, '2022-03-22 17:51:12'),
(243, 11, 1, 'dispute-resolve', '{\"SENDER_NAME\":\"Workwork\",\"RECEIVER_NAME\":\"Asharam Pakhira New\",\"TITLE\":\"Project 1\",\"CONTRACT_TITLE\":\"Project 1\",\"MILESTONE_TITLE\":\"1\",\"DISPUTE_URL\":\"https:\\/\\/upwork.scriptlisting.com\\/contract\\/disputedetails\\/a5771bce93e200c36f7cd9dfd0e5deaa\"}', 'contract/disputedetails/a5771bce93e200c36f7cd9dfd0e5deaa', 1, '2022-03-22 17:54:11'),
(244, 1, 11, 'end-contract', '{\"SENDER_NAME\":\"Asharam Pakhira New\",\"RECEIVER_NAME\":\"Workwork\",\"TITLE\":\"Project 1\",\"CONTRACT_TITLE\":\"Project 1\",\"WORK_URL\":\"https:\\/\\/upwork.scriptlisting.com\\/contract\\/term\\/1c383cd30b7c298ab50293adfecb7b18\"}', 'contract/term/1c383cd30b7c298ab50293adfecb7b18', 1, '2022-03-22 18:09:32'),
(245, 11, 1, 'end-contract', '{\"SENDER_NAME\":\"Workwork\",\"RECEIVER_NAME\":\"Asharam Pakhira New\",\"TITLE\":\"Project 1\",\"CONTRACT_TITLE\":\"Project 1\",\"WORK_URL\":\"https:\\/\\/upwork.scriptlisting.com\\/contract\\/term\\/1c383cd30b7c298ab50293adfecb7b18\"}', 'contract/term/1c383cd30b7c298ab50293adfecb7b18', 1, '2022-03-22 18:17:42'),
(246, 11, 1, 'new-project-offer', '{\"SENDER_NAME\":\"Workwork\",\"RECEIVER_NAME\":\"Asharam Pakhira New\",\"TITLE\":\"Project 1\",\"OFFER_URL\":\"https:\\/\\/upwork.scriptlisting.com\\/contract\\/offer\\/19ca14e7ea6328a42e0eb13d585e4c22\"}', 'contract/offer/19ca14e7ea6328a42e0eb13d585e4c22', 1, '2022-03-22 18:35:55'),
(247, 1, 11, 'project-offer-accepted', '{\"SENDER_NAME\":\"Asharam Pakhira New\",\"RECEIVER_NAME\":\"Workwork\",\"TITLE\":\"Project 1\",\"OFFER_URL\":\"https:\\/\\/upwork.scriptlisting.com\\/contract\\/offer\\/19ca14e7ea6328a42e0eb13d585e4c22\"}', 'contract/offer/19ca14e7ea6328a42e0eb13d585e4c22', 0, '2022-03-22 18:39:45'),
(248, 1, 11, 'work-submission', '{\"SENDER_NAME\":\"Asharam Pakhira New\",\"RECEIVER_NAME\":\"Workwork\",\"TITLE\":\"Project 1\",\"CONTRACT_TITLE\":\"Project 1\",\"MILESTONE_TITLE\":\"\\u0634\\u062d\\u0646\",\"WORK_URL\":\"https:\\/\\/upwork.scriptlisting.com\\/contract\\/milestone\\/d645920e395fedad7bbbed0eca3fe2e0\"}', 'contract/milestone/d645920e395fedad7bbbed0eca3fe2e0', 1, '2022-03-22 18:40:26'),
(249, 11, 1, 'work-submission-accepted', '{\"SENDER_NAME\":\"Workwork\",\"RECEIVER_NAME\":\"Asharam Pakhira New\",\"TITLE\":\"Project 1\",\"CONTRACT_TITLE\":\"Project 1\",\"MILESTONE_TITLE\":\"\\u0634\\u062d\\u0646\",\"WORK_URL\":\"https:\\/\\/upwork.scriptlisting.com\\/contract\\/milestone\\/d645920e395fedad7bbbed0eca3fe2e0\"}', 'contract/milestone/d645920e395fedad7bbbed0eca3fe2e0', 0, '2022-03-22 18:44:07'),
(250, 1, 11, 'dispute-offer', '{\"SENDER_NAME\":\"Asharam Pakhira New\",\"RECEIVER_NAME\":\"Workwork\",\"TITLE\":\"Project A\",\"CONTRACT_TITLE\":\"Project A Contract\",\"MILESTONE_TITLE\":\"Milestone 2 \",\"DISPUTE_URL\":\"https:\\/\\/upwork.scriptlisting.com\\/contract\\/disputedetails\\/e369853df766fa44e1ed0ff613f563bd\"}', 'contract/disputedetails/e369853df766fa44e1ed0ff613f563bd', 1, '2022-03-24 01:08:59'),
(251, 1, 11, 'dispute-send-to-admin', '{\"SENDER_NAME\":\"Asharam Pakhira New\",\"RECEIVER_NAME\":\"Workwork\",\"TITLE\":\"Project A\",\"CONTRACT_TITLE\":\"Project A Contract\",\"MILESTONE_TITLE\":\"Milestone 2 \",\"DISPUTE_URL\":\"https:\\/\\/upwork.scriptlisting.com\\/contract\\/disputedetails\\/e369853df766fa44e1ed0ff613f563bd\"}', 'contract/disputedetails/e369853df766fa44e1ed0ff613f563bd', 1, '2022-03-24 01:13:51'),
(252, 11, 1, 'dispute-resolve', '{\"SENDER_NAME\":\"Workwork\",\"RECEIVER_NAME\":\"Asharam Pakhira New\",\"TITLE\":\"Project A\",\"CONTRACT_TITLE\":\"Project A Contract\",\"MILESTONE_TITLE\":\"Milestone 2 \",\"DISPUTE_URL\":\"https:\\/\\/upwork.scriptlisting.com\\/contract\\/disputedetails\\/e369853df766fa44e1ed0ff613f563bd\"}', 'contract/disputedetails/e369853df766fa44e1ed0ff613f563bd', 1, '2022-03-24 06:48:35'),
(253, 1, 11, 'dispute-resolve', '{\"SENDER_NAME\":\"Asharam Pakhira New\",\"RECEIVER_NAME\":\"Workwork\",\"TITLE\":\"Project A\",\"CONTRACT_TITLE\":\"Project A Contract\",\"MILESTONE_TITLE\":\"Milestone 2 \",\"DISPUTE_URL\":\"https:\\/\\/upwork.scriptlisting.com\\/contract\\/disputedetails\\/e369853df766fa44e1ed0ff613f563bd\"}', 'contract/disputedetails/e369853df766fa44e1ed0ff613f563bd', 1, '2022-03-24 06:48:35'),
(254, 1, 11, 'new-proposal', '{\"SENDER_NAME\":\"Asharam Pakhira New\",\"RECEIVER_NAME\":\"Workwork\",\"TITLE\":\"Blog Writer In Need\",\"PROJECT_URL\":\"https:\\/\\/upwork.scriptlisting.com\\/p\\/blog-writer-in-need\"}', 'p/blog-writer-in-need', 1, '2022-03-24 01:34:55'),
(255, 11, 1, 'new-project-offer', '{\"SENDER_NAME\":\"Workwork\",\"RECEIVER_NAME\":\"Asharam Pakhira New\",\"TITLE\":\"Blog Writer In Need\",\"OFFER_URL\":\"https:\\/\\/upwork.scriptlisting.com\\/contract\\/offer\\/a5bfc9e07964f8dddeb95fc584cd965d\"}', 'contract/offer/a5bfc9e07964f8dddeb95fc584cd965d', 1, '2022-03-24 02:19:57'),
(256, 1, 11, 'project-offer-accepted', '{\"SENDER_NAME\":\"Asharam Pakhira New\",\"RECEIVER_NAME\":\"Workwork\",\"TITLE\":\"Blog Writer In Need\",\"OFFER_URL\":\"https:\\/\\/upwork.scriptlisting.com\\/contract\\/offer\\/a5bfc9e07964f8dddeb95fc584cd965d\"}', 'contract/offer/a5bfc9e07964f8dddeb95fc584cd965d', 0, '2022-03-24 02:21:24'),
(257, 1, 11, 'work-submission', '{\"SENDER_NAME\":\"Asharam Pakhira New\",\"RECEIVER_NAME\":\"Workwork\",\"TITLE\":\"Blog Writer In Need\",\"CONTRACT_TITLE\":\"Blog Writer In Need\",\"MILESTONE_TITLE\":\"Milestone 1 \",\"WORK_URL\":\"https:\\/\\/upwork.scriptlisting.com\\/contract\\/milestone\\/a1d0c6e83f027327d8461063f4ac58a6\"}', 'contract/milestone/a1d0c6e83f027327d8461063f4ac58a6', 1, '2022-03-24 02:24:54');
INSERT INTO `pref_member_notifications` (`notification_id`, `notification_from`, `notification_to`, `notification_template_key`, `template_data`, `link`, `read_status`, `sent_date`) VALUES
(258, 11, 1, 'new-dispute-contract', '{\"SENDER_NAME\":\"Workwork\",\"RECEIVER_NAME\":\"Asharam Pakhira New\",\"TITLE\":\"Blog Writer In Need\",\"CONTRACT_TITLE\":\"Blog Writer In Need\",\"MILESTONE_TITLE\":\"Milestone 1 \",\"WORK_URL\":\"https:\\/\\/upwork.scriptlisting.com\\/contract\\/details\\/a5bfc9e07964f8dddeb95fc584cd965d\"}', 'contract/details/a5bfc9e07964f8dddeb95fc584cd965d', 1, '2022-03-24 02:26:56'),
(259, 1, 11, 'dispute-offer', '{\"SENDER_NAME\":\"Asharam Pakhira New\",\"RECEIVER_NAME\":\"Workwork\",\"TITLE\":\"Blog Writer In Need\",\"CONTRACT_TITLE\":\"Blog Writer In Need\",\"MILESTONE_TITLE\":\"Milestone 1 \",\"DISPUTE_URL\":\"https:\\/\\/upwork.scriptlisting.com\\/contract\\/disputedetails\\/a1d0c6e83f027327d8461063f4ac58a6\"}', 'contract/disputedetails/a1d0c6e83f027327d8461063f4ac58a6', 1, '2022-03-24 02:27:59'),
(260, 1, 11, 'dispute-offer', '{\"SENDER_NAME\":\"Asharam Pakhira New\",\"RECEIVER_NAME\":\"Workwork\",\"TITLE\":\"Blog Writer In Need\",\"CONTRACT_TITLE\":\"Blog Writer In Need\",\"MILESTONE_TITLE\":\"Milestone 1 \",\"DISPUTE_URL\":\"https:\\/\\/upwork.scriptlisting.com\\/contract\\/disputedetails\\/a1d0c6e83f027327d8461063f4ac58a6\"}', 'contract/disputedetails/a1d0c6e83f027327d8461063f4ac58a6', 1, '2022-03-24 03:02:19'),
(261, 11, 1, 'dispute-resolve', '{\"SENDER_NAME\":\"Workwork\",\"RECEIVER_NAME\":\"Asharam Pakhira New\",\"TITLE\":\"Blog Writer In Need\",\"CONTRACT_TITLE\":\"Blog Writer In Need\",\"MILESTONE_TITLE\":\"Milestone 1 \",\"DISPUTE_URL\":\"https:\\/\\/upwork.scriptlisting.com\\/contract\\/disputedetails\\/a1d0c6e83f027327d8461063f4ac58a6\"}', 'contract/disputedetails/a1d0c6e83f027327d8461063f4ac58a6', 0, '2022-03-24 03:04:21'),
(262, 11, 1, 'new-milestone-initiate', '{\"SENDER_NAME\":\"Workwork\",\"RECEIVER_NAME\":\"Asharam Pakhira New\",\"CONTRACT_TITLE\":\"Blog Writer In Need\",\"MILESTONE_TITLE\":\"Milestone 2\",\"TITLE\":\"Blog Writer In Need\",\"WORK_URL\":\"https:\\/\\/upwork.scriptlisting.com\\/contract\\/details\\/a5bfc9e07964f8dddeb95fc584cd965d\"}', 'contract/details/a5bfc9e07964f8dddeb95fc584cd965d', 0, '2022-03-24 03:04:42'),
(263, 1, 11, 'work-submission', '{\"SENDER_NAME\":\"Asharam Pakhira New\",\"RECEIVER_NAME\":\"Workwork\",\"TITLE\":\"Blog Writer In Need\",\"CONTRACT_TITLE\":\"Blog Writer In Need\",\"MILESTONE_TITLE\":\"Milestone 2\",\"WORK_URL\":\"https:\\/\\/upwork.scriptlisting.com\\/contract\\/milestone\\/17e62166fc8586dfa4d1bc0e1742c08b\"}', 'contract/milestone/17e62166fc8586dfa4d1bc0e1742c08b', 0, '2022-03-24 05:57:08'),
(264, 11, 1, 'new-dispute-contract', '{\"SENDER_NAME\":\"Workwork\",\"RECEIVER_NAME\":\"Asharam Pakhira New\",\"TITLE\":\"Blog Writer In Need\",\"CONTRACT_TITLE\":\"Blog Writer In Need\",\"MILESTONE_TITLE\":\"Milestone 2\",\"WORK_URL\":\"https:\\/\\/upwork.scriptlisting.com\\/contract\\/details\\/a5bfc9e07964f8dddeb95fc584cd965d\"}', 'contract/details/a5bfc9e07964f8dddeb95fc584cd965d', 1, '2022-03-24 05:57:47'),
(265, 1, 11, 'dispute-offer', '{\"SENDER_NAME\":\"Asharam Pakhira New\",\"RECEIVER_NAME\":\"Workwork\",\"TITLE\":\"Blog Writer In Need\",\"CONTRACT_TITLE\":\"Blog Writer In Need\",\"MILESTONE_TITLE\":\"Milestone 2\",\"DISPUTE_URL\":\"https:\\/\\/upwork.scriptlisting.com\\/contract\\/disputedetails\\/17e62166fc8586dfa4d1bc0e1742c08b\"}', 'contract/disputedetails/17e62166fc8586dfa4d1bc0e1742c08b', 0, '2022-03-24 05:58:49'),
(266, 1, 11, 'dispute-send-to-admin', '{\"SENDER_NAME\":\"Asharam Pakhira New\",\"RECEIVER_NAME\":\"Workwork\",\"TITLE\":\"Blog Writer In Need\",\"CONTRACT_TITLE\":\"Blog Writer In Need\",\"MILESTONE_TITLE\":\"Milestone 2\",\"DISPUTE_URL\":\"https:\\/\\/upwork.scriptlisting.com\\/contract\\/disputedetails\\/17e62166fc8586dfa4d1bc0e1742c08b\"}', 'contract/disputedetails/17e62166fc8586dfa4d1bc0e1742c08b', 0, '2022-03-24 06:02:24'),
(267, 11, 1, 'dispute-resolve', '{\"SENDER_NAME\":\"Workwork\",\"RECEIVER_NAME\":\"Asharam Pakhira New\",\"TITLE\":\"Blog Writer In Need\",\"CONTRACT_TITLE\":\"Blog Writer In Need\",\"MILESTONE_TITLE\":\"Milestone 2\",\"DISPUTE_URL\":\"https:\\/\\/upwork.scriptlisting.com\\/contract\\/disputedetails\\/17e62166fc8586dfa4d1bc0e1742c08b\"}', 'contract/disputedetails/17e62166fc8586dfa4d1bc0e1742c08b', 1, '2022-03-24 11:36:32'),
(268, 1, 11, 'dispute-resolve', '{\"SENDER_NAME\":\"Asharam Pakhira New\",\"RECEIVER_NAME\":\"Workwork\",\"TITLE\":\"Blog Writer In Need\",\"CONTRACT_TITLE\":\"Blog Writer In Need\",\"MILESTONE_TITLE\":\"Milestone 2\",\"DISPUTE_URL\":\"https:\\/\\/upwork.scriptlisting.com\\/contract\\/disputedetails\\/17e62166fc8586dfa4d1bc0e1742c08b\"}', 'contract/disputedetails/17e62166fc8586dfa4d1bc0e1742c08b', 1, '2022-03-24 11:36:33'),
(269, 1, 11, 'new-proposal', '{\"SENDER_NAME\":\"Asharam Pakhira New\",\"RECEIVER_NAME\":\"Workwork\",\"TITLE\":\"PROJECT BLOG ADVERTISING\",\"PROJECT_URL\":\"https:\\/\\/upwork.scriptlisting.com\\/p\\/project-blog-advertising\"}', 'p/project-blog-advertising', 1, '2022-03-25 06:20:18'),
(270, 11, 1, 'new-project-offer', '{\"SENDER_NAME\":\"Workwork\",\"RECEIVER_NAME\":\"Asharam Pakhira New\",\"TITLE\":\"PROJECT BLOG ADVERTISING\",\"OFFER_URL\":\"https:\\/\\/upwork.scriptlisting.com\\/contract\\/offer\\/a5771bce93e200c36f7cd9dfd0e5deaa\"}', 'contract/offer/a5771bce93e200c36f7cd9dfd0e5deaa', 1, '2022-03-25 06:21:49'),
(271, 1, 11, 'project-offer-accepted', '{\"SENDER_NAME\":\"Asharam Pakhira New\",\"RECEIVER_NAME\":\"Workwork\",\"TITLE\":\"PROJECT BLOG ADVERTISING\",\"OFFER_URL\":\"https:\\/\\/upwork.scriptlisting.com\\/contract\\/offer\\/a5771bce93e200c36f7cd9dfd0e5deaa\"}', 'contract/offer/a5771bce93e200c36f7cd9dfd0e5deaa', 1, '2022-03-25 06:22:26'),
(272, 1, 11, 'new-proposal', '{\"SENDER_NAME\":\"Asharam Pakhira New\",\"RECEIVER_NAME\":\"Workwork\",\"TITLE\":\"Project Example\",\"PROJECT_URL\":\"https:\\/\\/upwork.scriptlisting.com\\/p\\/project-example\"}', 'p/project-example', 1, '2022-03-28 14:20:03'),
(273, 11, 1, 'new-project-offer', '{\"SENDER_NAME\":\"Workwork\",\"RECEIVER_NAME\":\"Asharam Pakhira New\",\"TITLE\":\"Project Example\",\"OFFER_URL\":\"https:\\/\\/upwork.scriptlisting.com\\/contract\\/offer\\/d67d8ab4f4c10bf22aa353e27879133c\"}', 'contract/offer/d67d8ab4f4c10bf22aa353e27879133c', 1, '2022-03-28 14:38:29'),
(274, 1, 11, 'project-offer-accepted', '{\"SENDER_NAME\":\"Asharam Pakhira New\",\"RECEIVER_NAME\":\"Workwork\",\"TITLE\":\"Project Example\",\"OFFER_URL\":\"https:\\/\\/upwork.scriptlisting.com\\/contract\\/offer\\/d67d8ab4f4c10bf22aa353e27879133c\"}', 'contract/offer/d67d8ab4f4c10bf22aa353e27879133c', 0, '2022-03-28 14:38:44'),
(275, 1, 11, 'work-submission', '{\"SENDER_NAME\":\"Asharam Pakhira New\",\"RECEIVER_NAME\":\"Workwork\",\"TITLE\":\"Project Example\",\"CONTRACT_TITLE\":\"Project Example\",\"MILESTONE_TITLE\":\"Milestone 1 \",\"WORK_URL\":\"https:\\/\\/upwork.scriptlisting.com\\/contract\\/milestone\\/6c8349cc7260ae62e3b1396831a8398f\"}', 'contract/milestone/6c8349cc7260ae62e3b1396831a8398f', 1, '2022-03-28 14:48:05'),
(276, 11, 1, 'work-submission-accepted', '{\"SENDER_NAME\":\"Workwork\",\"RECEIVER_NAME\":\"Asharam Pakhira New\",\"TITLE\":\"Project Example\",\"CONTRACT_TITLE\":\"Project Example\",\"MILESTONE_TITLE\":\"Milestone 1 \",\"WORK_URL\":\"https:\\/\\/upwork.scriptlisting.com\\/contract\\/milestone\\/6c8349cc7260ae62e3b1396831a8398f\"}', 'contract/milestone/6c8349cc7260ae62e3b1396831a8398f', 0, '2022-03-28 14:49:31'),
(277, 11, 1, 'new-milestone-initiate', '{\"SENDER_NAME\":\"Workwork\",\"RECEIVER_NAME\":\"Asharam Pakhira New\",\"CONTRACT_TITLE\":\"Project Example\",\"MILESTONE_TITLE\":\"Milestone 2 \",\"TITLE\":\"Project Example\",\"WORK_URL\":\"https:\\/\\/upwork.scriptlisting.com\\/contract\\/details\\/d67d8ab4f4c10bf22aa353e27879133c\"}', 'contract/details/d67d8ab4f4c10bf22aa353e27879133c', 1, '2022-03-28 14:54:04'),
(278, 1, 11, 'work-submission', '{\"SENDER_NAME\":\"Asharam Pakhira New\",\"RECEIVER_NAME\":\"Workwork\",\"TITLE\":\"Project Example\",\"CONTRACT_TITLE\":\"Project Example\",\"MILESTONE_TITLE\":\"Milestone 2 \",\"WORK_URL\":\"https:\\/\\/upwork.scriptlisting.com\\/contract\\/milestone\\/d9d4f495e875a2e075a1a4a6e1b9770f\"}', 'contract/milestone/d9d4f495e875a2e075a1a4a6e1b9770f', 1, '2022-03-28 14:54:37'),
(279, 11, 1, 'new-dispute-contract', '{\"SENDER_NAME\":\"Workwork\",\"RECEIVER_NAME\":\"Asharam Pakhira New\",\"TITLE\":\"Project Example\",\"CONTRACT_TITLE\":\"Project Example\",\"MILESTONE_TITLE\":\"Milestone 2 \",\"WORK_URL\":\"https:\\/\\/upwork.scriptlisting.com\\/contract\\/details\\/d67d8ab4f4c10bf22aa353e27879133c\"}', 'contract/details/d67d8ab4f4c10bf22aa353e27879133c', 0, '2022-03-28 14:56:46'),
(280, 1, 11, 'dispute-offer', '{\"SENDER_NAME\":\"Asharam Pakhira New\",\"RECEIVER_NAME\":\"Workwork\",\"TITLE\":\"Project Example\",\"CONTRACT_TITLE\":\"Project Example\",\"MILESTONE_TITLE\":\"Milestone 2 \",\"DISPUTE_URL\":\"https:\\/\\/upwork.scriptlisting.com\\/contract\\/disputedetails\\/d9d4f495e875a2e075a1a4a6e1b9770f\"}', 'contract/disputedetails/d9d4f495e875a2e075a1a4a6e1b9770f', 1, '2022-03-28 14:59:37'),
(281, 11, 1, 'dispute-resolve', '{\"SENDER_NAME\":\"Workwork\",\"RECEIVER_NAME\":\"Asharam Pakhira New\",\"TITLE\":\"Project Example\",\"CONTRACT_TITLE\":\"Project Example\",\"MILESTONE_TITLE\":\"Milestone 2 \",\"DISPUTE_URL\":\"https:\\/\\/upwork.scriptlisting.com\\/contract\\/disputedetails\\/d9d4f495e875a2e075a1a4a6e1b9770f\"}', 'contract/disputedetails/d9d4f495e875a2e075a1a4a6e1b9770f', 1, '2022-03-28 15:02:19'),
(282, 11, 4, 'project-invitation', '{\"SENDER_NAME\":\"Workwork\",\"RECEIVER_NAME\":\"Dev sharma\",\"TITLE\":\"PROJECT BLOG ADVERTISING\",\"URL\":\"https:\\/\\/upwork.scriptlisting.com\\/p\\/project-blog-advertising\"}', 'p/project-blog-advertising', 0, '2022-03-31 05:06:37'),
(283, 1, 11, 'new-proposal', '{\"SENDER_NAME\":\"Asharam Pakhira New\",\"RECEIVER_NAME\":\"Workwork\",\"TITLE\":\"Test Backend {rpject\",\"PROJECT_URL\":\"https:\\/\\/upwork.scriptlisting.com\\/p\\/test-backend-rpject\"}', 'p/test-backend-rpject', 1, '2022-04-04 14:11:57'),
(284, 11, 16, 'project-invitation', '{\"SENDER_NAME\":\"Workwork\",\"RECEIVER_NAME\":\"Asim Patra\",\"TITLE\":\"Test design\",\"URL\":\"https:\\/\\/upwork.scriptlisting.com\\/p\\/test-design\"}', 'p/test-design', 0, '2022-04-06 04:37:20'),
(285, 11, 15, 'project-invitation', '{\"SENDER_NAME\":\"Workwork\",\"RECEIVER_NAME\":\"Asish Per\",\"TITLE\":\"Test design\",\"URL\":\"https:\\/\\/upwork.scriptlisting.com\\/p\\/test-design\"}', 'p/test-design', 0, '2022-04-06 04:37:34'),
(286, 1, 11, 'new-proposal', '{\"SENDER_NAME\":\"Asharam Pakhira New\",\"RECEIVER_NAME\":\"Workwork\",\"TITLE\":\"Test design\",\"PROJECT_URL\":\"https:\\/\\/upwork.scriptlisting.com\\/p\\/test-design\"}', 'p/test-design', 1, '2022-04-06 04:44:22'),
(287, 11, 1, 'new-project-offer', '{\"SENDER_NAME\":\"Workwork\",\"RECEIVER_NAME\":\"Asharam Pakhira New\",\"TITLE\":\"Test design\",\"OFFER_URL\":\"https:\\/\\/upwork.scriptlisting.com\\/contract\\/offer\\/d645920e395fedad7bbbed0eca3fe2e0\"}', 'contract/offer/d645920e395fedad7bbbed0eca3fe2e0', 0, '2022-04-06 04:51:43'),
(288, 11, 35, 'project-invitation', '{\"SENDER_NAME\":\"Workwork\",\"RECEIVER_NAME\":\"dfsg ydfghd\",\"TITLE\":\"Test design\",\"URL\":\"https:\\/\\/upwork.scriptlisting.com\\/p\\/test-design\"}', 'p/test-design', 0, '2022-04-06 04:54:59'),
(289, 11, 15, 'new-project-offer', '{\"SENDER_NAME\":\"Workwork\",\"RECEIVER_NAME\":\"Asish Per\",\"TITLE\":\"Test design\",\"OFFER_URL\":\"https:\\/\\/upwork.scriptlisting.com\\/contract\\/offer\\/3416a75f4cea9109507cacd8e2f2aefc\"}', 'contract/offer/3416a75f4cea9109507cacd8e2f2aefc', 1, '2022-04-11 01:20:40'),
(290, 11, 1, 'end-contract', '{\"SENDER_NAME\":\"Workwork\",\"RECEIVER_NAME\":\"Asharam Pakhira New\",\"TITLE\":\"Project Example\",\"CONTRACT_TITLE\":\"Project Example\",\"WORK_URL\":\"https:\\/\\/upwork.scriptlisting.com\\/contract\\/term\\/d67d8ab4f4c10bf22aa353e27879133c\"}', 'contract/term/d67d8ab4f4c10bf22aa353e27879133c', 1, '2022-04-11 01:56:19'),
(291, 11, 16, 'project-invitation', '{\"SENDER_NAME\":\"Workwork\",\"RECEIVER_NAME\":\"Asim Patra\",\"TITLE\":\"test 2\",\"URL\":\"https:\\/\\/upwork.scriptlisting.com\\/p\\/test-2-1\"}', 'p/test-2-1', 0, '2022-04-11 03:41:04'),
(292, 11, 16, 'new-project-offer', '{\"SENDER_NAME\":\"Workwork\",\"RECEIVER_NAME\":\"Asim Patra\",\"TITLE\":\"test 2\",\"OFFER_URL\":\"https:\\/\\/upwork.scriptlisting.com\\/contract\\/offer\\/a1d0c6e83f027327d8461063f4ac58a6\"}', 'contract/offer/a1d0c6e83f027327d8461063f4ac58a6', 0, '2022-04-11 03:42:22'),
(293, 1, 11, 'new-proposal', '{\"SENDER_NAME\":\"Asharam Pakhira New\",\"RECEIVER_NAME\":\"Workwork\",\"TITLE\":\"test 2\",\"PROJECT_URL\":\"https:\\/\\/upwork.scriptlisting.com\\/p\\/test-2-1\"}', 'p/test-2-1', 1, '2022-04-11 03:51:05'),
(294, 11, 15, 'project-invitation', '{\"SENDER_NAME\":\"Workwork\",\"RECEIVER_NAME\":\"Asish Per\",\"TITLE\":\"ERFBRGTBH\",\"URL\":\"https:\\/\\/upwork.scriptlisting.com\\/p\\/erfbrgtbh\"}', 'p/erfbrgtbh', 0, '2022-04-12 09:29:04'),
(295, 11, 15, 'project-invitation', '{\"SENDER_NAME\":\"Workwork\",\"RECEIVER_NAME\":\"Asish Per\",\"TITLE\":\"ERFBRGTBH\",\"URL\":\"https:\\/\\/upwork.scriptlisting.com\\/p\\/erfbrgtbh\"}', 'p/erfbrgtbh', 0, '2022-04-12 09:35:38'),
(296, 11, 1, 'new-project-offer', '{\"SENDER_NAME\":\"Workwork\",\"RECEIVER_NAME\":\"Asharam Pakhira New\",\"TITLE\":\"ERFBRGTBH\",\"OFFER_URL\":\"https:\\/\\/upwork.scriptlisting.com\\/contract\\/offer\\/17e62166fc8586dfa4d1bc0e1742c08b\"}', 'contract/offer/17e62166fc8586dfa4d1bc0e1742c08b', 1, '2022-04-12 09:36:33'),
(297, 1, 11, 'new-proposal', '{\"SENDER_NAME\":\"Asharam Pakhira New\",\"RECEIVER_NAME\":\"Workwork\",\"TITLE\":\"ERFBRGTBH\",\"PROJECT_URL\":\"https:\\/\\/upwork.scriptlisting.com\\/p\\/erfbrgtbh\"}', 'p/erfbrgtbh', 1, '2022-04-12 09:43:09'),
(298, 11, 1, 'new-project-offer', '{\"SENDER_NAME\":\"Workwork\",\"RECEIVER_NAME\":\"Asharam Pakhira New\",\"TITLE\":\"ERFBRGTBH\",\"OFFER_URL\":\"https:\\/\\/upwork.scriptlisting.com\\/contract\\/offer\\/f7177163c833dff4b38fc8d2872f1ec6\"}', 'contract/offer/f7177163c833dff4b38fc8d2872f1ec6', 1, '2022-04-12 09:44:13'),
(299, 1, 11, 'project-offer-accepted', '{\"SENDER_NAME\":\"Asharam Pakhira New\",\"RECEIVER_NAME\":\"Workwork\",\"TITLE\":\"ERFBRGTBH\",\"OFFER_URL\":\"https:\\/\\/upwork.scriptlisting.com\\/contract\\/offer\\/f7177163c833dff4b38fc8d2872f1ec6\"}', 'contract/offer/f7177163c833dff4b38fc8d2872f1ec6', 1, '2022-05-04 04:41:37'),
(300, 11, 16, 'project-invitation', '{\"SENDER_NAME\":\"Workwork\",\"RECEIVER_NAME\":\"Asim Patra\",\"TITLE\":\"test 2\",\"URL\":\"https:\\/\\/upwork.scriptlisting.com\\/p\\/test-2-1\"}', 'p/test-2-1', 0, '2022-05-10 08:48:56'),
(301, 1, 11, 'new-proposal', '{\"SENDER_NAME\":\"Asharam Pakhira New\",\"RECEIVER_NAME\":\"Workwork\",\"TITLE\":\"Testing AB\",\"PROJECT_URL\":\"https:\\/\\/upwork.scriptlisting.com\\/p\\/testing-ab\"}', 'p/testing-ab', 1, '2022-05-18 16:18:02'),
(302, 16, 11, 'new-proposal', '{\"SENDER_NAME\":\"Asim Patra\",\"RECEIVER_NAME\":\"Workwork\",\"TITLE\":\"Software Developer\",\"PROJECT_URL\":\"https:\\/\\/upwork.scriptlisting.com\\/p\\/software-developer\"}', 'p/software-developer', 0, '2022-05-26 13:54:10'),
(303, 16, 11, 'project-offer-rejected', '{\"SENDER_NAME\":\"Asim Patra\",\"RECEIVER_NAME\":\"Workwork\",\"TITLE\":\"test 2\",\"OFFER_URL\":\"https:\\/\\/upwork.scriptlisting.com\\/contract\\/offer\\/a1d0c6e83f027327d8461063f4ac58a6\"}', 'contract/offer/a1d0c6e83f027327d8461063f4ac58a6', 1, '2022-05-26 14:32:45'),
(304, 11, 16, 'new-project-offer', '{\"SENDER_NAME\":\"Workwork\",\"RECEIVER_NAME\":\"Asim Patra\",\"TITLE\":\"Software Developer\",\"OFFER_URL\":\"https:\\/\\/upwork.scriptlisting.com\\/contract\\/offer\\/6c8349cc7260ae62e3b1396831a8398f\"}', 'contract/offer/6c8349cc7260ae62e3b1396831a8398f', 1, '2022-05-27 07:28:18'),
(305, 16, 11, 'new-proposal', '{\"SENDER_NAME\":\"Asim Patra\",\"RECEIVER_NAME\":\"Workwork\",\"TITLE\":\"Widget Platform\",\"PROJECT_URL\":\"https:\\/\\/upwork.scriptlisting.com\\/p\\/widget-platform\"}', 'p/widget-platform', 1, '2022-05-27 08:13:57'),
(306, 11, 16, 'new-project-offer', '{\"SENDER_NAME\":\"Workwork\",\"RECEIVER_NAME\":\"Asim Patra\",\"TITLE\":\"Widget Platform\",\"OFFER_URL\":\"https:\\/\\/upwork.scriptlisting.com\\/contract\\/offer\\/d9d4f495e875a2e075a1a4a6e1b9770f\"}', 'contract/offer/d9d4f495e875a2e075a1a4a6e1b9770f', 1, '2022-05-27 08:18:11'),
(307, 16, 11, 'project-offer-accepted', '{\"SENDER_NAME\":\"Asim Patra\",\"RECEIVER_NAME\":\"Workwork\",\"TITLE\":\"Widget Platform\",\"OFFER_URL\":\"https:\\/\\/upwork.scriptlisting.com\\/contract\\/offer\\/d9d4f495e875a2e075a1a4a6e1b9770f\"}', 'contract/offer/d9d4f495e875a2e075a1a4a6e1b9770f', 1, '2022-05-27 08:19:24'),
(308, 16, 11, 'work-submission', '{\"SENDER_NAME\":\"Asim Patra\",\"RECEIVER_NAME\":\"Workwork\",\"TITLE\":\"Widget Platform\",\"CONTRACT_TITLE\":\"Widget Platform--Contract\",\"MILESTONE_TITLE\":\"UI\\/UX\",\"WORK_URL\":\"https:\\/\\/upwork.scriptlisting.com\\/contract\\/milestone\\/9a1158154dfa42caddbd0694a4e9bdc8\"}', 'contract/milestone/9a1158154dfa42caddbd0694a4e9bdc8', 1, '2022-05-27 08:23:02'),
(309, 11, 16, 'work-submission-accepted', '{\"SENDER_NAME\":\"Workwork\",\"RECEIVER_NAME\":\"Asim Patra\",\"TITLE\":\"Widget Platform\",\"CONTRACT_TITLE\":\"Widget Platform--Contract\",\"MILESTONE_TITLE\":\"UI\\/UX\",\"WORK_URL\":\"https:\\/\\/upwork.scriptlisting.com\\/contract\\/milestone\\/9a1158154dfa42caddbd0694a4e9bdc8\"}', 'contract/milestone/9a1158154dfa42caddbd0694a4e9bdc8', 1, '2022-05-27 08:23:31'),
(310, 11, 33, 'new-project-offer', '{\"SENDER_NAME\":\"Workwork\",\"RECEIVER_NAME\":\"swim\",\"TITLE\":\"test\",\"OFFER_URL\":\"https:\\/\\/upwork.scriptlisting.com\\/contract\\/offer\\/67c6a1e7ce56d3d6fa748ab6d9af3fd7\"}', 'contract/offer/67c6a1e7ce56d3d6fa748ab6d9af3fd7', 0, '2022-06-09 18:41:36'),
(311, 16, 42, 'new-proposal', '{\"SENDER_NAME\":\"Asim Patra\",\"RECEIVER_NAME\":\"dossary\",\"TITLE\":\"HADI PROJECT\",\"PROJECT_URL\":\"https:\\/\\/upwork.scriptlisting.com\\/ar\\/p\\/hadi-project\"}', 'p/hadi-project', 1, '2022-06-14 04:53:26'),
(312, 41, 42, 'new-proposal', '{\"SENDER_NAME\":\"hdossary\",\"RECEIVER_NAME\":\"dossary\",\"TITLE\":\"HADI PROJECT\",\"PROJECT_URL\":\"https:\\/\\/upwork.scriptlisting.com\\/p\\/hadi-project\"}', 'p/hadi-project', 1, '2022-06-15 10:28:10'),
(313, 42, 44, 'new-project-offer', '{\"SENDER_NAME\":\"dossary\",\"RECEIVER_NAME\":\"SAMI\",\"TITLE\":\"HADI PROJECT\",\"OFFER_URL\":\"https:\\/\\/upwork.scriptlisting.com\\/contract\\/offer\\/642e92efb79421734881b53e1e1b18b6\"}', 'contract/offer/642e92efb79421734881b53e1e1b18b6', 1, '2022-06-15 10:35:05'),
(314, 44, 42, 'project-offer-accepted', '{\"SENDER_NAME\":\"SAMI\",\"RECEIVER_NAME\":\"dossary\",\"TITLE\":\"HADI PROJECT\",\"OFFER_URL\":\"https:\\/\\/upwork.scriptlisting.com\\/contract\\/offer\\/642e92efb79421734881b53e1e1b18b6\"}', 'contract/offer/642e92efb79421734881b53e1e1b18b6', 1, '2022-06-15 10:37:26'),
(315, 42, 44, 'new-project-offer', '{\"SENDER_NAME\":\"dossary\",\"RECEIVER_NAME\":\"SAMI\",\"TITLE\":\"HADI PROJECT\",\"OFFER_URL\":\"https:\\/\\/upwork.scriptlisting.com\\/contract\\/offer\\/f457c545a9ded88f18ecee47145a72c0\"}', 'contract/offer/f457c545a9ded88f18ecee47145a72c0', 0, '2022-06-15 10:49:21'),
(316, 42, 41, 'project-invitation', '{\"SENDER_NAME\":\"dossary\",\"RECEIVER_NAME\":\"hdossary\",\"TITLE\":\"HADI PROJECT\",\"URL\":\"https:\\/\\/upwork.scriptlisting.com\\/p\\/hadi-project\"}', 'p/hadi-project', 1, '2022-06-15 10:49:55'),
(317, 44, 42, 'new-proposal', '{\"SENDER_NAME\":\"SAMI\",\"RECEIVER_NAME\":\"dossary\",\"TITLE\":\"HADI PROJECT\",\"PROJECT_URL\":\"https:\\/\\/upwork.scriptlisting.com\\/p\\/hadi-project\"}', 'p/hadi-project', 0, '2022-06-15 10:51:34'),
(318, 42, 44, 'project-invitation', '{\"SENDER_NAME\":\"dossary\",\"RECEIVER_NAME\":\"SAMI\",\"TITLE\":\"HADI PROJECT\",\"URL\":\"https:\\/\\/upwork.scriptlisting.com\\/p\\/hadi-project\"}', 'p/hadi-project', 1, '2022-06-15 11:05:47'),
(319, 42, 44, 'new-project-offer', '{\"SENDER_NAME\":\"dossary\",\"RECEIVER_NAME\":\"SAMI\",\"TITLE\":\"HADI PROJECT\",\"OFFER_URL\":\"https:\\/\\/upwork.scriptlisting.com\\/contract\\/offer\\/c0c7c76d30bd3dcaefc96f40275bdc0a\"}', 'contract/offer/c0c7c76d30bd3dcaefc96f40275bdc0a', 1, '2022-06-15 11:21:31'),
(320, 44, 42, 'project-offer-accepted', '{\"SENDER_NAME\":\"SAMI\",\"RECEIVER_NAME\":\"dossary\",\"TITLE\":\"HADI PROJECT\",\"OFFER_URL\":\"https:\\/\\/upwork.scriptlisting.com\\/contract\\/offer\\/c0c7c76d30bd3dcaefc96f40275bdc0a\"}', 'contract/offer/c0c7c76d30bd3dcaefc96f40275bdc0a', 1, '2022-06-15 11:22:45'),
(321, 42, 44, 'end-contract', '{\"SENDER_NAME\":\"dossary\",\"RECEIVER_NAME\":\"SAMI\",\"TITLE\":\"HADI PROJECT\",\"CONTRACT_TITLE\":\"HADI PROJECT\",\"WORK_URL\":\"https:\\/\\/upwork.scriptlisting.com\\/workroom\\/term\\/c0c7c76d30bd3dcaefc96f40275bdc0a\"}', 'workroom/term/c0c7c76d30bd3dcaefc96f40275bdc0a', 0, '2022-06-15 11:24:58'),
(322, 42, 44, 'pause-contract', '{\"SENDER_NAME\":\"dossary\",\"RECEIVER_NAME\":\"SAMI\",\"TITLE\":\"HADI PROJECT\",\"CONTRACT_TITLE\":\"HADI PROJECT\",\"WORK_URL\":\"https:\\/\\/upwork.scriptlisting.com\\/workroom\\/details\\/c0c7c76d30bd3dcaefc96f40275bdc0a\"}', 'workroom/details/c0c7c76d30bd3dcaefc96f40275bdc0a', 1, '2022-06-15 11:25:14'),
(323, 11, 1, 'project-invitation', '{\"SENDER_NAME\":\"Workwork\",\"RECEIVER_NAME\":\"Asharam Pakhira New\",\"TITLE\":\"Software Developer\",\"URL\":\"https:\\/\\/upwork.scriptlisting.com\\/p\\/software-developer\"}', 'p/software-developer', 1, '2022-06-15 20:38:28'),
(324, 42, 44, 'new-project-offer', '{\"SENDER_NAME\":\"dossary\",\"RECEIVER_NAME\":\"SAMI\",\"TITLE\":\"HADI PROJECT\",\"OFFER_URL\":\"https:\\/\\/upwork.scriptlisting.com\\/contract\\/offer\\/2838023a778dfaecdc212708f721b788\"}', 'contract/offer/2838023a778dfaecdc212708f721b788', 1, '2022-06-18 07:04:59'),
(325, 44, 42, 'project-offer-accepted', '{\"SENDER_NAME\":\"SAMI\",\"RECEIVER_NAME\":\"dossary\",\"TITLE\":\"HADI PROJECT\",\"OFFER_URL\":\"https:\\/\\/upwork.scriptlisting.com\\/contract\\/offer\\/2838023a778dfaecdc212708f721b788\"}', 'contract/offer/2838023a778dfaecdc212708f721b788', 1, '2022-06-18 07:06:22'),
(326, 42, 41, 'new-project-offer', '{\"SENDER_NAME\":\"dossary\",\"RECEIVER_NAME\":\"hdossary\",\"TITLE\":\"HADI PROJECT\",\"OFFER_URL\":\"https:\\/\\/upwork.scriptlisting.com\\/contract\\/offer\\/9a1158154dfa42caddbd0694a4e9bdc8\"}', 'contract/offer/9a1158154dfa42caddbd0694a4e9bdc8', 1, '2022-06-18 07:40:03'),
(327, 41, 42, 'project-offer-accepted', '{\"SENDER_NAME\":\"hdossary\",\"RECEIVER_NAME\":\"dossary\",\"TITLE\":\"HADI PROJECT\",\"OFFER_URL\":\"https:\\/\\/upwork.scriptlisting.com\\/contract\\/offer\\/9a1158154dfa42caddbd0694a4e9bdc8\"}', 'contract/offer/9a1158154dfa42caddbd0694a4e9bdc8', 1, '2022-06-18 07:41:14'),
(328, 11, 4, 'project-invitation', '{\"SENDER_NAME\":\"Workwork\",\"RECEIVER_NAME\":\"Dev sharma\",\"TITLE\":\"test\",\"URL\":\"https:\\/\\/upwork.scriptlisting.com\\/p\\/test-3\"}', 'p/test-3', 0, '2022-06-25 22:09:24'),
(329, 11, 44, 'project-invitation', '{\"SENDER_NAME\":\"Workwork\",\"RECEIVER_NAME\":\"SAMI\",\"TITLE\":\"Test Project\",\"URL\":\"https:\\/\\/upwork.scriptlisting.com\\/p\\/test-project\"}', 'p/test-project', 1, '2022-06-28 07:42:56'),
(330, 42, 49, 'project-invitation', '{\"SENDER_NAME\":\"hr\",\"RECEIVER_NAME\":\"\\u0647\\u0627\\u062f\\u064a \\u0627\\u0644\\u062f\\u0648\\u0633\\u0631\\u064a\",\"TITLE\":\"\\u0634\\u0639\\u0627\\u0631 \\u0646\\u0627\\u062f\\u064a \\u0627\\u0644\\u0647\\u0644\\u0627\\u0644\",\"URL\":\"https:\\/\\/upwork.scriptlisting.com\\/p\\/\\u0634\\u0639\\u0627\\u0631-\\u0646\\u0627\\u062f\\u064a-\\u0627\\u0644\\u0647\\u0644\\u0627\\u0644\"}', 'p/شعار-نادي-الهلال', 0, '2022-07-13 10:23:36'),
(331, 1, 11, 'new-proposal', '{\"SENDER_NAME\":\"Asharam Pakhira New\",\"RECEIVER_NAME\":\"Workwork\",\"TITLE\":\"werwer\",\"PROJECT_URL\":\"https:\\/\\/upwork.scriptlisting.com\\/p\\/werwer\"}', 'p/werwer', 1, '2022-07-16 23:08:10'),
(332, 15, 11, 'new-proposal', '{\"SENDER_NAME\":\"Asish Per\",\"RECEIVER_NAME\":\"Workwork\",\"TITLE\":\"Filter\\/Sort Firebase Realtime Database\",\"PROJECT_URL\":\"https:\\/\\/upwork.scriptlisting.com\\/p\\/filtersort-firebase-realtime-database\"}', 'p/filtersort-firebase-realtime-database', 1, '2022-07-17 03:10:41'),
(333, 11, 15, 'new-project-offer', '{\"SENDER_NAME\":\"Workwork\",\"RECEIVER_NAME\":\"Asish Per\",\"TITLE\":\"Filter\\/Sort Firebase Realtime Database\",\"OFFER_URL\":\"https:\\/\\/upwork.scriptlisting.com\\/contract\\/offer\\/d82c8d1619ad8176d665453cfb2e55f0\"}', 'contract/offer/d82c8d1619ad8176d665453cfb2e55f0', 1, '2022-07-17 03:11:43'),
(334, 15, 11, 'project-offer-accepted', '{\"SENDER_NAME\":\"Asish Per\",\"RECEIVER_NAME\":\"Workwork\",\"TITLE\":\"Filter\\/Sort Firebase Realtime Database\",\"OFFER_URL\":\"https:\\/\\/upwork.scriptlisting.com\\/contract\\/offer\\/d82c8d1619ad8176d665453cfb2e55f0\"}', 'contract/offer/d82c8d1619ad8176d665453cfb2e55f0', 0, '2022-07-17 03:12:02'),
(335, 41, 11, 'new-proposal', '{\"SENDER_NAME\":\"hdossary\",\"RECEIVER_NAME\":\"Workwork\",\"TITLE\":\"werwer\",\"PROJECT_URL\":\"https:\\/\\/upwork.scriptlisting.com\\/p\\/werwer\"}', 'p/werwer', 1, '2022-07-18 11:12:58'),
(336, 41, 42, 'end-contract', '{\"SENDER_NAME\":\"hdossary\",\"RECEIVER_NAME\":\"hr\",\"TITLE\":\"HADI PROJECT\",\"CONTRACT_TITLE\":\"HADI PROJECT\",\"WORK_URL\":\"https:\\/\\/upwork.scriptlisting.com\\/workroom\\/term\\/9a1158154dfa42caddbd0694a4e9bdc8\"}', 'workroom/term/9a1158154dfa42caddbd0694a4e9bdc8', 1, '2022-07-18 11:43:32'),
(337, 42, 41, 'end-contract', '{\"SENDER_NAME\":\"hr\",\"RECEIVER_NAME\":\"hdossary\",\"TITLE\":\"HADI PROJECT\",\"CONTRACT_TITLE\":\"HADI PROJECT\",\"WORK_URL\":\"https:\\/\\/upwork.scriptlisting.com\\/workroom\\/term\\/9a1158154dfa42caddbd0694a4e9bdc8\"}', 'workroom/term/9a1158154dfa42caddbd0694a4e9bdc8', 1, '2022-07-18 11:45:37'),
(338, 1, 11, 'new-proposal', '{\"SENDER_NAME\":\"Asharam Pakhira New\",\"RECEIVER_NAME\":\"Workwork\",\"TITLE\":\"PHP DEVELOPER\",\"PROJECT_URL\":\"https:\\/\\/upwork.scriptlisting.com\\/p\\/php-developer\"}', 'p/php-developer', 1, '2022-07-24 19:49:39'),
(339, 11, 1, 'new-project-offer', '{\"SENDER_NAME\":\"Workwork\",\"RECEIVER_NAME\":\"Asharam Pakhira New\",\"TITLE\":\"PHP DEVELOPER\",\"OFFER_URL\":\"https:\\/\\/upwork.scriptlisting.com\\/contract\\/offer\\/a684eceee76fc522773286a895bc8436\"}', 'contract/offer/a684eceee76fc522773286a895bc8436', 1, '2022-07-24 19:52:01'),
(340, 1, 11, 'project-offer-accepted', '{\"SENDER_NAME\":\"Asharam Pakhira New\",\"RECEIVER_NAME\":\"Workwork\",\"TITLE\":\"PHP DEVELOPER\",\"OFFER_URL\":\"https:\\/\\/upwork.scriptlisting.com\\/contract\\/offer\\/a684eceee76fc522773286a895bc8436\"}', 'contract/offer/a684eceee76fc522773286a895bc8436', 1, '2022-07-24 19:52:15'),
(341, 1, 11, 'work-submission', '{\"SENDER_NAME\":\"Asharam Pakhira New\",\"RECEIVER_NAME\":\"Workwork\",\"TITLE\":\"PHP DEVELOPER\",\"CONTRACT_TITLE\":\"PHP DEVELOPER\",\"MILESTONE_TITLE\":\"PHP DEVELOPER\",\"WORK_URL\":\"https:\\/\\/upwork.scriptlisting.com\\/contract\\/milestone\\/72b32a1f754ba1c09b3695e0cb6cde7f\"}', 'contract/milestone/72b32a1f754ba1c09b3695e0cb6cde7f', 1, '2022-07-24 19:52:34'),
(342, 11, 1, 'work-submission-accepted', '{\"SENDER_NAME\":\"Workwork\",\"RECEIVER_NAME\":\"Asharam Pakhira New\",\"TITLE\":\"PHP DEVELOPER\",\"CONTRACT_TITLE\":\"PHP DEVELOPER\",\"MILESTONE_TITLE\":\"PHP DEVELOPER\",\"WORK_URL\":\"https:\\/\\/upwork.scriptlisting.com\\/contract\\/milestone\\/72b32a1f754ba1c09b3695e0cb6cde7f\"}', 'contract/milestone/72b32a1f754ba1c09b3695e0cb6cde7f', 0, '2022-07-24 19:53:31'),
(343, 11, 1, 'new-project-offer', '{\"SENDER_NAME\":\"Workwork\",\"RECEIVER_NAME\":\"Asharam Pakhira New\",\"TITLE\":\"Test Project\",\"OFFER_URL\":\"https:\\/\\/upwork.scriptlisting.com\\/contract\\/offer\\/b53b3a3d6ab90ce0268229151c9bde11\"}', 'contract/offer/b53b3a3d6ab90ce0268229151c9bde11', 1, '2022-07-24 19:54:10'),
(344, 1, 11, 'project-offer-accepted', '{\"SENDER_NAME\":\"Asharam Pakhira New\",\"RECEIVER_NAME\":\"Workwork\",\"TITLE\":\"Test Project\",\"OFFER_URL\":\"https:\\/\\/upwork.scriptlisting.com\\/contract\\/offer\\/b53b3a3d6ab90ce0268229151c9bde11\"}', 'contract/offer/b53b3a3d6ab90ce0268229151c9bde11', 0, '2022-07-24 19:54:18'),
(345, 1, 11, 'hourly-work-submission', '{\"SENDER_NAME\":\"Asharam Pakhira New\",\"RECEIVER_NAME\":\"Workwork\",\"TITLE\":\"Test Project\",\"CONTRACT_TITLE\":\"Test Project\",\"WORK_URL\":\"https:\\/\\/upwork.scriptlisting.com\\/workroom\\/worklog\\/b53b3a3d6ab90ce0268229151c9bde11\"}', 'workroom/worklog/b53b3a3d6ab90ce0268229151c9bde11', 1, '2022-07-24 19:54:48'),
(346, 11, 1, 'end-contract', '{\"SENDER_NAME\":\"Workwork\",\"RECEIVER_NAME\":\"Asharam Pakhira New\",\"TITLE\":\"PHP DEVELOPER\",\"CONTRACT_TITLE\":\"PHP DEVELOPER\",\"WORK_URL\":\"https:\\/\\/upwork.scriptlisting.com\\/contract\\/term\\/a684eceee76fc522773286a895bc8436\"}', 'contract/term/a684eceee76fc522773286a895bc8436', 1, '2022-07-24 19:55:43'),
(347, 1, 11, 'end-contract', '{\"SENDER_NAME\":\"Asharam Pakhira New\",\"RECEIVER_NAME\":\"Workwork\",\"TITLE\":\"PHP DEVELOPER\",\"CONTRACT_TITLE\":\"PHP DEVELOPER\",\"WORK_URL\":\"https:\\/\\/upwork.scriptlisting.com\\/contract\\/term\\/a684eceee76fc522773286a895bc8436\"}', 'contract/term/a684eceee76fc522773286a895bc8436', 1, '2022-07-24 19:56:03'),
(348, 1, 11, 'new-proposal', '{\"SENDER_NAME\":\"Asharam Pakhira New\",\"RECEIVER_NAME\":\"Workwork\",\"TITLE\":\"test\",\"PROJECT_URL\":\"https:\\/\\/upwork.scriptlisting.com\\/p\\/test-5\"}', 'p/test-5', 1, '2022-08-08 11:59:17'),
(349, 11, 1, 'new-project-offer', '{\"SENDER_NAME\":\"Workwork\",\"RECEIVER_NAME\":\"Asharam Pakhira New\",\"TITLE\":\"test\",\"OFFER_URL\":\"https:\\/\\/upwork.scriptlisting.com\\/contract\\/offer\\/9f61408e3afb633e50cdf1b20de6f466\"}', 'contract/offer/9f61408e3afb633e50cdf1b20de6f466', 0, '2022-08-08 12:03:18'),
(350, 1, 11, 'project-offer-accepted', '{\"SENDER_NAME\":\"Asharam Pakhira New\",\"RECEIVER_NAME\":\"Workwork\",\"TITLE\":\"test\",\"OFFER_URL\":\"https:\\/\\/upwork.scriptlisting.com\\/contract\\/offer\\/9f61408e3afb633e50cdf1b20de6f466\"}', 'contract/offer/9f61408e3afb633e50cdf1b20de6f466', 1, '2022-08-08 12:04:46'),
(351, 1, 11, 'end-contract', '{\"SENDER_NAME\":\"Asharam Pakhira New\",\"RECEIVER_NAME\":\"Workwork\",\"TITLE\":\"test\",\"CONTRACT_TITLE\":\"Test\",\"WORK_URL\":\"https:\\/\\/upwork.scriptlisting.com\\/workroom\\/term\\/9f61408e3afb633e50cdf1b20de6f466\"}', 'workroom/term/9f61408e3afb633e50cdf1b20de6f466', 1, '2022-08-08 12:11:26'),
(352, 11, 1, 'hourly-work-submission-accepted', '{\"SENDER_NAME\":\"Workwork\",\"RECEIVER_NAME\":\"Asharam Pakhira New\",\"TITLE\":\"Test Project\",\"CONTRACT_TITLE\":\"Test Project\",\"WORK_URL\":\"https:\\/\\/upwork.scriptlisting.com\\/workroom\\/worklog\\/b53b3a3d6ab90ce0268229151c9bde11\"}', 'workroom/worklog/b53b3a3d6ab90ce0268229151c9bde11', 0, '2022-08-14 06:58:38'),
(353, 11, 1, 'pause-contract', '{\"SENDER_NAME\":\"Workwork\",\"RECEIVER_NAME\":\"Asharam Pakhira New\",\"TITLE\":\"Test Project\",\"CONTRACT_TITLE\":\"Test Project\",\"WORK_URL\":\"https:\\/\\/upwork.scriptlisting.com\\/workroom\\/details\\/b53b3a3d6ab90ce0268229151c9bde11\"}', 'workroom/details/b53b3a3d6ab90ce0268229151c9bde11', 0, '2022-08-14 06:59:02'),
(354, 16, 32, 'work-submission', '{\"SENDER_NAME\":\"Asim Patra\",\"RECEIVER_NAME\":\"saad\",\"TITLE\":\"laravel dvlpr\",\"CONTRACT_TITLE\":\"Laravel dvlpr\",\"MILESTONE_TITLE\":\"Laravel dvlpr\",\"WORK_URL\":\"https:\\/\\/upwork.scriptlisting.com\\/contract\\/milestone\\/19ca14e7ea6328a42e0eb13d585e4c22\"}', 'contract/milestone/19ca14e7ea6328a42e0eb13d585e4c22', 0, '2022-08-24 23:38:09'),
(355, 16, 11, 'project-offer-accepted', '{\"SENDER_NAME\":\"Asim Patra\",\"RECEIVER_NAME\":\"Workwork\",\"TITLE\":\"Software Developer\",\"OFFER_URL\":\"https:\\/\\/upwork.scriptlisting.com\\/contract\\/offer\\/6c8349cc7260ae62e3b1396831a8398f\"}', 'contract/offer/6c8349cc7260ae62e3b1396831a8398f', 1, '2022-08-24 23:48:15'),
(356, 11, 16, 'new-project-offer', '{\"SENDER_NAME\":\"Workwork\",\"RECEIVER_NAME\":\"Asim Patra\",\"TITLE\":\"Software Developer\",\"OFFER_URL\":\"https:\\/\\/upwork.scriptlisting.com\\/contract\\/offer\\/72b32a1f754ba1c09b3695e0cb6cde7f\"}', 'contract/offer/72b32a1f754ba1c09b3695e0cb6cde7f', 1, '2022-08-24 23:55:42'),
(357, 16, 11, 'project-offer-accepted', '{\"SENDER_NAME\":\"Asim Patra\",\"RECEIVER_NAME\":\"Workwork\",\"TITLE\":\"Software Developer\",\"OFFER_URL\":\"https:\\/\\/upwork.scriptlisting.com\\/contract\\/offer\\/72b32a1f754ba1c09b3695e0cb6cde7f\"}', 'contract/offer/72b32a1f754ba1c09b3695e0cb6cde7f', 1, '2022-08-24 23:56:20'),
(358, 16, 11, 'hourly-work-submission', '{\"SENDER_NAME\":\"Asim Patra\",\"RECEIVER_NAME\":\"Workwork\",\"TITLE\":\"Software Developer\",\"CONTRACT_TITLE\":\"Software Developer\",\"WORK_URL\":\"https:\\/\\/upwork.scriptlisting.com\\/workroom\\/worklog\\/72b32a1f754ba1c09b3695e0cb6cde7f\"}', 'workroom/worklog/72b32a1f754ba1c09b3695e0cb6cde7f', 1, '2022-08-24 23:58:43'),
(359, 11, 16, 'hourly-work-submission-rejected', '{\"SENDER_NAME\":\"Workwork\",\"RECEIVER_NAME\":\"Asim Patra\",\"TITLE\":\"Software Developer\",\"CONTRACT_TITLE\":\"Software Developer\",\"WORK_URL\":\"https:\\/\\/upwork.scriptlisting.com\\/workroom\\/worklog\\/72b32a1f754ba1c09b3695e0cb6cde7f\",\"REJECT_REASON\":\"Not\"}', 'workroom/worklog/72b32a1f754ba1c09b3695e0cb6cde7f', 1, '2022-08-25 00:00:39'),
(360, 16, 11, 'hourly-work-submission', '{\"SENDER_NAME\":\"Asim Patra\",\"RECEIVER_NAME\":\"Workwork\",\"TITLE\":\"Software Developer\",\"CONTRACT_TITLE\":\"Software Developer\",\"WORK_URL\":\"https:\\/\\/upwork.scriptlisting.com\\/workroom\\/worklog\\/72b32a1f754ba1c09b3695e0cb6cde7f\"}', 'workroom/worklog/72b32a1f754ba1c09b3695e0cb6cde7f', 1, '2022-08-25 00:03:48'),
(361, 11, 16, 'hourly-work-submission-accepted', '{\"SENDER_NAME\":\"Workwork\",\"RECEIVER_NAME\":\"Asim Patra\",\"TITLE\":\"Software Developer\",\"CONTRACT_TITLE\":\"Software Developer\",\"WORK_URL\":\"https:\\/\\/upwork.scriptlisting.com\\/workroom\\/worklog\\/72b32a1f754ba1c09b3695e0cb6cde7f\"}', 'workroom/worklog/72b32a1f754ba1c09b3695e0cb6cde7f', 1, '2022-08-25 00:04:16'),
(362, 11, 16, 'pause-contract', '{\"SENDER_NAME\":\"Workwork\",\"RECEIVER_NAME\":\"Asim Patra\",\"TITLE\":\"Software Developer\",\"CONTRACT_TITLE\":\"Software Developer\",\"WORK_URL\":\"https:\\/\\/upwork.scriptlisting.com\\/workroom\\/details\\/72b32a1f754ba1c09b3695e0cb6cde7f\"}', 'workroom/details/72b32a1f754ba1c09b3695e0cb6cde7f', 1, '2022-08-25 00:06:28'),
(363, 11, 16, 'resume-contract', '{\"SENDER_NAME\":\"Workwork\",\"RECEIVER_NAME\":\"Asim Patra\",\"TITLE\":\"Software Developer\",\"CONTRACT_TITLE\":\"Software Developer\",\"WORK_URL\":\"https:\\/\\/upwork.scriptlisting.com\\/workroom\\/details\\/72b32a1f754ba1c09b3695e0cb6cde7f\"}', 'workroom/details/72b32a1f754ba1c09b3695e0cb6cde7f', 1, '2022-08-25 00:07:07'),
(364, 11, 16, 'new-project-offer', '{\"SENDER_NAME\":\"Workwork\",\"RECEIVER_NAME\":\"Asim Patra\",\"TITLE\":\"Software Developer\",\"OFFER_URL\":\"https:\\/\\/upwork.scriptlisting.com\\/contract\\/offer\\/66f041e16a60928b05a7e228a89c3799\"}', 'contract/offer/66f041e16a60928b05a7e228a89c3799', 1, '2022-08-25 00:12:20'),
(365, 16, 11, 'project-offer-accepted', '{\"SENDER_NAME\":\"Asim Patra\",\"RECEIVER_NAME\":\"Workwork\",\"TITLE\":\"Software Developer\",\"OFFER_URL\":\"https:\\/\\/upwork.scriptlisting.com\\/contract\\/offer\\/66f041e16a60928b05a7e228a89c3799\"}', 'contract/offer/66f041e16a60928b05a7e228a89c3799', 0, '2022-08-25 00:12:46'),
(366, 16, 11, 'work-submission', '{\"SENDER_NAME\":\"Asim Patra\",\"RECEIVER_NAME\":\"Workwork\",\"TITLE\":\"Software Developer\",\"CONTRACT_TITLE\":\"Software Developer\",\"MILESTONE_TITLE\":\"Software Developer\",\"WORK_URL\":\"https:\\/\\/upwork.scriptlisting.com\\/contract\\/milestone\\/66f041e16a60928b05a7e228a89c3799\"}', 'contract/milestone/66f041e16a60928b05a7e228a89c3799', 1, '2022-08-25 00:13:15'),
(367, 11, 16, 'work-submission-rejected', '{\"SENDER_NAME\":\"Workwork\",\"RECEIVER_NAME\":\"Asim Patra\",\"TITLE\":\"Software Developer\",\"CONTRACT_TITLE\":\"Software Developer\",\"MILESTONE_TITLE\":\"Software Developer\",\"WORK_URL\":\"https:\\/\\/upwork.scriptlisting.com\\/contract\\/milestone\\/66f041e16a60928b05a7e228a89c3799\",\"REJECT_REASON\":\"Reject\"}', 'contract/milestone/66f041e16a60928b05a7e228a89c3799', 1, '2022-08-25 00:14:02'),
(368, 11, 1, 'project-invitation', '{\"SENDER_NAME\":\"Workwork\",\"RECEIVER_NAME\":\"Asharam Pakhira New\",\"TITLE\":\"Logo design\",\"URL\":\"https:\\/\\/upwork.scriptlisting.com\\/p\\/logo-design\"}', 'p/logo-design', 0, '2022-08-26 00:47:24'),
(369, 11, 1, 'project-invitation', '{\"SENDER_NAME\":\"Workwork\",\"RECEIVER_NAME\":\"Asharam Pakhira New\",\"TITLE\":\"Data entry operator\",\"URL\":\"https:\\/\\/upwork.scriptlisting.com\\/p\\/data-entry-operator\"}', 'p/data-entry-operator', 0, '2022-08-26 02:27:57'),
(370, 16, 32, 'end-contract', '{\"SENDER_NAME\":\"Asim Patra\",\"RECEIVER_NAME\":\"saad\",\"TITLE\":\"neew wordpress deveploper\",\"CONTRACT_TITLE\":\"Neew wordpress deveploper\",\"WORK_URL\":\"https:\\/\\/upwork.scriptlisting.com\\/contract\\/term\\/6364d3f0f495b6ab9dcf8d3b5c6e0b01\"}', 'contract/term/6364d3f0f495b6ab9dcf8d3b5c6e0b01', 0, '2022-08-30 01:43:53'),
(371, 11, 1, 'project-invitation', '{\"SENDER_NAME\":\"Workwork\",\"RECEIVER_NAME\":\"Asharam Pakhira New\",\"TITLE\":\"Build a website\",\"URL\":\"https:\\/\\/upwork.scriptlisting.com\\/p\\/build-a-website\"}', 'p/build-a-website', 0, '2022-10-18 13:20:35'),
(372, 1, 11, 'new-proposal', '{\"SENDER_NAME\":\"Asharam Pakhira New\",\"RECEIVER_NAME\":\"Workwork\",\"TITLE\":\"Build a website\",\"PROJECT_URL\":\"https:\\/\\/upwork.scriptlisting.com\\/p\\/build-a-website\"}', 'p/build-a-website', 0, '2022-10-18 13:21:47'),
(373, 11, 70, 'project-invitation', '{\"SENDER_NAME\":\"Workwork\",\"RECEIVER_NAME\":\"Terence\",\"TITLE\":\"Build a website\",\"URL\":\"https:\\/\\/upwork.scriptlisting.com\\/p\\/build-a-website\"}', 'p/build-a-website', 1, '2022-10-18 13:23:10'),
(374, 11, 16, 'project-invitation', '{\"SENDER_NAME\":\"Workwork\",\"RECEIVER_NAME\":\"Asim Patra\",\"TITLE\":\"Build a website\",\"URL\":\"https:\\/\\/upwork.scriptlisting.com\\/p\\/build-a-website\"}', 'p/build-a-website', 0, '2022-10-18 13:25:56'),
(375, 16, 11, 'new-proposal', '{\"SENDER_NAME\":\"Asim Patra\",\"RECEIVER_NAME\":\"Workwork\",\"TITLE\":\"Build a website\",\"PROJECT_URL\":\"https:\\/\\/upwork.scriptlisting.com\\/p\\/build-a-website\"}', 'p/build-a-website', 1, '2022-10-18 13:26:27'),
(376, 11, 1, 'new-project-offer', '{\"SENDER_NAME\":\"Workwork\",\"RECEIVER_NAME\":\"Asharam Pakhira New\",\"TITLE\":\"Build a website\",\"OFFER_URL\":\"https:\\/\\/upwork.scriptlisting.com\\/contract\\/offer\\/093f65e080a295f8076b1c5722a46aa2\"}', 'contract/offer/093f65e080a295f8076b1c5722a46aa2', 0, '2022-10-18 13:27:07'),
(377, 11, 16, 'new-project-offer', '{\"SENDER_NAME\":\"Workwork\",\"RECEIVER_NAME\":\"Asim Patra\",\"TITLE\":\"Build a website\",\"OFFER_URL\":\"https:\\/\\/upwork.scriptlisting.com\\/contract\\/offer\\/072b030ba126b2f4b2374f342be9ed44\"}', 'contract/offer/072b030ba126b2f4b2374f342be9ed44', 1, '2022-10-18 13:27:20'),
(378, 16, 11, 'project-offer-accepted', '{\"SENDER_NAME\":\"Asim Patra\",\"RECEIVER_NAME\":\"Workwork\",\"TITLE\":\"Build a website\",\"OFFER_URL\":\"https:\\/\\/upwork.scriptlisting.com\\/contract\\/offer\\/072b030ba126b2f4b2374f342be9ed44\"}', 'contract/offer/072b030ba126b2f4b2374f342be9ed44', 0, '2022-10-18 13:34:30'),
(379, 16, 11, 'hourly-work-submission', '{\"SENDER_NAME\":\"Asim Patra\",\"RECEIVER_NAME\":\"Workwork\",\"TITLE\":\"Build a website\",\"CONTRACT_TITLE\":\"Build a website\",\"WORK_URL\":\"https:\\/\\/upwork.scriptlisting.com\\/workroom\\/worklog\\/072b030ba126b2f4b2374f342be9ed44\"}', 'workroom/worklog/072b030ba126b2f4b2374f342be9ed44', 1, '2022-10-18 13:35:27'),
(380, 11, 16, 'hourly-work-submission-accepted', '{\"SENDER_NAME\":\"Workwork\",\"RECEIVER_NAME\":\"Asim Patra\",\"TITLE\":\"Build a website\",\"CONTRACT_TITLE\":\"Build a website\",\"WORK_URL\":\"https:\\/\\/upwork.scriptlisting.com\\/workroom\\/worklog\\/072b030ba126b2f4b2374f342be9ed44\"}', 'workroom/worklog/072b030ba126b2f4b2374f342be9ed44', 1, '2022-10-18 13:36:51'),
(381, 1, 11, 'project-offer-accepted', '{\"SENDER_NAME\":\"Asharam Pakhira New\",\"RECEIVER_NAME\":\"Workwork\",\"TITLE\":\"Build a website\",\"OFFER_URL\":\"https:\\/\\/upwork.scriptlisting.com\\/contract\\/offer\\/093f65e080a295f8076b1c5722a46aa2\"}', 'contract/offer/093f65e080a295f8076b1c5722a46aa2', 1, '2022-10-18 13:37:29'),
(382, 1, 11, 'hourly-work-submission', '{\"SENDER_NAME\":\"Asharam Pakhira New\",\"RECEIVER_NAME\":\"Workwork\",\"TITLE\":\"Build a website\",\"CONTRACT_TITLE\":\"Build a website\",\"WORK_URL\":\"https:\\/\\/upwork.scriptlisting.com\\/workroom\\/worklog\\/093f65e080a295f8076b1c5722a46aa2\"}', 'workroom/worklog/093f65e080a295f8076b1c5722a46aa2', 1, '2022-10-18 14:56:47'),
(383, 11, 1, 'hourly-work-submission-accepted', '{\"SENDER_NAME\":\"Workwork\",\"RECEIVER_NAME\":\"Asharam Pakhira New\",\"TITLE\":\"Build a website\",\"CONTRACT_TITLE\":\"Build a website\",\"WORK_URL\":\"https:\\/\\/upwork.scriptlisting.com\\/workroom\\/worklog\\/093f65e080a295f8076b1c5722a46aa2\"}', 'workroom/worklog/093f65e080a295f8076b1c5722a46aa2', 0, '2022-10-18 14:58:56'),
(384, 1, 11, 'new-invoice-request', '{\"SENDER_NAME\":\"Asharam Pakhira New\",\"RECEIVER_NAME\":\"Workwork\",\"TITLE\":\"Build a website\",\"CONTRACT_TITLE\":\"Build a website\",\"WORK_URL\":\"https:\\/\\/upwork.scriptlisting.com\\/workroom\\/worklog\\/093f65e080a295f8076b1c5722a46aa2\"}', 'workroom/worklog/093f65e080a295f8076b1c5722a46aa2', 1, '2022-10-18 14:59:18'),
(385, 11, 1, 'hourly-invoice-accepted', '{\"SENDER_NAME\":\"Workwork\",\"RECEIVER_NAME\":\"Asharam Pakhira New\",\"TITLE\":\"Build a website\",\"CONTRACT_TITLE\":\"Build a website\",\"INVOICE_URL\":\"https:\\/\\/upwork.scriptlisting.com\\/invoice\\/details\\/642e92efb79421734881b53e1e1b18b6\",\"WORK_URL\":\"https:\\/\\/upwork.scriptlisting.com\\/workroom\\/worklog\\/093f65e080a295f8076b1c5722a46aa2\"}', 'workroom/worklog/093f65e080a295f8076b1c5722a46aa2', 1, '2022-10-18 15:00:48'),
(386, 1, 11, 'project-offer-accepted', '{\"SENDER_NAME\":\"Asharam Pakhira New\",\"RECEIVER_NAME\":\"Workwork\",\"TITLE\":\"ERFBRGTBH\",\"OFFER_URL\":\"https:\\/\\/upwork.scriptlisting.com\\/contract\\/offer\\/17e62166fc8586dfa4d1bc0e1742c08b\"}', 'contract/offer/17e62166fc8586dfa4d1bc0e1742c08b', 1, '2022-11-02 08:36:57'),
(387, 1, 11, 'project-offer-accepted', '{\"SENDER_NAME\":\"Asharam Pakhira New\",\"RECEIVER_NAME\":\"Workwork\",\"TITLE\":\"Test design\",\"OFFER_URL\":\"https:\\/\\/upwork.scriptlisting.com\\/contract\\/offer\\/d645920e395fedad7bbbed0eca3fe2e0\"}', 'contract/offer/d645920e395fedad7bbbed0eca3fe2e0', 1, '2022-11-30 16:58:30'),
(388, 1, 11, 'hourly-work-submission', '{\"SENDER_NAME\":\"Asharam Pakhira New\",\"RECEIVER_NAME\":\"Workwork\",\"TITLE\":\"Build a website\",\"CONTRACT_TITLE\":\"Build a website\",\"WORK_URL\":\"https:\\/\\/upwork.scriptlisting.com\\/workroom\\/worklog\\/093f65e080a295f8076b1c5722a46aa2\"}', 'workroom/worklog/093f65e080a295f8076b1c5722a46aa2', 1, '2022-11-30 16:59:43'),
(389, 11, 16, 'new-project-offer', '{\"SENDER_NAME\":\"Workwork\",\"RECEIVER_NAME\":\"Asim Patra\",\"TITLE\":\"Build a website\",\"OFFER_URL\":\"https:\\/\\/upwork.scriptlisting.com\\/contract\\/offer\\/7f39f8317fbdb1988ef4c628eba02591\"}', 'contract/offer/7f39f8317fbdb1988ef4c628eba02591', 0, '2023-02-02 09:45:30'),
(390, 11, 16, 'new-project-offer', '{\"SENDER_NAME\":\"Workwork\",\"RECEIVER_NAME\":\"Asim Patra\",\"TITLE\":\"Build a website\",\"OFFER_URL\":\"https:\\/\\/upwork.scriptlisting.com\\/contract\\/offer\\/44f683a84163b3523afe57c2e008bc8c\"}', 'contract/offer/44f683a84163b3523afe57c2e008bc8c', 0, '2023-02-02 09:45:31'),
(391, 11, 16, 'new-project-offer', '{\"SENDER_NAME\":\"Workwork\",\"RECEIVER_NAME\":\"Asim Patra\",\"TITLE\":\"Build a website\",\"OFFER_URL\":\"https:\\/\\/upwork.scriptlisting.com\\/contract\\/offer\\/03afdbd66e7929b125f8597834fa83a4\"}', 'contract/offer/03afdbd66e7929b125f8597834fa83a4', 0, '2023-02-02 09:46:51'),
(392, 11, 16, 'new-project-offer', '{\"SENDER_NAME\":\"Workwork\",\"RECEIVER_NAME\":\"Asim Patra\",\"TITLE\":\"Build a website\",\"OFFER_URL\":\"https:\\/\\/upwork.scriptlisting.com\\/contract\\/offer\\/ea5d2f1c4608232e07d3aa3d998e5135\"}', 'contract/offer/ea5d2f1c4608232e07d3aa3d998e5135', 1, '2023-02-02 09:46:52'),
(393, 11, 16, 'new-project-offer', '{\"SENDER_NAME\":\"Workwork\",\"RECEIVER_NAME\":\"Asim Patra\",\"TITLE\":\"Build a website\",\"OFFER_URL\":\"https:\\/\\/upwork.scriptlisting.com\\/contract\\/offer\\/fc490ca45c00b1249bbe3554a4fdf6fb\"}', 'contract/offer/fc490ca45c00b1249bbe3554a4fdf6fb', 1, '2023-02-02 09:51:06'),
(394, 11, 16, 'new-project-offer', '{\"SENDER_NAME\":\"Workwork\",\"RECEIVER_NAME\":\"Asim Patra\",\"TITLE\":\"Build a website\",\"OFFER_URL\":\"https:\\/\\/upwork.scriptlisting.com\\/contract\\/offer\\/3295c76acbf4caaed33c36b1b5fc2cb1\"}', 'contract/offer/3295c76acbf4caaed33c36b1b5fc2cb1', 0, '2023-02-02 09:51:17'),
(395, 11, 16, 'new-project-offer', '{\"SENDER_NAME\":\"Workwork\",\"RECEIVER_NAME\":\"Asim Patra\",\"TITLE\":\"Build a website\",\"OFFER_URL\":\"https:\\/\\/upwork.scriptlisting.com\\/contract\\/offer\\/735b90b4568125ed6c3f678819b6e058\"}', 'contract/offer/735b90b4568125ed6c3f678819b6e058', 1, '2023-02-02 09:51:18'),
(396, 11, 16, 'new-project-offer', '{\"SENDER_NAME\":\"Workwork\",\"RECEIVER_NAME\":\"Asim Patra\",\"TITLE\":\"Build a website\",\"OFFER_URL\":\"https:\\/\\/upwork.scriptlisting.com\\/contract\\/offer\\/a3f390d88e4c41f2747bfa2f1b5f87db\"}', 'contract/offer/a3f390d88e4c41f2747bfa2f1b5f87db', 1, '2023-02-02 09:51:19'),
(397, 16, 11, 'project-offer-accepted', '{\"SENDER_NAME\":\"Asim Patra\",\"RECEIVER_NAME\":\"Workwork\",\"TITLE\":\"Build a website\",\"OFFER_URL\":\"https:\\/\\/upwork.scriptlisting.com\\/contract\\/offer\\/a3f390d88e4c41f2747bfa2f1b5f87db\"}', 'contract/offer/a3f390d88e4c41f2747bfa2f1b5f87db', 1, '2023-02-02 12:57:08'),
(398, 11, 1, 'new-project-offer', '{\"SENDER_NAME\":\"Workwork\",\"RECEIVER_NAME\":\"Asharam Pakhira New\",\"TITLE\":\"Build a website\",\"OFFER_URL\":\"https:\\/\\/upwork.scriptlisting.com\\/contract\\/offer\\/14bfa6bb14875e45bba028a21ed38046\"}', 'contract/offer/14bfa6bb14875e45bba028a21ed38046', 0, '2023-02-02 13:46:43'),
(399, 11, 1, 'new-project-offer', '{\"SENDER_NAME\":\"Workwork\",\"RECEIVER_NAME\":\"Asharam Pakhira New\",\"TITLE\":\"Build a website\",\"OFFER_URL\":\"https:\\/\\/upwork.scriptlisting.com\\/contract\\/offer\\/7cbbc409ec990f19c78c75bd1e06f215\"}', 'contract/offer/7cbbc409ec990f19c78c75bd1e06f215', 0, '2023-02-02 13:50:44'),
(400, 16, 11, 'new-proposal', '{\"SENDER_NAME\":\"Asim Patra\",\"RECEIVER_NAME\":\"Workwork\",\"TITLE\":\"Create app\",\"PROJECT_URL\":\"https:\\/\\/upwork.scriptlisting.com\\/p\\/create-app\"}', 'p/create-app', 1, '2023-02-02 14:09:30'),
(401, 11, 1, 'new-project-offer', '{\"SENDER_NAME\":\"Workwork\",\"RECEIVER_NAME\":\"Asharam Pakhira New\",\"TITLE\":\"Build a website\",\"OFFER_URL\":\"https:\\/\\/upwork.scriptlisting.com\\/contract\\/offer\\/e2c420d928d4bf8ce0ff2ec19b371514\"}', 'contract/offer/e2c420d928d4bf8ce0ff2ec19b371514', 0, '2023-02-03 06:22:35'),
(402, 11, 1, 'hourly-work-submission-accepted', '{\"SENDER_NAME\":\"Workwork\",\"RECEIVER_NAME\":\"Asharam Pakhira New\",\"TITLE\":\"Build a website\",\"CONTRACT_TITLE\":\"Build a website\",\"WORK_URL\":\"https:\\/\\/upwork.scriptlisting.com\\/workroom\\/worklog\\/093f65e080a295f8076b1c5722a46aa2\"}', 'workroom/worklog/093f65e080a295f8076b1c5722a46aa2', 0, '2023-02-03 06:24:42'),
(403, 11, 1, 'pause-contract', '{\"SENDER_NAME\":\"Workwork\",\"RECEIVER_NAME\":\"Asharam Pakhira New\",\"TITLE\":\"Build a website\",\"CONTRACT_TITLE\":\"Build a website\",\"WORK_URL\":\"https:\\/\\/upwork.scriptlisting.com\\/workroom\\/details\\/093f65e080a295f8076b1c5722a46aa2\"}', 'workroom/details/093f65e080a295f8076b1c5722a46aa2', 0, '2023-02-03 06:25:24'),
(404, 11, 1, 'resume-contract', '{\"SENDER_NAME\":\"Workwork\",\"RECEIVER_NAME\":\"Asharam Pakhira New\",\"TITLE\":\"Build a website\",\"CONTRACT_TITLE\":\"Build a website\",\"WORK_URL\":\"https:\\/\\/upwork.scriptlisting.com\\/workroom\\/details\\/093f65e080a295f8076b1c5722a46aa2\"}', 'workroom/details/093f65e080a295f8076b1c5722a46aa2', 0, '2023-02-03 06:25:36'),
(405, 11, 4, 'project-invitation', '{\"SENDER_NAME\":\"Workwork\",\"RECEIVER_NAME\":\"Dev sharma\",\"TITLE\":\"Build a website\",\"URL\":\"https:\\/\\/upwork.scriptlisting.com\\/p\\/build-a-website\"}', 'p/build-a-website', 0, '2023-02-03 06:47:37'),
(406, 11, 15, 'project-invitation', '{\"SENDER_NAME\":\"Workwork\",\"RECEIVER_NAME\":\"Asish Per\",\"TITLE\":\"Create app\",\"URL\":\"https:\\/\\/upwork.scriptlisting.com\\/p\\/create-app\"}', 'p/create-app', 0, '2023-02-03 06:58:36'),
(407, 16, 11, 'end-contract', '{\"SENDER_NAME\":\"Asim Patra\",\"RECEIVER_NAME\":\"Workwork\",\"TITLE\":\"Software Developer\",\"CONTRACT_TITLE\":\"Software Developer\",\"WORK_URL\":\"https:\\/\\/upwork.scriptlisting.com\\/workroom\\/term\\/6c8349cc7260ae62e3b1396831a8398f\"}', 'workroom/term/6c8349cc7260ae62e3b1396831a8398f', 1, '2023-02-03 10:15:41'),
(408, 11, 1, 'project-invitation', '{\"SENDER_NAME\":\"Workwork\",\"RECEIVER_NAME\":\"Asharam Pakhira New\",\"TITLE\":\"Create app\",\"URL\":\"https:\\/\\/upwork.scriptlisting.com\\/p\\/create-app\"}', 'p/create-app', 0, '2023-02-03 10:39:41'),
(409, 11, 16, 'new-project-offer', '{\"SENDER_NAME\":\"Workwork\",\"RECEIVER_NAME\":\"Asim Patra\",\"TITLE\":\"Build a website\",\"OFFER_URL\":\"https:\\/\\/upwork.scriptlisting.com\\/contract\\/offer\\/32bb90e8976aab5298d5da10fe66f21d\"}', 'contract/offer/32bb90e8976aab5298d5da10fe66f21d', 0, '2023-02-03 11:49:09');
INSERT INTO `pref_member_notifications` (`notification_id`, `notification_from`, `notification_to`, `notification_template_key`, `template_data`, `link`, `read_status`, `sent_date`) VALUES
(410, 11, 1, 'project-invitation', '{\"SENDER_NAME\":\"Workwork\",\"RECEIVER_NAME\":\"Asharam Pakhira New\",\"TITLE\":\"Create app\",\"URL\":\"https:\\/\\/upwork.scriptlisting.com\\/p\\/create-app\"}', 'p/create-app', 0, '2023-02-03 11:51:22'),
(411, 11, 1, 'new-project-offer', '{\"SENDER_NAME\":\"Workwork\",\"RECEIVER_NAME\":\"Asharam Pakhira New\",\"TITLE\":\"Build a website\",\"OFFER_URL\":\"https:\\/\\/upwork.scriptlisting.com\\/contract\\/offer\\/d2ddea18f00665ce8623e36bd4e3c7c5\"}', 'contract/offer/d2ddea18f00665ce8623e36bd4e3c7c5', 0, '2023-02-03 12:12:19'),
(412, 11, 1, 'new-project-offer', '{\"SENDER_NAME\":\"Workwork\",\"RECEIVER_NAME\":\"Asharam Pakhira New\",\"TITLE\":\"Build a website\",\"OFFER_URL\":\"https:\\/\\/upwork.scriptlisting.com\\/contract\\/offer\\/ad61ab143223efbc24c7d2583be69251\"}', 'contract/offer/ad61ab143223efbc24c7d2583be69251', 0, '2023-02-03 12:14:11'),
(413, 11, 16, 'new-project-offer', '{\"SENDER_NAME\":\"Workwork\",\"RECEIVER_NAME\":\"Asim Patra\",\"TITLE\":\"Software Developer\",\"OFFER_URL\":\"https:\\/\\/upwork.scriptlisting.com\\/contract\\/offer\\/d09bf41544a3365a46c9077ebb5e35c3\"}', 'contract/offer/d09bf41544a3365a46c9077ebb5e35c3', 1, '2023-02-03 12:50:43'),
(414, 1, 11, 'project-offer-accepted', '{\"SENDER_NAME\":\"Asharam Pakhira New\",\"RECEIVER_NAME\":\"Workwork\",\"TITLE\":\"Build a website\",\"OFFER_URL\":\"https:\\/\\/upwork.scriptlisting.com\\/contract\\/offer\\/ad61ab143223efbc24c7d2583be69251\"}', 'contract/offer/ad61ab143223efbc24c7d2583be69251', 1, '2023-02-17 00:57:20'),
(415, 16, 11, 'new-proposal', '{\"SENDER_NAME\":\"Asim Patra\",\"RECEIVER_NAME\":\"Workwork\",\"TITLE\":\"Need PHP developer\",\"PROJECT_URL\":\"https:\\/\\/upwork.scriptlisting.com\\/p\\/need-php-developer\"}', 'p/need-php-developer', 1, '2023-03-17 11:33:57'),
(416, 11, 16, 'project-invitation', '{\"SENDER_NAME\":\"Workwork\",\"RECEIVER_NAME\":\"Asim Patra\",\"TITLE\":\"Expert Android Developer\",\"URL\":\"https:\\/\\/upwork.scriptlisting.com\\/p\\/expert-android-developer\"}', 'p/expert-android-developer', 1, '2023-03-17 11:52:57'),
(417, 16, 11, 'new-proposal', '{\"SENDER_NAME\":\"Asim Patra\",\"RECEIVER_NAME\":\"Workwork\",\"TITLE\":\"Shopify developers needed\",\"PROJECT_URL\":\"https:\\/\\/upwork.scriptlisting.com\\/p\\/shopify-developers-needed\"}', 'p/shopify-developers-needed', 1, '2023-03-17 12:43:33'),
(418, 16, 11, 'new-proposal', '{\"SENDER_NAME\":\"Asim Patra\",\"RECEIVER_NAME\":\"Workwork\",\"TITLE\":\"core php developer required\",\"PROJECT_URL\":\"https:\\/\\/upwork.scriptlisting.com\\/p\\/core-php-developer-required\"}', 'p/core-php-developer-required', 1, '2023-03-17 13:08:55'),
(419, 16, 11, 'new-proposal', '{\"SENDER_NAME\":\"Asim Patra\",\"RECEIVER_NAME\":\"Workwork\",\"TITLE\":\"need to fix a jquery migrate issue\",\"PROJECT_URL\":\"https:\\/\\/upwork.scriptlisting.com\\/p\\/need-to-fix-a-jquery-migrate-issue\"}', 'p/need-to-fix-a-jquery-migrate-issue', 1, '2023-03-17 13:21:42'),
(420, 11, 16, 'new-project-offer', '{\"SENDER_NAME\":\"Workwork\",\"RECEIVER_NAME\":\"Asim Patra\",\"TITLE\":\"need to fix a jquery migrate issue\",\"OFFER_URL\":\"https:\\/\\/upwork.scriptlisting.com\\/contract\\/offer\\/fbd7939d674997cdb4692d34de8633c4\"}', 'contract/offer/fbd7939d674997cdb4692d34de8633c4', 1, '2023-03-17 13:23:11'),
(421, 11, 16, 'project-invitation', '{\"SENDER_NAME\":\"Workwork\",\"RECEIVER_NAME\":\"Asim Patra\",\"TITLE\":\"Looking for a logo creating\",\"URL\":\"https:\\/\\/upwork.scriptlisting.com\\/p\\/looking-for-a-logo-creating\"}', 'p/looking-for-a-logo-creating', 1, '2023-03-17 13:31:32'),
(422, 16, 11, 'new-proposal', '{\"SENDER_NAME\":\"Asim Patra\",\"RECEIVER_NAME\":\"Workwork\",\"TITLE\":\"Looking for a logo creating\",\"PROJECT_URL\":\"https:\\/\\/upwork.scriptlisting.com\\/p\\/looking-for-a-logo-creating\"}', 'p/looking-for-a-logo-creating', 1, '2023-03-17 13:35:15'),
(423, 11, 16, 'new-project-offer', '{\"SENDER_NAME\":\"Workwork\",\"RECEIVER_NAME\":\"Asim Patra\",\"TITLE\":\"Looking for a logo creating\",\"OFFER_URL\":\"https:\\/\\/upwork.scriptlisting.com\\/contract\\/offer\\/28dd2c7955ce926456240b2ff0100bde\"}', 'contract/offer/28dd2c7955ce926456240b2ff0100bde', 1, '2023-03-17 13:39:30'),
(424, 16, 11, 'project-offer-accepted', '{\"SENDER_NAME\":\"Asim Patra\",\"RECEIVER_NAME\":\"Workwork\",\"TITLE\":\"Looking for a logo creating\",\"OFFER_URL\":\"https:\\/\\/upwork.scriptlisting.com\\/contract\\/offer\\/28dd2c7955ce926456240b2ff0100bde\"}', 'contract/offer/28dd2c7955ce926456240b2ff0100bde', 1, '2023-03-17 13:39:50'),
(425, 16, 11, 'end-contract', '{\"SENDER_NAME\":\"Asim Patra\",\"RECEIVER_NAME\":\"Workwork\",\"TITLE\":\"Looking for a logo creating\",\"CONTRACT_TITLE\":\"Looking for a logo creating\",\"WORK_URL\":\"https:\\/\\/upwork.scriptlisting.com\\/workroom\\/term\\/28dd2c7955ce926456240b2ff0100bde\"}', 'workroom/term/28dd2c7955ce926456240b2ff0100bde', 1, '2023-03-17 13:41:16'),
(426, 11, 16, 'end-contract', '{\"SENDER_NAME\":\"Workwork\",\"RECEIVER_NAME\":\"Asim Patra\",\"TITLE\":\"Looking for a logo creating\",\"CONTRACT_TITLE\":\"Looking for a logo creating\",\"WORK_URL\":\"https:\\/\\/upwork.scriptlisting.com\\/workroom\\/term\\/28dd2c7955ce926456240b2ff0100bde\"}', 'workroom/term/28dd2c7955ce926456240b2ff0100bde', 1, '2023-03-17 13:45:44'),
(427, 11, 16, 'pause-contract', '{\"SENDER_NAME\":\"Workwork\",\"RECEIVER_NAME\":\"Asim Patra\",\"TITLE\":\"Looking for a logo creating\",\"CONTRACT_TITLE\":\"Looking for a logo creating\",\"WORK_URL\":\"https:\\/\\/upwork.scriptlisting.com\\/workroom\\/details\\/28dd2c7955ce926456240b2ff0100bde\"}', 'workroom/details/28dd2c7955ce926456240b2ff0100bde', 1, '2023-03-17 13:45:54'),
(428, 11, 16, 'project-invitation', '{\"SENDER_NAME\":\"Workwork\",\"RECEIVER_NAME\":\"Asim Patra\",\"TITLE\":\"Graphic design for real estate project\",\"URL\":\"https:\\/\\/upwork.scriptlisting.com\\/p\\/graphic-design-for-real-estate-project\"}', 'p/graphic-design-for-real-estate-project', 1, '2023-03-17 13:52:27'),
(429, 16, 11, 'new-proposal', '{\"SENDER_NAME\":\"Asim Patra\",\"RECEIVER_NAME\":\"Workwork\",\"TITLE\":\"Graphic design for real estate project\",\"PROJECT_URL\":\"https:\\/\\/upwork.scriptlisting.com\\/p\\/graphic-design-for-real-estate-project\"}', 'p/graphic-design-for-real-estate-project', 1, '2023-03-17 13:54:51'),
(430, 11, 68, 'project-invitation', '{\"SENDER_NAME\":\"Workwork\",\"RECEIVER_NAME\":\"\\u0645\\u062a\\u0639\\u0628\",\"TITLE\":\"Looking for a logo creating\",\"URL\":\"https:\\/\\/upwork.scriptlisting.com\\/p\\/looking-for-a-logo-creating\"}', 'p/looking-for-a-logo-creating', 0, '2023-05-03 01:59:57'),
(431, 11, 16, 'project-invitation', '{\"SENDER_NAME\":\"Workwork\",\"RECEIVER_NAME\":\"Asim Patra\",\"TITLE\":\"AB Test\",\"URL\":\"https:\\/\\/upwork.scriptlisting.com\\/p\\/ab-test\"}', 'p/ab-test', 1, '2023-05-04 02:14:37'),
(432, 11, 15, 'project-invitation', '{\"SENDER_NAME\":\"Workwork\",\"RECEIVER_NAME\":\"Asish Per\",\"TITLE\":\"AB Test\",\"URL\":\"https:\\/\\/upwork.scriptlisting.com\\/p\\/ab-test\"}', 'p/ab-test', 0, '2023-05-05 09:30:05'),
(433, 11, 1, 'project-invitation', '{\"SENDER_NAME\":\"Workwork\",\"RECEIVER_NAME\":\"Asharam Pakhira New\",\"TITLE\":\"AB Test\",\"URL\":\"https:\\/\\/upwork.scriptlisting.com\\/p\\/ab-test\"}', 'p/ab-test', 0, '2023-05-05 09:30:28'),
(434, 11, 1, 'pause-contract', '{\"SENDER_NAME\":\"Workwork\",\"RECEIVER_NAME\":\"Asharam Pakhira New\",\"TITLE\":\"Build a website\",\"CONTRACT_TITLE\":\"Build a website\",\"WORK_URL\":\"https:\\/\\/upwork.scriptlisting.com\\/workroom\\/details\\/ad61ab143223efbc24c7d2583be69251\"}', 'workroom/details/ad61ab143223efbc24c7d2583be69251', 0, '2023-05-05 10:08:09'),
(435, 11, 16, 'resume-contract', '{\"SENDER_NAME\":\"Workwork\",\"RECEIVER_NAME\":\"Asim Patra\",\"TITLE\":\"Looking for a logo creating\",\"CONTRACT_TITLE\":\"Looking for a logo creating\",\"WORK_URL\":\"https:\\/\\/upwork.scriptlisting.com\\/workroom\\/details\\/28dd2c7955ce926456240b2ff0100bde\"}', 'workroom/details/28dd2c7955ce926456240b2ff0100bde', 0, '2023-05-08 04:35:55'),
(436, 73, 11, 'new-proposal', '{\"SENDER_NAME\":\"Tula Xander\",\"RECEIVER_NAME\":\"Workwork\",\"TITLE\":\"May Catalogue\",\"PROJECT_URL\":\"https:\\/\\/upwork.scriptlisting.com\\/p\\/may-catalogue\"}', 'p/may-catalogue', 1, '2023-05-18 05:55:13'),
(437, 16, 11, 'project-offer-accepted', '{\"SENDER_NAME\":\"Asim Patra\",\"RECEIVER_NAME\":\"Workwork\",\"TITLE\":\"Build a website\",\"OFFER_URL\":\"https:\\/\\/upwork.scriptlisting.com\\/contract\\/offer\\/32bb90e8976aab5298d5da10fe66f21d\"}', 'contract/offer/32bb90e8976aab5298d5da10fe66f21d', 1, '2023-05-24 09:43:27'),
(438, 16, 11, 'project-offer-rejected', '{\"SENDER_NAME\":\"Asim Patra\",\"RECEIVER_NAME\":\"Workwork\",\"TITLE\":\"need to fix a jquery migrate issue\",\"OFFER_URL\":\"https:\\/\\/upwork.scriptlisting.com\\/contract\\/offer\\/fbd7939d674997cdb4692d34de8633c4\"}', 'contract/offer/fbd7939d674997cdb4692d34de8633c4', 0, '2023-05-24 13:15:26'),
(439, 15, 11, 'new-proposal', '{\"SENDER_NAME\":\"Asish Per\",\"RECEIVER_NAME\":\"Workwork\",\"TITLE\":\"Expert Android Developer\",\"PROJECT_URL\":\"https:\\/\\/upwork.scriptlisting.com\\/p\\/expert-android-developer\"}', 'p/expert-android-developer', 1, '2023-06-09 06:22:06'),
(440, 16, 11, 'new-proposal', '{\"SENDER_NAME\":\"Asim Patra\",\"RECEIVER_NAME\":\"Workwork\",\"TITLE\":\"Magento developer for regular tasks\",\"PROJECT_URL\":\"https:\\/\\/upwork.scriptlisting.com\\/p\\/magento-developer-for-regular-tasks\"}', 'p/magento-developer-for-regular-tasks', 1, '2023-06-13 07:33:30'),
(441, 11, 16, 'new-project-offer', '{\"SENDER_NAME\":\"Workwork\",\"RECEIVER_NAME\":\"Asim Patra\",\"TITLE\":\"Magento developer for regular tasks\",\"OFFER_URL\":\"https:\\/\\/upwork.scriptlisting.com\\/contract\\/offer\\/35f4a8d465e6e1edc05f3d8ab658c551\"}', 'contract/offer/35f4a8d465e6e1edc05f3d8ab658c551', 1, '2023-06-13 07:35:59'),
(442, 16, 11, 'project-offer-accepted', '{\"SENDER_NAME\":\"Asim Patra\",\"RECEIVER_NAME\":\"Workwork\",\"TITLE\":\"Magento developer for regular tasks\",\"OFFER_URL\":\"https:\\/\\/upwork.scriptlisting.com\\/contract\\/offer\\/35f4a8d465e6e1edc05f3d8ab658c551\"}', 'contract/offer/35f4a8d465e6e1edc05f3d8ab658c551', 1, '2023-06-13 07:37:16'),
(443, 16, 11, 'new-proposal', '{\"SENDER_NAME\":\"Asim Patra\",\"RECEIVER_NAME\":\"Workwork\",\"TITLE\":\"Plugin Development Specialist\",\"PROJECT_URL\":\"https:\\/\\/upwork.scriptlisting.com\\/p\\/plugin-development-specialist\"}', 'p/plugin-development-specialist', 1, '2023-06-13 07:44:08'),
(444, 11, 16, 'new-project-offer', '{\"SENDER_NAME\":\"Workwork\",\"RECEIVER_NAME\":\"Asim Patra\",\"TITLE\":\"Plugin Development Specialist\",\"OFFER_URL\":\"https:\\/\\/upwork.scriptlisting.com\\/contract\\/offer\\/d1fe173d08e959397adf34b1d77e88d7\"}', 'contract/offer/d1fe173d08e959397adf34b1d77e88d7', 1, '2023-06-13 07:51:13'),
(445, 16, 11, 'project-offer-accepted', '{\"SENDER_NAME\":\"Asim Patra\",\"RECEIVER_NAME\":\"Workwork\",\"TITLE\":\"Plugin Development Specialist\",\"OFFER_URL\":\"https:\\/\\/upwork.scriptlisting.com\\/contract\\/offer\\/d1fe173d08e959397adf34b1d77e88d7\"}', 'contract/offer/d1fe173d08e959397adf34b1d77e88d7', 1, '2023-06-13 07:51:59'),
(446, 11, 16, 'project-invitation', '{\"SENDER_NAME\":\"Workwork\",\"RECEIVER_NAME\":\"Asim Patra\",\"TITLE\":\"Plugin Development Specialist\",\"URL\":\"https:\\/\\/upwork.scriptlisting.com\\/p\\/plugin-development-specialist\"}', 'p/plugin-development-specialist', 1, '2023-06-13 07:54:02'),
(447, 11, 16, 'project-invitation', '{\"SENDER_NAME\":\"Workwork\",\"RECEIVER_NAME\":\"Asim Patra\",\"TITLE\":\"Plugin Development Specialist\",\"URL\":\"https:\\/\\/upwork.scriptlisting.com\\/p\\/plugin-development-specialist\"}', 'p/plugin-development-specialist', 1, '2023-06-13 07:54:22'),
(448, 11, 16, 'project-invitation', '{\"SENDER_NAME\":\"Workwork\",\"RECEIVER_NAME\":\"Asim Patra\",\"TITLE\":\"HTML & CSS\",\"URL\":\"https:\\/\\/upwork.scriptlisting.com\\/p\\/html-css\"}', 'p/html-css', 1, '2023-06-13 07:55:57'),
(449, 16, 11, 'new-proposal', '{\"SENDER_NAME\":\"Asim Patra\",\"RECEIVER_NAME\":\"Workwork\",\"TITLE\":\"HTML & CSS\",\"PROJECT_URL\":\"https:\\/\\/upwork.scriptlisting.com\\/p\\/html-css\"}', 'p/html-css', 1, '2023-06-13 07:57:34'),
(450, 11, 16, 'new-project-offer', '{\"SENDER_NAME\":\"Workwork\",\"RECEIVER_NAME\":\"Asim Patra\",\"TITLE\":\"HTML & CSS\",\"OFFER_URL\":\"https:\\/\\/upwork.scriptlisting.com\\/contract\\/offer\\/f033ab37c30201f73f142449d037028d\"}', 'contract/offer/f033ab37c30201f73f142449d037028d', 1, '2023-06-13 08:04:43'),
(451, 16, 11, 'project-offer-accepted', '{\"SENDER_NAME\":\"Asim Patra\",\"RECEIVER_NAME\":\"Workwork\",\"TITLE\":\"HTML & CSS\",\"OFFER_URL\":\"https:\\/\\/upwork.scriptlisting.com\\/contract\\/offer\\/f033ab37c30201f73f142449d037028d\"}', 'contract/offer/f033ab37c30201f73f142449d037028d', 0, '2023-06-13 08:05:09'),
(452, 16, 11, 'work-submission', '{\"SENDER_NAME\":\"Asim Patra\",\"RECEIVER_NAME\":\"Workwork\",\"TITLE\":\"HTML & CSS\",\"CONTRACT_TITLE\":\"HTML & CSS\",\"MILESTONE_TITLE\":\"1 st installment\",\"WORK_URL\":\"https:\\/\\/upwork.scriptlisting.com\\/contract\\/milestone\\/ea5d2f1c4608232e07d3aa3d998e5135\"}', 'contract/milestone/ea5d2f1c4608232e07d3aa3d998e5135', 1, '2023-06-13 08:05:51'),
(453, 11, 16, 'work-submission-accepted', '{\"SENDER_NAME\":\"Workwork\",\"RECEIVER_NAME\":\"Asim Patra\",\"TITLE\":\"HTML & CSS\",\"CONTRACT_TITLE\":\"HTML & CSS\",\"MILESTONE_TITLE\":\"1 st installment\",\"WORK_URL\":\"https:\\/\\/upwork.scriptlisting.com\\/contract\\/milestone\\/ea5d2f1c4608232e07d3aa3d998e5135\"}', 'contract/milestone/ea5d2f1c4608232e07d3aa3d998e5135', 1, '2023-06-13 08:06:08'),
(454, 16, 11, 'end-contract', '{\"SENDER_NAME\":\"Asim Patra\",\"RECEIVER_NAME\":\"Workwork\",\"TITLE\":\"HTML & CSS\",\"CONTRACT_TITLE\":\"HTML & CSS\",\"WORK_URL\":\"https:\\/\\/upwork.scriptlisting.com\\/contract\\/term\\/f033ab37c30201f73f142449d037028d\"}', 'contract/term/f033ab37c30201f73f142449d037028d', 1, '2023-06-13 08:07:15'),
(455, 11, 16, 'end-contract', '{\"SENDER_NAME\":\"Workwork\",\"RECEIVER_NAME\":\"Asim Patra\",\"TITLE\":\"HTML & CSS\",\"CONTRACT_TITLE\":\"HTML & CSS\",\"WORK_URL\":\"https:\\/\\/upwork.scriptlisting.com\\/contract\\/term\\/f033ab37c30201f73f142449d037028d\"}', 'contract/term/f033ab37c30201f73f142449d037028d', 1, '2023-06-13 08:08:46'),
(456, 16, 11, 'new-proposal', '{\"SENDER_NAME\":\"Asim Patra\",\"RECEIVER_NAME\":\"Workwork\",\"TITLE\":\"SEO marketing\",\"PROJECT_URL\":\"https:\\/\\/upwork.scriptlisting.com\\/p\\/seo-marketing\"}', 'p/seo-marketing', 1, '2023-06-14 06:47:37'),
(457, 11, 16, 'new-project-offer', '{\"SENDER_NAME\":\"Workwork\",\"RECEIVER_NAME\":\"Asim Patra\",\"TITLE\":\"SEO marketing\",\"OFFER_URL\":\"https:\\/\\/upwork.scriptlisting.com\\/contract\\/offer\\/43ec517d68b6edd3015b3edc9a11367b\"}', 'contract/offer/43ec517d68b6edd3015b3edc9a11367b', 1, '2023-06-14 06:50:30'),
(458, 16, 11, 'project-offer-accepted', '{\"SENDER_NAME\":\"Asim Patra\",\"RECEIVER_NAME\":\"Workwork\",\"TITLE\":\"SEO marketing\",\"OFFER_URL\":\"https:\\/\\/upwork.scriptlisting.com\\/contract\\/offer\\/43ec517d68b6edd3015b3edc9a11367b\"}', 'contract/offer/43ec517d68b6edd3015b3edc9a11367b', 0, '2023-06-14 06:50:54'),
(459, 16, 11, 'end-contract', '{\"SENDER_NAME\":\"Asim Patra\",\"RECEIVER_NAME\":\"Workwork\",\"TITLE\":\"SEO marketing\",\"CONTRACT_TITLE\":\"SEO marketing\",\"WORK_URL\":\"https:\\/\\/upwork.scriptlisting.com\\/workroom\\/term\\/43ec517d68b6edd3015b3edc9a11367b\"}', 'workroom/term/43ec517d68b6edd3015b3edc9a11367b', 1, '2023-06-14 06:53:51'),
(460, 11, 16, 'end-contract', '{\"SENDER_NAME\":\"Workwork\",\"RECEIVER_NAME\":\"Asim Patra\",\"TITLE\":\"SEO marketing\",\"CONTRACT_TITLE\":\"SEO marketing\",\"WORK_URL\":\"https:\\/\\/upwork.scriptlisting.com\\/workroom\\/term\\/43ec517d68b6edd3015b3edc9a11367b\"}', 'workroom/term/43ec517d68b6edd3015b3edc9a11367b', 0, '2023-06-14 06:54:29'),
(461, 11, 16, 'pause-contract', '{\"SENDER_NAME\":\"Workwork\",\"RECEIVER_NAME\":\"Asim Patra\",\"TITLE\":\"SEO marketing\",\"CONTRACT_TITLE\":\"SEO marketing\",\"WORK_URL\":\"https:\\/\\/upwork.scriptlisting.com\\/workroom\\/details\\/43ec517d68b6edd3015b3edc9a11367b\"}', 'workroom/details/43ec517d68b6edd3015b3edc9a11367b', 1, '2023-06-14 06:55:21'),
(462, 16, 11, 'new-proposal', '{\"SENDER_NAME\":\"Asim Patra\",\"RECEIVER_NAME\":\"Workwork\",\"TITLE\":\"Looking for a UX designer\",\"PROJECT_URL\":\"https:\\/\\/upwork.scriptlisting.com\\/p\\/looking-for-a-ux-designer\"}', 'p/looking-for-a-ux-designer', 1, '2023-06-14 07:06:27'),
(463, 11, 16, 'new-project-offer', '{\"SENDER_NAME\":\"Workwork\",\"RECEIVER_NAME\":\"Asim Patra\",\"TITLE\":\"Looking for a UX designer\",\"OFFER_URL\":\"https:\\/\\/upwork.scriptlisting.com\\/contract\\/offer\\/9778d5d219c5080b9a6a17bef029331c\"}', 'contract/offer/9778d5d219c5080b9a6a17bef029331c', 1, '2023-06-14 07:10:40'),
(464, 16, 11, 'project-offer-accepted', '{\"SENDER_NAME\":\"Asim Patra\",\"RECEIVER_NAME\":\"Workwork\",\"TITLE\":\"Looking for a UX designer\",\"OFFER_URL\":\"https:\\/\\/upwork.scriptlisting.com\\/contract\\/offer\\/9778d5d219c5080b9a6a17bef029331c\"}', 'contract/offer/9778d5d219c5080b9a6a17bef029331c', 1, '2023-06-14 07:12:12'),
(465, 16, 11, 'new-proposal', '{\"SENDER_NAME\":\"Asim Patra\",\"RECEIVER_NAME\":\"Workwork\",\"TITLE\":\"Android app changes\",\"PROJECT_URL\":\"https:\\/\\/upwork.scriptlisting.com\\/p\\/android-app-changes\"}', 'p/android-app-changes', 1, '2023-06-14 07:36:38'),
(466, 11, 16, 'new-project-offer', '{\"SENDER_NAME\":\"Workwork\",\"RECEIVER_NAME\":\"Asim Patra\",\"TITLE\":\"Android app changes\",\"OFFER_URL\":\"https:\\/\\/upwork.scriptlisting.com\\/contract\\/offer\\/fe9fc289c3ff0af142b6d3bead98a923\"}', 'contract/offer/fe9fc289c3ff0af142b6d3bead98a923', 1, '2023-06-14 07:38:49'),
(467, 16, 11, 'project-offer-rejected', '{\"SENDER_NAME\":\"Asim Patra\",\"RECEIVER_NAME\":\"Workwork\",\"TITLE\":\"Android app changes\",\"OFFER_URL\":\"https:\\/\\/upwork.scriptlisting.com\\/contract\\/offer\\/fe9fc289c3ff0af142b6d3bead98a923\"}', 'contract/offer/fe9fc289c3ff0af142b6d3bead98a923', 1, '2023-06-14 07:39:18'),
(468, 11, 16, 'new-project-offer', '{\"SENDER_NAME\":\"Workwork\",\"RECEIVER_NAME\":\"Asim Patra\",\"TITLE\":\"Android app changes\",\"OFFER_URL\":\"https:\\/\\/upwork.scriptlisting.com\\/contract\\/offer\\/68d30a9594728bc39aa24be94b319d21\"}', 'contract/offer/68d30a9594728bc39aa24be94b319d21', 1, '2023-06-14 07:50:19'),
(469, 16, 11, 'project-offer-accepted', '{\"SENDER_NAME\":\"Asim Patra\",\"RECEIVER_NAME\":\"Workwork\",\"TITLE\":\"Android app changes\",\"OFFER_URL\":\"https:\\/\\/upwork.scriptlisting.com\\/contract\\/offer\\/68d30a9594728bc39aa24be94b319d21\"}', 'contract/offer/68d30a9594728bc39aa24be94b319d21', 0, '2023-06-14 07:50:32'),
(470, 16, 11, 'work-submission', '{\"SENDER_NAME\":\"Asim Patra\",\"RECEIVER_NAME\":\"Workwork\",\"TITLE\":\"Looking for a UX designer\",\"CONTRACT_TITLE\":\"Looking for a UX designer\",\"MILESTONE_TITLE\":\"1st Installment\",\"WORK_URL\":\"https:\\/\\/upwork.scriptlisting.com\\/contract\\/milestone\\/735b90b4568125ed6c3f678819b6e058\"}', 'contract/milestone/735b90b4568125ed6c3f678819b6e058', 1, '2023-06-14 08:04:01'),
(471, 11, 16, 'work-submission-accepted', '{\"SENDER_NAME\":\"Workwork\",\"RECEIVER_NAME\":\"Asim Patra\",\"TITLE\":\"Looking for a UX designer\",\"CONTRACT_TITLE\":\"Looking for a UX designer\",\"MILESTONE_TITLE\":\"1st Installment\",\"WORK_URL\":\"https:\\/\\/upwork.scriptlisting.com\\/contract\\/milestone\\/735b90b4568125ed6c3f678819b6e058\"}', 'contract/milestone/735b90b4568125ed6c3f678819b6e058', 1, '2023-06-14 08:06:18'),
(472, 11, 16, 'new-milestone-initiate', '{\"SENDER_NAME\":\"Workwork\",\"RECEIVER_NAME\":\"Asim Patra\",\"CONTRACT_TITLE\":\"Looking for a UX designer\",\"MILESTONE_TITLE\":\"2nd installment\",\"TITLE\":\"Looking for a UX designer\",\"WORK_URL\":\"https:\\/\\/upwork.scriptlisting.com\\/contract\\/details\\/9778d5d219c5080b9a6a17bef029331c\"}', 'contract/details/9778d5d219c5080b9a6a17bef029331c', 0, '2023-06-14 08:09:54'),
(473, 11, 16, 'new-dispute-contract', '{\"SENDER_NAME\":\"Workwork\",\"RECEIVER_NAME\":\"Asim Patra\",\"TITLE\":\"Looking for a UX designer\",\"CONTRACT_TITLE\":\"Looking for a UX designer\",\"MILESTONE_TITLE\":\"2nd installment\",\"WORK_URL\":\"https:\\/\\/upwork.scriptlisting.com\\/contract\\/details\\/9778d5d219c5080b9a6a17bef029331c\"}', 'contract/details/9778d5d219c5080b9a6a17bef029331c', 1, '2023-06-14 08:19:58'),
(474, 11, 16, 'new-milestone-initiate', '{\"SENDER_NAME\":\"Workwork\",\"RECEIVER_NAME\":\"Asim Patra\",\"CONTRACT_TITLE\":\"Looking for a UX designer\",\"MILESTONE_TITLE\":\"3rd installment\",\"TITLE\":\"Looking for a UX designer\",\"WORK_URL\":\"https:\\/\\/upwork.scriptlisting.com\\/contract\\/details\\/9778d5d219c5080b9a6a17bef029331c\"}', 'contract/details/9778d5d219c5080b9a6a17bef029331c', 1, '2023-06-14 09:31:51'),
(475, 11, 16, 'new-dispute-contract', '{\"SENDER_NAME\":\"Workwork\",\"RECEIVER_NAME\":\"Asim Patra\",\"TITLE\":\"Looking for a UX designer\",\"CONTRACT_TITLE\":\"Looking for a UX designer\",\"MILESTONE_TITLE\":\"3rd installment\",\"WORK_URL\":\"https:\\/\\/upwork.scriptlisting.com\\/contract\\/details\\/9778d5d219c5080b9a6a17bef029331c\"}', 'contract/details/9778d5d219c5080b9a6a17bef029331c', 1, '2023-06-14 09:33:48'),
(476, 16, 11, 'hourly-work-submission', '{\"SENDER_NAME\":\"Asim Patra\",\"RECEIVER_NAME\":\"Workwork\",\"TITLE\":\"Android app changes\",\"CONTRACT_TITLE\":\"Android app changes\",\"WORK_URL\":\"https:\\/\\/upwork.scriptlisting.com\\/workroom\\/worklog\\/68d30a9594728bc39aa24be94b319d21\"}', 'workroom/worklog/68d30a9594728bc39aa24be94b319d21', 0, '2023-06-14 09:51:36'),
(477, 16, 11, 'end-contract', '{\"SENDER_NAME\":\"Asim Patra\",\"RECEIVER_NAME\":\"Workwork\",\"TITLE\":\"Android app changes\",\"CONTRACT_TITLE\":\"Android app changes\",\"WORK_URL\":\"https:\\/\\/upwork.scriptlisting.com\\/workroom\\/term\\/68d30a9594728bc39aa24be94b319d21\"}', 'workroom/term/68d30a9594728bc39aa24be94b319d21', 0, '2023-06-14 10:00:44'),
(478, 16, 11, 'dispute-offer', '{\"SENDER_NAME\":\"Asim Patra\",\"RECEIVER_NAME\":\"Workwork\",\"TITLE\":\"Looking for a UX designer\",\"CONTRACT_TITLE\":\"Looking for a UX designer\",\"MILESTONE_TITLE\":\"2nd installment\",\"DISPUTE_URL\":\"https:\\/\\/upwork.scriptlisting.com\\/contract\\/disputedetails\\/a3f390d88e4c41f2747bfa2f1b5f87db\"}', 'contract/disputedetails/a3f390d88e4c41f2747bfa2f1b5f87db', 1, '2023-06-14 10:13:13'),
(479, 11, 16, 'dispute-offer', '{\"SENDER_NAME\":\"Workwork\",\"RECEIVER_NAME\":\"Asim Patra\",\"TITLE\":\"Looking for a UX designer\",\"CONTRACT_TITLE\":\"Looking for a UX designer\",\"MILESTONE_TITLE\":\"2nd installment\",\"DISPUTE_URL\":\"https:\\/\\/upwork.scriptlisting.com\\/contract\\/disputedetails\\/a3f390d88e4c41f2747bfa2f1b5f87db\"}', 'contract/disputedetails/a3f390d88e4c41f2747bfa2f1b5f87db', 1, '2023-06-14 10:16:43'),
(480, 16, 11, 'dispute-resolve', '{\"SENDER_NAME\":\"Asim Patra\",\"RECEIVER_NAME\":\"Workwork\",\"TITLE\":\"Looking for a UX designer\",\"CONTRACT_TITLE\":\"Looking for a UX designer\",\"MILESTONE_TITLE\":\"2nd installment\",\"DISPUTE_URL\":\"https:\\/\\/upwork.scriptlisting.com\\/contract\\/disputedetails\\/a3f390d88e4c41f2747bfa2f1b5f87db\"}', 'contract/disputedetails/a3f390d88e4c41f2747bfa2f1b5f87db', 1, '2023-06-14 10:17:36'),
(481, 16, 11, 'new-proposal', '{\"SENDER_NAME\":\"Asim Patra\",\"RECEIVER_NAME\":\"Workwork\",\"TITLE\":\"I need website developer\\/designer for fashion website\",\"PROJECT_URL\":\"https:\\/\\/upwork.scriptlisting.com\\/p\\/i-need-website-developerdesigner-for-fashion-website\"}', 'p/i-need-website-developerdesigner-for-fashion-website', 1, '2023-06-14 11:19:27'),
(482, 11, 16, 'new-project-offer', '{\"SENDER_NAME\":\"Workwork\",\"RECEIVER_NAME\":\"Asim Patra\",\"TITLE\":\"I need website developer\\/designer for fashion website\",\"OFFER_URL\":\"https:\\/\\/upwork.scriptlisting.com\\/contract\\/offer\\/3ef815416f775098fe977004015c6193\"}', 'contract/offer/3ef815416f775098fe977004015c6193', 1, '2023-06-14 11:24:26'),
(483, 16, 11, 'project-offer-accepted', '{\"SENDER_NAME\":\"Asim Patra\",\"RECEIVER_NAME\":\"Workwork\",\"TITLE\":\"I need website developer\\/designer for fashion website\",\"OFFER_URL\":\"https:\\/\\/upwork.scriptlisting.com\\/contract\\/offer\\/3ef815416f775098fe977004015c6193\"}', 'contract/offer/3ef815416f775098fe977004015c6193', 0, '2023-06-14 11:25:09'),
(484, 16, 11, 'work-submission', '{\"SENDER_NAME\":\"Asim Patra\",\"RECEIVER_NAME\":\"Workwork\",\"TITLE\":\"I need website developer\\/designer for fashion website\",\"CONTRACT_TITLE\":\"I need website developer\\/designer for fashion website\",\"MILESTONE_TITLE\":\"1st payment\",\"WORK_URL\":\"https:\\/\\/upwork.scriptlisting.com\\/contract\\/milestone\\/7cbbc409ec990f19c78c75bd1e06f215\"}', 'contract/milestone/7cbbc409ec990f19c78c75bd1e06f215', 1, '2023-06-14 11:26:37'),
(485, 11, 16, 'work-submission-accepted', '{\"SENDER_NAME\":\"Workwork\",\"RECEIVER_NAME\":\"Asim Patra\",\"TITLE\":\"I need website developer\\/designer for fashion website\",\"CONTRACT_TITLE\":\"I need website developer\\/designer for fashion website\",\"MILESTONE_TITLE\":\"1st payment\",\"WORK_URL\":\"https:\\/\\/upwork.scriptlisting.com\\/contract\\/milestone\\/7cbbc409ec990f19c78c75bd1e06f215\"}', 'contract/milestone/7cbbc409ec990f19c78c75bd1e06f215', 1, '2023-06-14 11:27:01'),
(486, 11, 16, 'new-milestone-initiate', '{\"SENDER_NAME\":\"Workwork\",\"RECEIVER_NAME\":\"Asim Patra\",\"CONTRACT_TITLE\":\"I need website developer\\/designer for fashion website\",\"MILESTONE_TITLE\":\"2nd Payment\",\"TITLE\":\"I need website developer\\/designer for fashion website\",\"WORK_URL\":\"https:\\/\\/upwork.scriptlisting.com\\/contract\\/details\\/3ef815416f775098fe977004015c6193\"}', 'contract/details/3ef815416f775098fe977004015c6193', 1, '2023-06-14 11:28:17'),
(487, 16, 11, 'work-submission', '{\"SENDER_NAME\":\"Asim Patra\",\"RECEIVER_NAME\":\"Workwork\",\"TITLE\":\"I need website developer\\/designer for fashion website\",\"CONTRACT_TITLE\":\"I need website developer\\/designer for fashion website\",\"MILESTONE_TITLE\":\"2nd Payment\",\"WORK_URL\":\"https:\\/\\/upwork.scriptlisting.com\\/contract\\/milestone\\/e2c420d928d4bf8ce0ff2ec19b371514\"}', 'contract/milestone/e2c420d928d4bf8ce0ff2ec19b371514', 1, '2023-06-14 11:29:35'),
(488, 11, 16, 'work-submission-accepted', '{\"SENDER_NAME\":\"Workwork\",\"RECEIVER_NAME\":\"Asim Patra\",\"TITLE\":\"I need website developer\\/designer for fashion website\",\"CONTRACT_TITLE\":\"I need website developer\\/designer for fashion website\",\"MILESTONE_TITLE\":\"2nd Payment\",\"WORK_URL\":\"https:\\/\\/upwork.scriptlisting.com\\/contract\\/milestone\\/e2c420d928d4bf8ce0ff2ec19b371514\"}', 'contract/milestone/e2c420d928d4bf8ce0ff2ec19b371514', 1, '2023-06-14 11:29:55'),
(489, 11, 16, 'new-milestone-initiate', '{\"SENDER_NAME\":\"Workwork\",\"RECEIVER_NAME\":\"Asim Patra\",\"CONTRACT_TITLE\":\"I need website developer\\/designer for fashion website\",\"MILESTONE_TITLE\":\"3rd Payment\",\"TITLE\":\"I need website developer\\/designer for fashion website\",\"WORK_URL\":\"https:\\/\\/upwork.scriptlisting.com\\/contract\\/details\\/3ef815416f775098fe977004015c6193\"}', 'contract/details/3ef815416f775098fe977004015c6193', 1, '2023-06-14 11:31:40'),
(490, 16, 11, 'work-submission', '{\"SENDER_NAME\":\"Asim Patra\",\"RECEIVER_NAME\":\"Workwork\",\"TITLE\":\"I need website developer\\/designer for fashion website\",\"CONTRACT_TITLE\":\"I need website developer\\/designer for fashion website\",\"MILESTONE_TITLE\":\"3rd Payment\",\"WORK_URL\":\"https:\\/\\/upwork.scriptlisting.com\\/contract\\/milestone\\/32bb90e8976aab5298d5da10fe66f21d\"}', 'contract/milestone/32bb90e8976aab5298d5da10fe66f21d', 1, '2023-06-14 11:32:24'),
(491, 11, 16, 'work-submission-accepted', '{\"SENDER_NAME\":\"Workwork\",\"RECEIVER_NAME\":\"Asim Patra\",\"TITLE\":\"I need website developer\\/designer for fashion website\",\"CONTRACT_TITLE\":\"I need website developer\\/designer for fashion website\",\"MILESTONE_TITLE\":\"3rd Payment\",\"WORK_URL\":\"https:\\/\\/upwork.scriptlisting.com\\/contract\\/milestone\\/32bb90e8976aab5298d5da10fe66f21d\"}', 'contract/milestone/32bb90e8976aab5298d5da10fe66f21d', 0, '2023-06-14 11:32:41'),
(492, 11, 16, 'end-contract', '{\"SENDER_NAME\":\"Workwork\",\"RECEIVER_NAME\":\"Asim Patra\",\"TITLE\":\"I need website developer\\/designer for fashion website\",\"CONTRACT_TITLE\":\"I need website developer\\/designer for fashion website\",\"WORK_URL\":\"https:\\/\\/upwork.scriptlisting.com\\/contract\\/term\\/3ef815416f775098fe977004015c6193\"}', 'contract/term/3ef815416f775098fe977004015c6193', 1, '2023-06-14 11:34:15'),
(493, 16, 11, 'end-contract', '{\"SENDER_NAME\":\"Asim Patra\",\"RECEIVER_NAME\":\"Workwork\",\"TITLE\":\"I need website developer\\/designer for fashion website\",\"CONTRACT_TITLE\":\"I need website developer\\/designer for fashion website\",\"WORK_URL\":\"https:\\/\\/upwork.scriptlisting.com\\/contract\\/term\\/3ef815416f775098fe977004015c6193\"}', 'contract/term/3ef815416f775098fe977004015c6193', 1, '2023-06-14 11:35:20'),
(494, 16, 11, 'new-proposal', '{\"SENDER_NAME\":\"Asim Patra\",\"RECEIVER_NAME\":\"Workwork\",\"TITLE\":\"Develop Wordpress plugin\",\"PROJECT_URL\":\"https:\\/\\/upwork.scriptlisting.com\\/p\\/develop-wordpress-plugin\"}', 'p/develop-wordpress-plugin', 1, '2023-06-14 12:02:38'),
(495, 11, 16, 'new-project-offer', '{\"SENDER_NAME\":\"Workwork\",\"RECEIVER_NAME\":\"Asim Patra\",\"TITLE\":\"Develop Wordpress plugin\",\"OFFER_URL\":\"https:\\/\\/upwork.scriptlisting.com\\/contract\\/offer\\/93db85ed909c13838ff95ccfa94cebd9\"}', 'contract/offer/93db85ed909c13838ff95ccfa94cebd9', 1, '2023-06-14 12:04:07'),
(496, 16, 11, 'project-offer-accepted', '{\"SENDER_NAME\":\"Asim Patra\",\"RECEIVER_NAME\":\"Workwork\",\"TITLE\":\"Develop Wordpress plugin\",\"OFFER_URL\":\"https:\\/\\/upwork.scriptlisting.com\\/contract\\/offer\\/93db85ed909c13838ff95ccfa94cebd9\"}', 'contract/offer/93db85ed909c13838ff95ccfa94cebd9', 1, '2023-06-14 12:04:30'),
(497, 16, 11, 'hourly-work-submission', '{\"SENDER_NAME\":\"Asim Patra\",\"RECEIVER_NAME\":\"Workwork\",\"TITLE\":\"Develop Wordpress plugin\",\"CONTRACT_TITLE\":\"Develop Wordpress plugin\",\"WORK_URL\":\"https:\\/\\/upwork.scriptlisting.com\\/workroom\\/worklog\\/93db85ed909c13838ff95ccfa94cebd9\"}', 'workroom/worklog/93db85ed909c13838ff95ccfa94cebd9', 1, '2023-06-14 12:06:39'),
(498, 11, 16, 'hourly-work-submission-accepted', '{\"SENDER_NAME\":\"Workwork\",\"RECEIVER_NAME\":\"Asim Patra\",\"TITLE\":\"Develop Wordpress plugin\",\"CONTRACT_TITLE\":\"Develop Wordpress plugin\",\"WORK_URL\":\"https:\\/\\/upwork.scriptlisting.com\\/workroom\\/worklog\\/93db85ed909c13838ff95ccfa94cebd9\"}', 'workroom/worklog/93db85ed909c13838ff95ccfa94cebd9', 1, '2023-06-14 12:09:29'),
(499, 11, 16, 'pause-contract', '{\"SENDER_NAME\":\"Workwork\",\"RECEIVER_NAME\":\"Asim Patra\",\"TITLE\":\"Develop Wordpress plugin\",\"CONTRACT_TITLE\":\"Develop Wordpress plugin\",\"WORK_URL\":\"https:\\/\\/upwork.scriptlisting.com\\/workroom\\/details\\/93db85ed909c13838ff95ccfa94cebd9\"}', 'workroom/details/93db85ed909c13838ff95ccfa94cebd9', 1, '2023-06-14 12:13:21'),
(500, 11, 16, 'resume-contract', '{\"SENDER_NAME\":\"Workwork\",\"RECEIVER_NAME\":\"Asim Patra\",\"TITLE\":\"Develop Wordpress plugin\",\"CONTRACT_TITLE\":\"Develop Wordpress plugin\",\"WORK_URL\":\"https:\\/\\/upwork.scriptlisting.com\\/workroom\\/details\\/93db85ed909c13838ff95ccfa94cebd9\"}', 'workroom/details/93db85ed909c13838ff95ccfa94cebd9', 1, '2023-06-14 12:13:45'),
(501, 11, 16, 'pause-contract', '{\"SENDER_NAME\":\"Workwork\",\"RECEIVER_NAME\":\"Asim Patra\",\"TITLE\":\"Develop Wordpress plugin\",\"CONTRACT_TITLE\":\"Develop Wordpress plugin\",\"WORK_URL\":\"https:\\/\\/upwork.scriptlisting.com\\/workroom\\/details\\/93db85ed909c13838ff95ccfa94cebd9\"}', 'workroom/details/93db85ed909c13838ff95ccfa94cebd9', 1, '2023-06-14 12:22:27'),
(502, 11, 16, 'resume-contract', '{\"SENDER_NAME\":\"Workwork\",\"RECEIVER_NAME\":\"Asim Patra\",\"TITLE\":\"Develop Wordpress plugin\",\"CONTRACT_TITLE\":\"Develop Wordpress plugin\",\"WORK_URL\":\"https:\\/\\/upwork.scriptlisting.com\\/workroom\\/details\\/93db85ed909c13838ff95ccfa94cebd9\"}', 'workroom/details/93db85ed909c13838ff95ccfa94cebd9', 1, '2023-06-14 12:31:45'),
(503, 16, 11, 'hourly-work-submission', '{\"SENDER_NAME\":\"Asim Patra\",\"RECEIVER_NAME\":\"Workwork\",\"TITLE\":\"Develop Wordpress plugin\",\"CONTRACT_TITLE\":\"Develop Wordpress plugin\",\"WORK_URL\":\"https:\\/\\/upwork.scriptlisting.com\\/workroom\\/worklog\\/93db85ed909c13838ff95ccfa94cebd9\"}', 'workroom/worklog/93db85ed909c13838ff95ccfa94cebd9', 1, '2023-06-14 12:33:51'),
(504, 11, 16, 'hourly-work-submission-accepted', '{\"SENDER_NAME\":\"Workwork\",\"RECEIVER_NAME\":\"Asim Patra\",\"TITLE\":\"Develop Wordpress plugin\",\"CONTRACT_TITLE\":\"Develop Wordpress plugin\",\"WORK_URL\":\"https:\\/\\/upwork.scriptlisting.com\\/workroom\\/worklog\\/93db85ed909c13838ff95ccfa94cebd9\"}', 'workroom/worklog/93db85ed909c13838ff95ccfa94cebd9', 1, '2023-06-14 12:34:16'),
(505, 16, 11, 'new-invoice-request', '{\"SENDER_NAME\":\"Asim Patra\",\"RECEIVER_NAME\":\"Workwork\",\"TITLE\":\"Develop Wordpress plugin\",\"CONTRACT_TITLE\":\"Develop Wordpress plugin\",\"WORK_URL\":\"https:\\/\\/upwork.scriptlisting.com\\/workroom\\/worklog\\/93db85ed909c13838ff95ccfa94cebd9\"}', 'workroom/worklog/93db85ed909c13838ff95ccfa94cebd9', 1, '2023-06-14 12:36:27'),
(506, 11, 16, 'hourly-invoice-accepted', '{\"SENDER_NAME\":\"Workwork\",\"RECEIVER_NAME\":\"Asim Patra\",\"TITLE\":\"Develop Wordpress plugin\",\"CONTRACT_TITLE\":\"Develop Wordpress plugin\",\"INVOICE_URL\":\"https:\\/\\/upwork.scriptlisting.com\\/invoice\\/details\\/b53b3a3d6ab90ce0268229151c9bde11\",\"WORK_URL\":\"https:\\/\\/upwork.scriptlisting.com\\/workroom\\/worklog\\/93db85ed909c13838ff95ccfa94cebd9\"}', 'workroom/worklog/93db85ed909c13838ff95ccfa94cebd9', 1, '2023-06-14 12:37:33'),
(507, 16, 11, 'new-proposal', '{\"SENDER_NAME\":\"Asim Patra\",\"RECEIVER_NAME\":\"Workwork\",\"TITLE\":\"Website Developer Open Cart\",\"PROJECT_URL\":\"https:\\/\\/upwork.scriptlisting.com\\/p\\/website-developer-open-cart\"}', 'p/website-developer-open-cart', 1, '2023-06-15 06:45:35'),
(508, 11, 16, 'new-project-offer', '{\"SENDER_NAME\":\"Workwork\",\"RECEIVER_NAME\":\"Asim Patra\",\"TITLE\":\"Website Developer Open Cart\",\"OFFER_URL\":\"https:\\/\\/upwork.scriptlisting.com\\/contract\\/offer\\/c7e1249ffc03eb9ded908c236bd1996d\"}', 'contract/offer/c7e1249ffc03eb9ded908c236bd1996d', 1, '2023-06-15 06:49:28'),
(509, 16, 11, 'project-offer-accepted', '{\"SENDER_NAME\":\"Asim Patra\",\"RECEIVER_NAME\":\"Workwork\",\"TITLE\":\"Website Developer Open Cart\",\"OFFER_URL\":\"https:\\/\\/upwork.scriptlisting.com\\/contract\\/offer\\/c7e1249ffc03eb9ded908c236bd1996d\"}', 'contract/offer/c7e1249ffc03eb9ded908c236bd1996d', 0, '2023-06-15 06:49:49'),
(510, 16, 11, 'hourly-work-submission', '{\"SENDER_NAME\":\"Asim Patra\",\"RECEIVER_NAME\":\"Workwork\",\"TITLE\":\"Website Developer Open Cart\",\"CONTRACT_TITLE\":\"Website Developer Open Cart\",\"WORK_URL\":\"https:\\/\\/upwork.scriptlisting.com\\/workroom\\/worklog\\/c7e1249ffc03eb9ded908c236bd1996d\"}', 'workroom/worklog/c7e1249ffc03eb9ded908c236bd1996d', 1, '2023-06-15 06:52:01'),
(511, 11, 16, 'hourly-work-submission-accepted', '{\"SENDER_NAME\":\"Workwork\",\"RECEIVER_NAME\":\"Asim Patra\",\"TITLE\":\"Website Developer Open Cart\",\"CONTRACT_TITLE\":\"Website Developer Open Cart\",\"WORK_URL\":\"https:\\/\\/upwork.scriptlisting.com\\/workroom\\/worklog\\/c7e1249ffc03eb9ded908c236bd1996d\"}', 'workroom/worklog/c7e1249ffc03eb9ded908c236bd1996d', 1, '2023-06-15 06:53:04'),
(512, 16, 11, 'new-invoice-request', '{\"SENDER_NAME\":\"Asim Patra\",\"RECEIVER_NAME\":\"Workwork\",\"TITLE\":\"Website Developer Open Cart\",\"CONTRACT_TITLE\":\"Website Developer Open Cart\",\"WORK_URL\":\"https:\\/\\/upwork.scriptlisting.com\\/workroom\\/worklog\\/c7e1249ffc03eb9ded908c236bd1996d\"}', 'workroom/worklog/c7e1249ffc03eb9ded908c236bd1996d', 1, '2023-06-15 06:54:58'),
(513, 11, 16, 'hourly-invoice-accepted', '{\"SENDER_NAME\":\"Workwork\",\"RECEIVER_NAME\":\"Asim Patra\",\"TITLE\":\"Website Developer Open Cart\",\"CONTRACT_TITLE\":\"Website Developer Open Cart\",\"INVOICE_URL\":\"https:\\/\\/upwork.scriptlisting.com\\/invoice\\/details\\/9f61408e3afb633e50cdf1b20de6f466\",\"WORK_URL\":\"https:\\/\\/upwork.scriptlisting.com\\/workroom\\/worklog\\/c7e1249ffc03eb9ded908c236bd1996d\"}', 'workroom/worklog/c7e1249ffc03eb9ded908c236bd1996d', 0, '2023-06-15 06:55:51'),
(514, 11, 16, 'pause-contract', '{\"SENDER_NAME\":\"Workwork\",\"RECEIVER_NAME\":\"Asim Patra\",\"TITLE\":\"Website Developer Open Cart\",\"CONTRACT_TITLE\":\"Website Developer Open Cart\",\"WORK_URL\":\"https:\\/\\/upwork.scriptlisting.com\\/workroom\\/details\\/c7e1249ffc03eb9ded908c236bd1996d\"}', 'workroom/details/c7e1249ffc03eb9ded908c236bd1996d', 1, '2023-06-15 07:02:38'),
(515, 16, 11, 'end-contract', '{\"SENDER_NAME\":\"Asim Patra\",\"RECEIVER_NAME\":\"Workwork\",\"TITLE\":\"Website Developer Open Cart\",\"CONTRACT_TITLE\":\"Website Developer Open Cart\",\"WORK_URL\":\"https:\\/\\/upwork.scriptlisting.com\\/workroom\\/term\\/c7e1249ffc03eb9ded908c236bd1996d\"}', 'workroom/term/c7e1249ffc03eb9ded908c236bd1996d', 1, '2023-06-15 07:05:45'),
(516, 11, 16, 'end-contract', '{\"SENDER_NAME\":\"Workwork\",\"RECEIVER_NAME\":\"Asim Patra\",\"TITLE\":\"Website Developer Open Cart\",\"CONTRACT_TITLE\":\"Website Developer Open Cart\",\"WORK_URL\":\"https:\\/\\/upwork.scriptlisting.com\\/workroom\\/term\\/c7e1249ffc03eb9ded908c236bd1996d\"}', 'workroom/term/c7e1249ffc03eb9ded908c236bd1996d', 0, '2023-06-15 07:06:32'),
(517, 11, 16, 'project-invitation', '{\"SENDER_NAME\":\"Workwork\",\"RECEIVER_NAME\":\"Asim Patra\",\"TITLE\":\"UI Website Designer\",\"URL\":\"https:\\/\\/upwork.scriptlisting.com\\/p\\/ui-website-designer\"}', 'p/ui-website-designer', 1, '2023-06-15 07:11:03'),
(518, 16, 11, 'new-proposal', '{\"SENDER_NAME\":\"Asim Patra\",\"RECEIVER_NAME\":\"Workwork\",\"TITLE\":\"UI Website Designer\",\"PROJECT_URL\":\"https:\\/\\/upwork.scriptlisting.com\\/p\\/ui-website-designer\"}', 'p/ui-website-designer', 1, '2023-06-15 07:15:50'),
(519, 11, 16, 'new-project-offer', '{\"SENDER_NAME\":\"Workwork\",\"RECEIVER_NAME\":\"Asim Patra\",\"TITLE\":\"UI Website Designer\",\"OFFER_URL\":\"https:\\/\\/upwork.scriptlisting.com\\/contract\\/offer\\/2a38a4a9316c49e5a833517c45d31070\"}', 'contract/offer/2a38a4a9316c49e5a833517c45d31070', 1, '2023-06-15 07:22:15'),
(520, 16, 11, 'project-offer-accepted', '{\"SENDER_NAME\":\"Asim Patra\",\"RECEIVER_NAME\":\"Workwork\",\"TITLE\":\"UI Website Designer\",\"OFFER_URL\":\"https:\\/\\/upwork.scriptlisting.com\\/contract\\/offer\\/2a38a4a9316c49e5a833517c45d31070\"}', 'contract/offer/2a38a4a9316c49e5a833517c45d31070', 1, '2023-06-15 07:22:48'),
(521, 16, 11, 'new-proposal', '{\"SENDER_NAME\":\"Asim Patra\",\"RECEIVER_NAME\":\"Workwork\",\"TITLE\":\"Need to Upgrade and Fix Website\",\"PROJECT_URL\":\"https:\\/\\/upwork.scriptlisting.com\\/p\\/need-to-upgrade-and-fix-website\"}', 'p/need-to-upgrade-and-fix-website', 1, '2023-06-15 09:29:07'),
(522, 11, 16, 'new-project-offer', '{\"SENDER_NAME\":\"Workwork\",\"RECEIVER_NAME\":\"Asim Patra\",\"TITLE\":\"Need to Upgrade and Fix Website\",\"OFFER_URL\":\"https:\\/\\/upwork.scriptlisting.com\\/contract\\/offer\\/7647966b7343c29048673252e490f736\"}', 'contract/offer/7647966b7343c29048673252e490f736', 1, '2023-06-15 09:39:05'),
(523, 16, 11, 'project-offer-accepted', '{\"SENDER_NAME\":\"Asim Patra\",\"RECEIVER_NAME\":\"Workwork\",\"TITLE\":\"Need to Upgrade and Fix Website\",\"OFFER_URL\":\"https:\\/\\/upwork.scriptlisting.com\\/contract\\/offer\\/7647966b7343c29048673252e490f736\"}', 'contract/offer/7647966b7343c29048673252e490f736', 1, '2023-06-15 09:39:56'),
(524, 16, 11, 'work-submission', '{\"SENDER_NAME\":\"Asim Patra\",\"RECEIVER_NAME\":\"Workwork\",\"TITLE\":\"Need to Upgrade and Fix Website\",\"CONTRACT_TITLE\":\"Need to Upgrade and Fix Website\",\"MILESTONE_TITLE\":\"1st Payment\",\"WORK_URL\":\"https:\\/\\/upwork.scriptlisting.com\\/contract\\/milestone\\/ad61ab143223efbc24c7d2583be69251\"}', 'contract/milestone/ad61ab143223efbc24c7d2583be69251', 1, '2023-06-15 09:41:49'),
(525, 11, 16, 'work-submission-rejected', '{\"SENDER_NAME\":\"Workwork\",\"RECEIVER_NAME\":\"Asim Patra\",\"TITLE\":\"Need to Upgrade and Fix Website\",\"CONTRACT_TITLE\":\"Need to Upgrade and Fix Website\",\"MILESTONE_TITLE\":\"1st Payment\",\"WORK_URL\":\"https:\\/\\/upwork.scriptlisting.com\\/contract\\/milestone\\/ad61ab143223efbc24c7d2583be69251\",\"REJECT_REASON\":\"work quality is very poor..\"}', 'contract/milestone/ad61ab143223efbc24c7d2583be69251', 1, '2023-06-15 09:42:40'),
(526, 11, 16, 'new-dispute-contract', '{\"SENDER_NAME\":\"Workwork\",\"RECEIVER_NAME\":\"Asim Patra\",\"TITLE\":\"Need to Upgrade and Fix Website\",\"CONTRACT_TITLE\":\"Need to Upgrade and Fix Website\",\"MILESTONE_TITLE\":\"1st Payment\",\"WORK_URL\":\"https:\\/\\/upwork.scriptlisting.com\\/contract\\/details\\/7647966b7343c29048673252e490f736\"}', 'contract/details/7647966b7343c29048673252e490f736', 1, '2023-06-15 09:45:04'),
(527, 16, 11, 'dispute-send-to-admin', '{\"SENDER_NAME\":\"Asim Patra\",\"RECEIVER_NAME\":\"Workwork\",\"TITLE\":\"Need to Upgrade and Fix Website\",\"CONTRACT_TITLE\":\"Need to Upgrade and Fix Website\",\"MILESTONE_TITLE\":\"1st Payment\",\"DISPUTE_URL\":\"https:\\/\\/upwork.scriptlisting.com\\/contract\\/disputedetails\\/ad61ab143223efbc24c7d2583be69251\"}', 'contract/disputedetails/ad61ab143223efbc24c7d2583be69251', 1, '2023-06-15 09:48:01'),
(528, 16, 11, 'work-submission', '{\"SENDER_NAME\":\"Asim Patra\",\"RECEIVER_NAME\":\"Workwork\",\"TITLE\":\"Need to Upgrade and Fix Website\",\"CONTRACT_TITLE\":\"Need to Upgrade and Fix Website\",\"MILESTONE_TITLE\":\"1st Payment\",\"WORK_URL\":\"https:\\/\\/upwork.scriptlisting.com\\/contract\\/milestone\\/ad61ab143223efbc24c7d2583be69251\"}', 'contract/milestone/ad61ab143223efbc24c7d2583be69251', 1, '2023-06-15 09:54:04'),
(529, 11, 16, 'work-submission-accepted', '{\"SENDER_NAME\":\"Workwork\",\"RECEIVER_NAME\":\"Asim Patra\",\"TITLE\":\"Need to Upgrade and Fix Website\",\"CONTRACT_TITLE\":\"Need to Upgrade and Fix Website\",\"MILESTONE_TITLE\":\"1st Payment\",\"WORK_URL\":\"https:\\/\\/upwork.scriptlisting.com\\/contract\\/milestone\\/ad61ab143223efbc24c7d2583be69251\"}', 'contract/milestone/ad61ab143223efbc24c7d2583be69251', 1, '2023-06-15 09:54:42'),
(530, 11, 16, 'new-milestone-initiate', '{\"SENDER_NAME\":\"Workwork\",\"RECEIVER_NAME\":\"Asim Patra\",\"CONTRACT_TITLE\":\"Need to Upgrade and Fix Website\",\"MILESTONE_TITLE\":\"2nd Payment\",\"TITLE\":\"Need to Upgrade and Fix Website\",\"WORK_URL\":\"https:\\/\\/upwork.scriptlisting.com\\/contract\\/details\\/7647966b7343c29048673252e490f736\"}', 'contract/details/7647966b7343c29048673252e490f736', 1, '2023-06-15 09:56:45'),
(531, 16, 11, 'work-submission', '{\"SENDER_NAME\":\"Asim Patra\",\"RECEIVER_NAME\":\"Workwork\",\"TITLE\":\"Need to Upgrade and Fix Website\",\"CONTRACT_TITLE\":\"Need to Upgrade and Fix Website\",\"MILESTONE_TITLE\":\"2nd Payment\",\"WORK_URL\":\"https:\\/\\/upwork.scriptlisting.com\\/contract\\/milestone\\/d09bf41544a3365a46c9077ebb5e35c3\"}', 'contract/milestone/d09bf41544a3365a46c9077ebb5e35c3', 1, '2023-06-15 10:03:57'),
(532, 11, 16, 'work-submission-rejected', '{\"SENDER_NAME\":\"Workwork\",\"RECEIVER_NAME\":\"Asim Patra\",\"TITLE\":\"Need to Upgrade and Fix Website\",\"CONTRACT_TITLE\":\"Need to Upgrade and Fix Website\",\"MILESTONE_TITLE\":\"2nd Payment\",\"WORK_URL\":\"https:\\/\\/upwork.scriptlisting.com\\/contract\\/milestone\\/d09bf41544a3365a46c9077ebb5e35c3\",\"REJECT_REASON\":\"very bad quality...\"}', 'contract/milestone/d09bf41544a3365a46c9077ebb5e35c3', 1, '2023-06-15 10:04:42'),
(533, 11, 16, 'new-dispute-contract', '{\"SENDER_NAME\":\"Workwork\",\"RECEIVER_NAME\":\"Asim Patra\",\"TITLE\":\"Need to Upgrade and Fix Website\",\"CONTRACT_TITLE\":\"Need to Upgrade and Fix Website\",\"MILESTONE_TITLE\":\"2nd Payment\",\"WORK_URL\":\"https:\\/\\/upwork.scriptlisting.com\\/contract\\/details\\/7647966b7343c29048673252e490f736\"}', 'contract/details/7647966b7343c29048673252e490f736', 1, '2023-06-15 10:06:56'),
(534, 11, 16, 'new-milestone-initiate', '{\"SENDER_NAME\":\"Workwork\",\"RECEIVER_NAME\":\"Asim Patra\",\"CONTRACT_TITLE\":\"Need to Upgrade and Fix Website\",\"MILESTONE_TITLE\":\"3rd Payment\",\"TITLE\":\"Need to Upgrade and Fix Website\",\"WORK_URL\":\"https:\\/\\/upwork.scriptlisting.com\\/contract\\/details\\/7647966b7343c29048673252e490f736\"}', 'contract/details/7647966b7343c29048673252e490f736', 1, '2023-06-15 10:16:39'),
(535, 11, 16, 'new-dispute-contract', '{\"SENDER_NAME\":\"Workwork\",\"RECEIVER_NAME\":\"Asim Patra\",\"TITLE\":\"Need to Upgrade and Fix Website\",\"CONTRACT_TITLE\":\"Need to Upgrade and Fix Website\",\"MILESTONE_TITLE\":\"3rd Payment\",\"WORK_URL\":\"http:\\/\\/localhost\\/upwork\\/contract\\/details\\/7647966b7343c29048673252e490f736\"}', 'contract/details/7647966b7343c29048673252e490f736', 0, '2023-12-29 06:54:51');

-- --------------------------------------------------------

--
-- Table structure for table `pref_member_portfolio`
--

CREATE TABLE `pref_member_portfolio` (
  `portfolio_id` int(11) NOT NULL,
  `member_id` int(11) NOT NULL,
  `category_id` int(11) DEFAULT NULL,
  `category_subchild_id` int(11) DEFAULT NULL,
  `portfolio_title` varchar(150) NOT NULL,
  `portfolio_description` text NOT NULL,
  `portfolio_url` varchar(200) DEFAULT NULL,
  `portfolio_image` varchar(200) DEFAULT NULL,
  `project_id` int(11) DEFAULT NULL,
  `portfolio_complete_date` date DEFAULT NULL,
  `portfolio_status` tinyint(1) NOT NULL
) ENGINE=InnoDB DEFAULT CHARSET=utf8;

--
-- Dumping data for table `pref_member_portfolio`
--

INSERT INTO `pref_member_portfolio` (`portfolio_id`, `member_id`, `category_id`, `category_subchild_id`, `portfolio_title`, `portfolio_description`, `portfolio_url`, `portfolio_image`, `project_id`, `portfolio_complete_date`, `portfolio_status`) VALUES
(1, 8, 1, 1, 'Originatesoft', 'This is freelance marketplace where client will post jobs and supplier will bid on job according to their matching skill', 'http://originatesoft.com', NULL, NULL, '2018-11-16', 1),
(2, 8, 2, 3, 'test', 'test', NULL, NULL, NULL, NULL, 1),
(3, 8, 1, 1, 'fsfsdf', 'fsdf', NULL, NULL, NULL, NULL, 1),
(4, 8, 2, 4, 'sdsd', 'sdasdasd', NULL, NULL, NULL, NULL, 1),
(5, 8, 1, 2, 'sdasdasd', 'asdasd', NULL, NULL, NULL, NULL, 1),
(6, 1, 1, 1, 'Gigger', 'Invoice platform', 'http://gigger.se', '{\"name\":\"7e51510544e44154f654fec70966e8c5.jpg\",\"file\":\"7e51510544e44154f654fec70966e8c5.jpg\"}', NULL, '2019-01-01', 1),
(7, 16, 2, 4, 'Hire expert freelancers for any job, online', '3- The main slider banner: please make like https://originatesoft.com/, 3 banners, 2 of them with search and button and the last one 2 buttons. I can change the background that includes the text and image from the admin but the search and button will be fixed.', 'https://originatesoft.com/', '{\"name\":\"19.jpg\",\"file\":\"86587a994a2b6ace5b06309694637ec8.jpg\"}', NULL, '2021-01-24', 1),
(8, 15, 2, 4, 'Hire expert freelancers for any job, online', 'Please make sure both colors in our identity (blue and green) are used and dominant on the homepage, maybe some sections background.', 'https://originatesoft.com/', NULL, NULL, '2021-02-04', 1),
(9, 1, 1, 1, 'fShop - Advanced Responsive OpenCart 3', 'fShop is one of the best OpenCart Template for any eCommerce site based on OpenCart 3. It matches to online stores like cosmetic, shopping, digital, even shoes shops. On the trending of OpenCart 3 theme, fShop definitely will satify you by it design, function & powerful features.of course, your business goals will be over than expected. By the attractive homepage slider with many smooth effects, multi-language, multi-currency, image popup view and much more, super faster speed, fShop – OpenCart 3 theme will enhance the customers’ experiences.', 'https://google.com', '{\"name\":\"01_590x300.jpg\",\"file\":\"48e38868b2ef9eb44bc2b6e3527c3948.jpg\"}', NULL, '2021-01-31', 1),
(10, 1, 1, 2, 'Dubizzleclassified', 'Dubuzzleclassified is a free neighborhood classifieds site. Offer anything from utilized Jobs,Property,vehicles,mobiles, furniture, workstations, garments and then some. Submit advertisements for nothing. On the off chance that you need to purchase something - here you will discover intriguing things, less expensive than in the store. Start advertising in the most simple manner on DubuzzleClassified.com.', 'https://dubizzleclassified.com/', '{\"name\":\"dubizzleclassified.jpg\",\"file\":\"450e99e1943ee10ff4f5cb91ab043e91.jpg\"}', NULL, NULL, 1),
(11, 16, 1, 1, 'Wordpress development site for multicompany', 'Lorem ipsum dolor sit amet consectetur adipiscing elit sed do eiusmod tempor incididunt ut labore et dolore magna aliqua.', 'http://abcd', '{\"name\":\"DSGN-PSD-Website-Template.jpg\",\"file\":\"4ed628d7e42f3ee344ae58734f309e47.jpg\"}', NULL, NULL, 1),
(12, 16, 1, 2, 'Digital martketing for local vendor', 'Utenim ad minim veniam, quis nostrud exercitation ullamco laboris nisi ut aliquip ex ea commodo consequat', 'http://localvendor', '{\"name\":\"ba63dd12221b0c8c63daba4171d16c5f.jpg\",\"file\":\"464ccbed7add7f7a0ac97087c0fb420b.jpg\"}', NULL, NULL, 1),
(13, 41, 2, 3, 'الموارد البشرية', 'خبرات واستشارات', 'https://eservices.masar.sa/', '{\"name\":\"\\u0627\\u0644\\u0645\\u0644\\u0641 \\u0627\\u0644\\u062a\\u0639\\u0631\\u064a\\u0641\\u064a \\u0647\\u0627\\u062f\\u064a \\u0627\\u0644\\u062f\\u0648\\u0633\\u0631\\u064a.pdf\",\"file\":\"038b2811ed8186ad6397804bd0423d', NULL, NULL, 0),
(14, 41, 2, 3, 'hr', 'hr', 'https://eservices.masar.sa/', '{\"name\":\"WhatsApp Image 2021-08-23 at 4_27_33 PM.jpeg\",\"file\":\"b7f9596e47f36d97939db24d7f2e6aa6.jpeg\"}', NULL, NULL, 0),
(15, 41, 1, 1, 'hrrr', 'ht', NULL, '{\"name\":\"\\u0627\\u0644\\u0645\\u0644\\u0641 \\u0627\\u0644\\u062a\\u0639\\u0631\\u064a\\u0641\\u064a.pdf\",\"file\":\"9eaf2a3f9eea8f8160111be4f266b071.pdf\"}', NULL, NULL, 0),
(16, 41, 2, 4, 'hr', 'ksa', NULL, '{\"name\":\"e7c5fac1edca1f497a43f1c6d867c451.jpeg\",\"file\":\"e7c5fac1edca1f497a43f1c6d867c451.jpeg\"}', NULL, '2022-06-14', 1),
(17, 44, 1, 1, 'cnn', 'test new cnn', 'https://eservices.masar.sa/', '{\"name\":\"WhatsApp Image 2022-02-01 at 7_31_44 AM (1).jpeg\",\"file\":\"0993c01f716e4a4b7866c6d6cecddf12.jpeg\"}', NULL, '2022-06-16', 1),
(18, 49, 1, 6, 'تطوير المنتجات والخدمات', 'mahamajmal786 \r\n\r\nI am content write.i can write Wikipedia.i am an expert in writing skills.i have 2 year experience as well\r\n\r\n\r\n₹7000 INR in 10 days\r\n(0 Reviews)', 'https://twitter.com/4saudii', NULL, NULL, '2022-06-30', 1);

-- --------------------------------------------------------

--
-- Table structure for table `pref_member_skills`
--

CREATE TABLE `pref_member_skills` (
  `member_id` int(11) NOT NULL,
  `skill_id` int(11) DEFAULT NULL,
  `member_skills_order` tinyint(2) NOT NULL
) ENGINE=InnoDB DEFAULT CHARSET=utf8;

--
-- Dumping data for table `pref_member_skills`
--

INSERT INTO `pref_member_skills` (`member_id`, `skill_id`, `member_skills_order`) VALUES
(15, 1, 0),
(15, 17, 1),
(15, 4, 2),
(15, 3, 3),
(15, 7, 4),
(4, 17, 0),
(4, 6, 1),
(4, 4, 2),
(22, 17, 0),
(22, 8, 1),
(1, 17, 0),
(1, 5, 1),
(1, 3, 2),
(1, 1, 3),
(49, 24, 0),
(49, 10, 1),
(49, 8, 2),
(49, 19, 3),
(49, 22, 4),
(41, 1, 0),
(41, 24, 1),
(16, 1, 0),
(16, 6, 1),
(16, 5, 2),
(16, 3, 3);

-- --------------------------------------------------------

--
-- Table structure for table `pref_member_statistics`
--

CREATE TABLE `pref_member_statistics` (
  `member_id` int(11) NOT NULL,
  `avg_rating` float(5,2) NOT NULL,
  `total_earning` decimal(10,2) NOT NULL,
  `total_spent` decimal(10,2) NOT NULL,
  `no_of_reviews` int(11) NOT NULL,
  `total_working_hour` decimal(10,2) NOT NULL,
  `success_rate` int(11) NOT NULL
) ENGINE=InnoDB DEFAULT CHARSET=utf8;

--
-- Dumping data for table `pref_member_statistics`
--

INSERT INTO `pref_member_statistics` (`member_id`, `avg_rating`, `total_earning`, `total_spent`, `no_of_reviews`, `total_working_hour`, `success_rate`) VALUES
(11, 4.68, '0.00', '849.46', 19, '0.00', 100),
(1, 4.42, '849.46', '0.00', 8, '30.20', 50),
(16, 4.83, '3340.00', '0.00', 12, '217.52', 100),
(32, 5.00, '0.00', '30.00', 1, '0.00', 100),
(33, 0.00, '70.00', '0.00', 0, '0.00', 0),
(42, 0.00, '0.00', '0.00', 1, '0.00', 0),
(41, 0.00, '0.00', '0.00', 1, '0.00', 0);

-- --------------------------------------------------------

--
-- Table structure for table `pref_member_withdraw_account`
--

CREATE TABLE `pref_member_withdraw_account` (
  `account_id` int(11) NOT NULL,
  `member_id` int(11) NOT NULL,
  `payment_type` tinytext DEFAULT NULL,
  `account_heading` varchar(150) DEFAULT NULL,
  `acount_details` text DEFAULT NULL,
  `account_status` tinyint(4) DEFAULT NULL,
  `reg_date` datetime DEFAULT NULL
) ENGINE=InnoDB DEFAULT CHARSET=utf8;

--
-- Dumping data for table `pref_member_withdraw_account`
--

INSERT INTO `pref_member_withdraw_account` (`account_id`, `member_id`, `payment_type`, `account_heading`, `acount_details`, `account_status`, `reg_date`) VALUES
(1, 16, 'bank', '3910023456789', '{\"id\":\"3910023456789\",\"name\":\"SBI\",\"swift\":\"SBI00234\",\"iban\":\"3910023456789\"}', 1, '2021-02-19 09:47:09'),
(2, 16, 'paypal', 'wasif788@gmail.com', '{\"id\":\"wasif788@gmail.com\"}', 1, '2021-06-25 11:21:04'),
(3, 1, 'paypal', 'asish9735@gmail.com', '{\"id\":\"asish9735@gmail.com\"}', 1, '2022-02-09 02:27:30'),
(4, 11, 'paypal', 'asish9735_biz@gmail.com', '{\"id\":\"asish9735_biz@gmail.com\"}', 1, '2022-02-09 13:48:11'),
(5, 32, 'bank', '0172777333', '{\"id\":\"0172777333\",\"name\":\"hjjz\",\"swift\":\"71717\",\"iban\":\"IBAN71718282\"}', 1, '2022-03-03 13:17:59'),
(6, 32, 'paypal', 'sheikhjewelahmedjoy@gmail.com', '{\"id\":\"sheikhjewelahmedjoy@gmail.com\"}', 1, '2022-03-03 13:18:32'),
(7, 1, 'bank', '52485324782', '{\"id\":\"52485324782\",\"name\":\"BNP\",\"swift\":\"FR52485425845255\",\"iban\":\"FEPTTSJSRT\"}', 1, '2022-04-01 17:45:07'),
(8, 16, 'bank', '8182828', '{\"id\":\"8182828\",\"name\":\"Sad\",\"swift\":\"17828\",\"iban\":\"811818\"}', 1, '2022-11-30 14:30:23'),
(9, 11, 'paypal', 'abc@mail.com', '{\"id\":\"abc@mail.com\"}', 1, '2023-02-03 11:57:09'),
(10, 15, 'paypal', 'asish9735_per@gmail.com', '{\"id\":\"asish9735_per@gmail.com\"}', 1, '2023-06-09 07:15:07');

-- --------------------------------------------------------

--
-- Table structure for table `pref_notifications_template`
--

CREATE TABLE `pref_notifications_template` (
  `notification_template_id` int(11) NOT NULL,
  `template_key` varchar(150) NOT NULL,
  `template_for` varchar(100) NOT NULL,
  `all_template_keys` text NOT NULL,
  `display_order` int(11) NOT NULL,
  `status` tinyint(1) NOT NULL
) ENGINE=InnoDB DEFAULT CHARSET=utf8;

--
-- Dumping data for table `pref_notifications_template`
--

INSERT INTO `pref_notifications_template` (`notification_template_id`, `template_key`, `template_for`, `all_template_keys`, `display_order`, `status`) VALUES
(1, 'admin-user-signup', 'Admin User Registration', ' ', 0, 1),
(2, 'admin-document-verification', 'Admin New document Request', '  ', 0, 1),
(3, 'admin-ad-post', 'Admin Ad Post', ' ', 0, 1),
(4, 'admin-account-deactive-request', 'Admin Account Deactivitaion', ' ', 0, 1),
(5, 'admin-user-contact-request', 'Admin User Contact Request', ' ', 0, 1),
(6, 'admin-reported-ad', 'Admin Reported Ads', ' ', 0, 0),
(7, 'admin-ad-featured', 'Admin Featured Ads', ' {PROJECT_TITLE} => Ad Title', 0, 0),
(8, 'wallet-balance-error', 'Wallet balance error', ' {WALLET_ID} =>Wallet ID\r\n{TRANSACTION_ID}=> Transaction ID', 8, 1),
(9, 'new-project-offer', 'New Offer', ' {TITLE} =>Project Name\r\n', 0, 1),
(10, 'project-offer-accepted', 'Project Offer Accepted', ' {TITLE} =>Project Name\r\n', 0, 1),
(11, 'project-offer-rejected', 'Project Offer Rejected', ' {TITLE} =>Project Name\r\n', 0, 1),
(12, 'new-milestone-initiate', 'Milestone Initiate', ' {TITLE} =>Project Name\r\n{CONTRACT_TITLE}=>Contract Name\r\n{MILESTONE_TITLE}=>Milestone Name', 0, 1),
(13, 'work-submission', 'Work Submit by Freelancer', ' {TITLE} =>Project Name\r\n{CONTRACT_TITLE}=>Contract Name\r\n{MILESTONE_TITLE}=>Milestone Name', 0, 1),
(14, 'work-submission-accepted', 'Work Submit Accepted by Client', ' {TITLE} =>Project Name\r\n{CONTRACT_TITLE}=>Contract Name\r\n{MILESTONE_TITLE}=>Milestone Name', 0, 1),
(15, 'work-submission-rejected', 'Work Submit Rejected by Client', ' {TITLE} =>Project Name\r\n{CONTRACT_TITLE}=>Contract Name\r\n{MILESTONE_TITLE}=>Milestone Name', 0, 1),
(16, 'new-dispute-contract', 'New Dispute Create', ' {TITLE} =>Project Name\r\n{CONTRACT_TITLE}=>Contract Name\r\n{MILESTONE_TITLE}=>Milestone Name', 0, 1),
(17, 'dispute-offer', 'New offer dispute', ' {TITLE} =>Project Name\r\n{CONTRACT_TITLE}=>Contract Name\r\n{MILESTONE_TITLE}=>Milestone Name', 0, 1),
(18, 'dispute-resolve', 'Dispute Resolve', ' {TITLE} =>Project Name\r\n{CONTRACT_TITLE}=>Contract Name\r\n{MILESTONE_TITLE}=>Milestone Name', 0, 1),
(19, 'end-contract', 'End Contract', ' {TITLE} =>Project Name\r\n{CONTRACT_TITLE}=>Contract Name', 0, 1),
(20, 'pause-contract', 'Pause contract by Client', '{TITLE} =>Project Name\r\n{CONTRACT_TITLE}=>Contract Name', 0, 1),
(21, 'resume-contract', 'Contract resume by client', ' {TITLE} =>Project Name\r\n{CONTRACT_TITLE}=>Contract Name', 0, 1),
(22, 'hourly-work-submission', 'Hourly Work Submit by Freelancer', ' {TITLE} =>Project Name\r\n{CONTRACT_TITLE}=>Contract Name', 0, 1),
(23, 'hourly-work-submission-accepted', 'Hourly Work Submit Accepted by Client', ' {TITLE} =>Project Name\r\n{CONTRACT_TITLE}=>Contract Name', 0, 1),
(24, 'hourly-work-submission-rejected', 'Hourly Work Submit Rejected by Client', ' {TITLE} =>Project Name\r\n{CONTRACT_TITLE}=>Contract Name', 0, 1),
(25, 'new-invoice-request', 'Hourly Invoice Request by Freelancer', ' {TITLE} =>Project Name\r\n{CONTRACT_TITLE}=>Contract Name', 0, 1),
(26, 'hourly-invoice-accepted', 'Hourly Invoice Accepted by Client', ' {TITLE} =>Project Name\r\n{CONTRACT_TITLE}=>Contract Name', 0, 1),
(27, 'hourly-invoice-rejected', 'Hourly Invoice Reject by Client', ' {TITLE} =>Project Name\r\n{CONTRACT_TITLE}=>Contract Name', 0, 1),
(28, 'new-proposal', 'New Proposal Posted ', ' {TITLE}=> Project Title', 0, 1),
(29, 'project-invitation', 'Invitation for project', ' {TITLE}=> Project Title', 0, 1),
(30, 'dispute-send-to-admin', 'Dispute send to admin', ' {TITLE} =>Project Name\r\n{CONTRACT_TITLE}=>Contract Name\r\n{MILESTONE_TITLE}=>Milestone Name', 0, 1),
(31, 'admin-reported-project', 'Admin Reported Project', 'TITLE', 0, 0),
(32, 'test', 'test', 'test', 0, 1);

-- --------------------------------------------------------

--
-- Table structure for table `pref_notifications_template_names`
--

CREATE TABLE `pref_notifications_template_names` (
  `notification_template_id` int(11) NOT NULL,
  `template_content` text NOT NULL,
  `lang` char(3) NOT NULL
) ENGINE=InnoDB DEFAULT CHARSET=utf8;

--
-- Dumping data for table `pref_notifications_template_names`
--

INSERT INTO `pref_notifications_template_names` (`notification_template_id`, `template_content`, `lang`) VALUES
(1, 'مستخدم جديد مسجل. الاسم {FULL_NAME}', 'ar'),
(1, 'New User Registered . Name {FULL_NAME}', 'en'),
(2, 'طلب التحقق من المستند الجديد. بواسطة: {MEMBER_NAME}', 'ar'),
(2, 'New Document Verification Request. By: {MEMBER_NAME}', 'en'),
(3, 'إعلان جديد تم نشره. العنوان: {TITLE}', 'ar'),
(3, 'New Ad Posted . Title : {TITLE}', 'en'),
(4, 'طلب إلغاء تنشيط الحساب بواسطة {NAME}.', 'ar'),
(4, 'Account Deactivitation Request By {NAME} .', 'en'),
(5, 'لديك طلب اتصال جديد.', 'ar'),
(5, 'You have a new contact request.', 'en'),
(6, 'أبلغ المستخدم عن الإعلان \"{AD_TITLE}\".', 'ar'),
(6, 'Ad \"{AD_TITLE}\" is reported by a user.', 'en'),
(7, 'تم تمييز الإعلان \"{PROJECT_TITLE}\" على أنه مميز', 'ar'),
(7, 'Ad \"{PROJECT_TITLE}\" marked as featured', 'en'),
(8, 'خطأ في رصيد المحفظة للمحفظة {WALLET_ID} بعد المعاملة {TRANSACTION_ID}.', 'ar'),
(8, 'Wallet balance error for the wallet {WALLET_ID} after transaction {TRANSACTION_ID}.', 'en'),
(9, 'لقد تلقيت عرضًا جديدًا للمشروع {TITLE}.', 'ar'),
(9, 'You got a new offer for the project {TITLE}.', 'en'),
(10, 'تم قبول عرضك لمشروع {TITLE}', 'ar'),
(10, 'Your offer has been accepted for the project {TITLE}', 'en'),
(11, 'تم رفض عرضك الخاص بالمشروع {TITLE}', 'ar'),
(11, 'Your offer has been rejected for the project {TITLE}', 'en'),
(12, 'بداية مهمة جديدة للمشروع {TITLE}', 'ar'),
(12, 'New milestone Initiate for the project {TITLE}', 'en'),
(13, 'طلب تقديم العمل للمشروع {TITLE}', 'ar'),
(13, 'Work submission request for the project {TITLE}', 'en'),
(14, 'تم قبول إرسالك للمشروع {TITLE}', 'ar'),
(14, 'Your submission has been accepted for the project {TITLE}', 'en'),
(15, 'تم رفض إرسالك للمشروع {TITLE}.', 'ar'),
(15, 'Your submission has been rejected for the project {TITLE}.', 'en'),
(16, 'لديك نزاع جديد بشأن المشروع {TITLE}', 'ar'),
(16, 'You have a new dispute for the project {TITLE}', 'en'),
(17, 'لديك عرض نزاع جديد بشأن المشروع {TITLE}', 'ar'),
(17, 'You have new dispute offer for the project {TITLE}', 'en'),
(18, 'تم حل النزاع بشأن المشروع {TITLE}', 'ar'),
(18, 'Dispute has been resolved for the project {TITLE}', 'en'),
(19, 'انتهى عقد جديد للمشروع {TITLE}', 'ar'),
(19, 'New contract Ended for the project {TITLE}', 'en'),
(20, 'Contract has been pause for the project {TITLE}', 'en'),
(21, 'تم استئناف عقدك للمشروع {TITLE}', 'ar'),
(21, 'Your contract has been resume for the project {TITLE}', 'en'),
(22, 'طلب تقديم العمل للمشروع {TITLE}', 'ar'),
(22, 'Work submission request for the project {TITLE}', 'en'),
(23, 'تم قبول إرسالك للمشروع {TITLE}', 'ar'),
(23, 'Your submission has been accepted for the project {TITLE}', 'en'),
(24, 'تم رفض إرسالك للمشروع {TITLE}.', 'ar'),
(24, 'Your submission has been rejected for the project {TITLE}.', 'en'),
(25, 'طلب فاتورة بالساعة للمشروع {TITLE}', 'ar'),
(25, 'Hourly Invoice Request for the project {TITLE}', 'en'),
(26, 'تم قبول فاتورتك للمشروع {TITLE}.', 'ar'),
(26, 'Your invoice has been accepted for the project {TITLE}.', 'en'),
(27, 'تم رفض فاتورتك للمشروع {TITLE}.', 'ar'),
(27, 'Your invoice has been rejected for the project {TITLE}.', 'en'),
(28, 'لديك اقتراح جديد للمشروع {TITLE}.', 'ar'),
(28, 'You have new proposal for the project {TITLE}.', 'en'),
(29, 'لديك دعوة للمشروع {TITLE}', 'ar'),
(29, 'You have invitation for the project {TITLE}', 'en'),
(30, 'تم إرسال النزاع إلى المسؤول عن المشروع {TITLE}', 'ar'),
(30, 'Dispute sent to admin for the project {TITLE}', 'en'),
(31, 'User reported for the Project {TITLE}', 'ar'),
(31, 'User reported for the Project {TITLE}', 'en'),
(32, 'test', 'ar'),
(32, 'test', 'en');

-- --------------------------------------------------------

--
-- Table structure for table `pref_online_transaction_data`
--

CREATE TABLE `pref_online_transaction_data` (
  `online_id` int(11) NOT NULL,
  `payment_type` char(10) NOT NULL,
  `content_key` varchar(200) NOT NULL,
  `request_value` text NOT NULL,
  `response_value` text NOT NULL,
  `reg_date` datetime NOT NULL DEFAULT current_timestamp(),
  `tran_id` int(11) NOT NULL,
  `status` tinyint(1) NOT NULL
) ENGINE=InnoDB DEFAULT CHARSET=utf8;

--
-- Dumping data for table `pref_online_transaction_data`
--

INSERT INTO `pref_online_transaction_data` (`online_id`, `payment_type`, `content_key`, `request_value`, `response_value`, `reg_date`, `tran_id`, `status`) VALUES
(1, 'PAYPAL', '8b318e7f9320864d9b53f7a0c79ccb04', '{\"amount\":206.1,\"org_amt\":\"200\",\"fee\":\"6.10\",\"return_url\":\"http:\\/\\/localhost:7777\\/newflance\\/finance\\/addfund?refer=paymentsuccess\",\"cancel_url\":\"http:\\/\\/localhost:7777\\/newflance\\/finance\\/addfund?refer=paymenterror\",\"notify_url\":\"http:\\/\\/localhost:7777\\/newflance\\/payment\\/paypalnotify\\/addfund\\/11-1578322461\",\"custom\":\"8b318e7f9320864d9b53f7a0c79ccb04\",\"member_id\":\"11\",\"amount_converted\":206.1}', '', '2020-01-06 20:24:21', 0, 0),
(2, 'STRIPE', '3d2a9b1e8c043fe5f2f982757ad3f2b4', '{\"amount\":103,\"org_amt\":\"100\",\"fee\":\"3.00\",\"notify_url\":\"http:\\/\\/localhost:7777\\/newflance\\/addfund\\/1-1578909687\",\"custom\":\"3d2a9b1e8c043fe5f2f982757ad3f2b4\",\"member_id\":\"1\",\"amount_converted\":\"100\"}', '', '2020-01-13 15:31:27', 0, 0),
(3, 'STRIPE', 'fa4005a1cde25cc78f6e7e694a734d21', '{\"amount\":103,\"org_amt\":\"100\",\"fee\":\"3.00\",\"notify_url\":\"http:\\/\\/localhost:7777\\/newflance\\/addfund\\/1-1578910679\",\"custom\":\"fa4005a1cde25cc78f6e7e694a734d21\",\"member_id\":\"1\",\"amount_converted\":\"100\"}', '', '2020-01-13 15:47:59', 0, 0),
(4, 'STRIPE', '19a1ed140de67d977c49851189981692', '{\"amount\":103,\"org_amt\":\"100\",\"fee\":\"3.00\",\"notify_url\":\"http:\\/\\/localhost:7777\\/newflance\\/addfund\\/1-1578911112\",\"custom\":\"19a1ed140de67d977c49851189981692\",\"member_id\":\"1\",\"amount_converted\":\"100\"}', '', '2020-01-13 15:55:12', 0, 0),
(5, 'STRIPE', 'a705bb02ae8be95e5b442825f1982db8', '{\"amount\":103,\"org_amt\":\"100\",\"fee\":\"3.00\",\"notify_url\":\"http:\\/\\/localhost:7777\\/newflance\\/addfund\\/1-1578911539\",\"custom\":\"a705bb02ae8be95e5b442825f1982db8\",\"member_id\":\"1\",\"amount_converted\":\"100\"}', '', '2020-01-13 16:02:19', 0, 0),
(6, 'STRIPE', 'a1892bd23a174c0b5bbbc45d3bb7d3f3', '{\"amount\":103,\"org_amt\":\"100\",\"fee\":\"3.00\",\"notify_url\":\"http:\\/\\/localhost:7777\\/newflance\\/addfund\\/1-1578912600\",\"custom\":\"a1892bd23a174c0b5bbbc45d3bb7d3f3\",\"member_id\":\"1\",\"amount_converted\":\"100\"}', '', '2020-01-13 16:20:00', 0, 0),
(7, 'STRIPE', '80b2be929d3b2d48b16f786e46c68fa0', '{\"amount\":103,\"org_amt\":\"100\",\"fee\":\"3.00\",\"notify_url\":\"http:\\/\\/localhost:7777\\/newflance\\/addfund\\/1-1578914209\",\"custom\":\"80b2be929d3b2d48b16f786e46c68fa0\",\"member_id\":\"1\",\"amount_converted\":\"100\"}', '', '2020-01-13 16:46:49', 0, 0),
(8, 'STRIPE', '6dc40543355bae67ab7525808f5c0d02', '{\"amount\":103,\"org_amt\":\"100\",\"fee\":\"3.00\",\"notify_url\":\"http:\\/\\/localhost:7777\\/newflance\\/addfund\\/11-1580308211\",\"custom\":\"6dc40543355bae67ab7525808f5c0d02\",\"member_id\":\"11\",\"amount_converted\":\"100\"}', '', '2020-01-29 20:00:11', 0, 0),
(9, 'PAYPAL', '5b7d6919620e9095f57dda506227de1b', '{\"amount\":20.879999999999999005240169935859739780426025390625,\"org_amt\":\"20\",\"fee\":\"0.88\",\"return_url\":\"https:\\/\\/scriptlisting.com\\/upwork\\/finance\\/addfund?refer=paymentsuccess\",\"cancel_url\":\"https:\\/\\/scriptlisting.com\\/upwork\\/finance\\/addfund?refer=paymenterror\",\"notify_url\":\"https:\\/\\/scriptlisting.com\\/upwork\\/payment\\/paypalnotify\\/addfund\\/1-1611054827\",\"custom\":\"5b7d6919620e9095f57dda506227de1b\",\"member_id\":\"1\",\"amount_converted\":20.879999999999999005240169935859739780426025390625}', '', '2021-01-19 06:13:47', 0, 0),
(10, 'PAYPAL', 'fc2047cb20cac0920adc042244c7ee5c', '{\"amount\":20.879999999999999005240169935859739780426025390625,\"org_amt\":\"20\",\"fee\":\"0.88\",\"return_url\":\"https:\\/\\/scriptlisting.com\\/upwork\\/finance\\/addfund?refer=paymentsuccess\",\"cancel_url\":\"https:\\/\\/scriptlisting.com\\/upwork\\/finance\\/addfund?refer=paymenterror\",\"notify_url\":\"https:\\/\\/scriptlisting.com\\/upwork\\/payment\\/paypalnotify\\/addfund\\/1-1611054836\",\"custom\":\"fc2047cb20cac0920adc042244c7ee5c\",\"member_id\":\"1\",\"amount_converted\":20.879999999999999005240169935859739780426025390625}', '', '2021-01-19 06:13:56', 0, 0),
(11, 'PAYPAL', '62b6dbc9afd12b06023f3edda58a11a2', '{\"amount\":1029.299999999999954525264911353588104248046875,\"org_amt\":\"1000\",\"fee\":\"29.30\",\"return_url\":\"https:\\/\\/scriptlisting.com\\/upwork\\/finance\\/addfund?refer=paymentsuccess\",\"cancel_url\":\"https:\\/\\/scriptlisting.com\\/upwork\\/finance\\/addfund?refer=paymenterror\",\"notify_url\":\"https:\\/\\/scriptlisting.com\\/upwork\\/payment\\/paypalnotify\\/addfund\\/11-1613727708\",\"custom\":\"62b6dbc9afd12b06023f3edda58a11a2\",\"member_id\":\"11\",\"amount_converted\":1029.299999999999954525264911353588104248046875}', '{\"mc_gross\":\"1029.30\",\"protection_eligibility\":\"Eligible\",\"payer_id\":\"QRU2W8VYGVCQS\",\"tax\":\"0.00\",\"payment_date\":\"01:42:51 Feb 19, 2021 PST\",\"payment_status\":\"Completed\",\"charset\":\"windows-1252\",\"first_name\":\"asharam\",\"mc_fee\":\"30.15\",\"notify_version\":\"3.9\",\"custom\":\"62b6dbc9afd12b06023f3edda58a11a2\",\"payer_status\":\"verified\",\"business\":\"asish9735_biz@gmail.com\",\"quantity\":\"1\",\"verify_sign\":\"A-q1ypYu4wm53AQaCxbLipcxX2q9A4BzW8jWcgrgj.iyKccpBzj-tfOC\",\"payer_email\":\"asish9735_per@gmail.com\",\"txn_id\":\"64W68118FU510194M\",\"payment_type\":\"instant\",\"last_name\":\"pakhira\",\"receiver_email\":\"asish9735_biz@gmail.com\",\"payment_fee\":\"30.15\",\"shipping_discount\":\"0.00\",\"receiver_id\":\"QVNBYB42DBZAU\",\"insurance_amount\":\"0.00\",\"txn_type\":\"web_accept\",\"item_name\":\"Add Fund From - Freelancer\",\"discount\":\"0.00\",\"mc_currency\":\"USD\",\"item_number\":\"\",\"residence_country\":\"US\",\"test_ipn\":\"1\",\"shipping_method\":\"Default\",\"transaction_subject\":\"\",\"payment_gross\":\"1029.30\",\"shipping\":\"0.00\",\"ipn_track_id\":\"b0b19ea14a5e9\"}', '2021-02-19 04:41:48', 39, 1),
(12, 'PAYPAL', '947ea323ee72343b6b47e37384573a7c', '{\"amount\":103.2000000000000028421709430404007434844970703125,\"org_amt\":\"100\",\"fee\":\"3.20\",\"return_url\":\"https:\\/\\/scriptlisting.com\\/upwork\\/finance\\/addfund?refer=paymentsuccess\",\"cancel_url\":\"https:\\/\\/scriptlisting.com\\/upwork\\/finance\\/addfund?refer=paymenterror\",\"notify_url\":\"https:\\/\\/scriptlisting.com\\/upwork\\/payment\\/paypalnotify\\/addfund\\/16-1614068571\",\"custom\":\"947ea323ee72343b6b47e37384573a7c\",\"member_id\":\"16\",\"amount_converted\":103.2000000000000028421709430404007434844970703125}', '{\"mc_gross\":\"103.20\",\"protection_eligibility\":\"Eligible\",\"payer_id\":\"QRU2W8VYGVCQS\",\"tax\":\"0.00\",\"payment_date\":\"00:23:56 Feb 23, 2021 PST\",\"payment_status\":\"Completed\",\"charset\":\"windows-1252\",\"first_name\":\"asharam\",\"mc_fee\":\"3.29\",\"notify_version\":\"3.9\",\"custom\":\"947ea323ee72343b6b47e37384573a7c\",\"payer_status\":\"verified\",\"business\":\"asish9735_biz@gmail.com\",\"quantity\":\"1\",\"verify_sign\":\"AwIggmgx-fAD0IWRrXWdFxsw.d--Ars-WVhDYkNrOPs5fP9QTYCFHc58\",\"payer_email\":\"asish9735_per@gmail.com\",\"txn_id\":\"02P7464067687860J\",\"payment_type\":\"instant\",\"last_name\":\"pakhira\",\"receiver_email\":\"asish9735_biz@gmail.com\",\"payment_fee\":\"3.29\",\"shipping_discount\":\"0.00\",\"receiver_id\":\"QVNBYB42DBZAU\",\"insurance_amount\":\"0.00\",\"txn_type\":\"web_accept\",\"item_name\":\"Add Fund From - Freelancer\",\"discount\":\"0.00\",\"mc_currency\":\"USD\",\"item_number\":\"\",\"residence_country\":\"US\",\"test_ipn\":\"1\",\"shipping_method\":\"Default\",\"transaction_subject\":\"\",\"payment_gross\":\"103.20\",\"shipping\":\"0.00\",\"ipn_track_id\":\"bd402881ad1f4\"}', '2021-02-23 03:22:51', 43, 1),
(13, 'PAYPAL', 'd122cdb7b6806024d26c0c068336c851', '{\"amount\":206.099999999999994315658113919198513031005859375,\"org_amt\":\"200\",\"fee\":\"6.10\",\"return_url\":\"https:\\/\\/scriptlisting.com\\/upwork\\/finance\\/addfund?refer=paymentsuccess\",\"cancel_url\":\"https:\\/\\/scriptlisting.com\\/upwork\\/finance\\/addfund?refer=paymenterror\",\"notify_url\":\"https:\\/\\/scriptlisting.com\\/upwork\\/payment\\/paypalnotify\\/addfund\\/1-1615646412\",\"custom\":\"d122cdb7b6806024d26c0c068336c851\",\"member_id\":\"1\",\"amount_converted\":206.099999999999994315658113919198513031005859375}', '', '2021-03-13 09:40:12', 0, 0),
(14, 'PAYPAL', 'dc082285bd32f62d9ce0cbaf50869b3c', '{\"amount\":206.099999999999994315658113919198513031005859375,\"org_amt\":\"200\",\"fee\":\"6.10\",\"return_url\":\"https:\\/\\/scriptlisting.com\\/upwork\\/finance\\/addfund?refer=paymentsuccess\",\"cancel_url\":\"https:\\/\\/scriptlisting.com\\/upwork\\/finance\\/addfund?refer=paymenterror\",\"notify_url\":\"https:\\/\\/scriptlisting.com\\/upwork\\/payment\\/paypalnotify\\/addfund\\/11-1615755869\",\"custom\":\"dc082285bd32f62d9ce0cbaf50869b3c\",\"member_id\":\"11\",\"amount_converted\":206.099999999999994315658113919198513031005859375}', '', '2021-03-14 17:04:29', 0, 0),
(15, 'STRIPE', 'ce25a6621723003483cd0d6ff8aef261', '{\"amount\":206,\"org_amt\":\"200\",\"fee\":\"6.00\",\"notify_url\":\"https:\\/\\/scriptlisting.com\\/upwork\\/addfund\\/11-1615755887\",\"custom\":\"ce25a6621723003483cd0d6ff8aef261\",\"member_id\":\"11\",\"amount_converted\":\"200\"}', '', '2021-03-14 17:04:47', 0, 0),
(16, 'STRIPE', '5b74950f465efecbdb442b99399fd015', '{\"amount\":206,\"org_amt\":\"200\",\"fee\":\"6.00\",\"notify_url\":\"https:\\/\\/scriptlisting.com\\/upwork\\/addfund\\/11-1615755895\",\"custom\":\"5b74950f465efecbdb442b99399fd015\",\"member_id\":\"11\",\"amount_converted\":\"200\"}', '', '2021-03-14 17:04:55', 0, 0),
(17, 'STRIPE', 'cc2bb8dd1b5fa1a92d31836a70981474', '{\"amount\":206,\"org_amt\":\"200\",\"fee\":\"6.00\",\"notify_url\":\"https:\\/\\/scriptlisting.com\\/upwork\\/addfund\\/11-1615755896\",\"custom\":\"cc2bb8dd1b5fa1a92d31836a70981474\",\"member_id\":\"11\",\"amount_converted\":\"200\"}', '', '2021-03-14 17:04:56', 0, 0),
(18, 'STRIPE', 'f3e8633fc39a8d168a1d7cf70d5a4819', '{\"amount\":206,\"org_amt\":\"200\",\"fee\":\"6.00\",\"notify_url\":\"https:\\/\\/scriptlisting.com\\/upwork\\/addfund\\/11-1615755897\",\"custom\":\"f3e8633fc39a8d168a1d7cf70d5a4819\",\"member_id\":\"11\",\"amount_converted\":\"200\"}', '', '2021-03-14 17:04:57', 0, 0),
(19, 'STRIPE', 'df0f29a2ffc8ce925e211345bfa94ea4', '{\"amount\":206,\"org_amt\":\"200\",\"fee\":\"6.00\",\"notify_url\":\"https:\\/\\/scriptlisting.com\\/upwork\\/addfund\\/11-1615755898\",\"custom\":\"df0f29a2ffc8ce925e211345bfa94ea4\",\"member_id\":\"11\",\"amount_converted\":\"200\"}', '', '2021-03-14 17:04:58', 0, 0),
(20, 'STRIPE', 'ac64bb0c3761aaa0c937290ee7251b64', '{\"amount\":206,\"org_amt\":\"200\",\"fee\":\"6.00\",\"notify_url\":\"https:\\/\\/scriptlisting.com\\/upwork\\/addfund\\/11-1615755899\",\"custom\":\"ac64bb0c3761aaa0c937290ee7251b64\",\"member_id\":\"11\",\"amount_converted\":\"200\"}', '', '2021-03-14 17:04:59', 0, 0),
(21, 'STRIPE', '5721d1967a9fd617bfda7b484c16eed1', '{\"amount\":206,\"org_amt\":\"200\",\"fee\":\"6.00\",\"notify_url\":\"https:\\/\\/scriptlisting.com\\/upwork\\/addfund\\/11-1615755900\",\"custom\":\"5721d1967a9fd617bfda7b484c16eed1\",\"member_id\":\"11\",\"amount_converted\":\"200\"}', '', '2021-03-14 17:05:00', 0, 0),
(22, 'STRIPE', '5721d1967a9fd617bfda7b484c16eed1', '{\"amount\":206,\"org_amt\":\"200\",\"fee\":\"6.00\",\"notify_url\":\"https:\\/\\/scriptlisting.com\\/upwork\\/addfund\\/11-1615755900\",\"custom\":\"5721d1967a9fd617bfda7b484c16eed1\",\"member_id\":\"11\",\"amount_converted\":\"200\"}', '', '2021-03-14 17:05:00', 0, 0),
(23, 'STRIPE', '5721d1967a9fd617bfda7b484c16eed1', '{\"amount\":206,\"org_amt\":\"200\",\"fee\":\"6.00\",\"notify_url\":\"https:\\/\\/scriptlisting.com\\/upwork\\/addfund\\/11-1615755900\",\"custom\":\"5721d1967a9fd617bfda7b484c16eed1\",\"member_id\":\"11\",\"amount_converted\":\"200\"}', '', '2021-03-14 17:05:00', 0, 0),
(24, 'STRIPE', '5721d1967a9fd617bfda7b484c16eed1', '{\"amount\":206,\"org_amt\":\"200\",\"fee\":\"6.00\",\"notify_url\":\"https:\\/\\/scriptlisting.com\\/upwork\\/addfund\\/11-1615755900\",\"custom\":\"5721d1967a9fd617bfda7b484c16eed1\",\"member_id\":\"11\",\"amount_converted\":\"200\"}', '', '2021-03-14 17:05:00', 0, 0),
(25, 'STRIPE', '5721d1967a9fd617bfda7b484c16eed1', '{\"amount\":206,\"org_amt\":\"200\",\"fee\":\"6.00\",\"notify_url\":\"https:\\/\\/scriptlisting.com\\/upwork\\/addfund\\/11-1615755900\",\"custom\":\"5721d1967a9fd617bfda7b484c16eed1\",\"member_id\":\"11\",\"amount_converted\":\"200\"}', '', '2021-03-14 17:05:00', 0, 0),
(26, 'STRIPE', 'bafb3b63cdc552a73173bc6a369dd918', '{\"amount\":206,\"org_amt\":\"200\",\"fee\":\"6.00\",\"notify_url\":\"https:\\/\\/scriptlisting.com\\/upwork\\/addfund\\/11-1615755901\",\"custom\":\"bafb3b63cdc552a73173bc6a369dd918\",\"member_id\":\"11\",\"amount_converted\":\"200\"}', '', '2021-03-14 17:05:01', 0, 0),
(27, 'STRIPE', 'bafb3b63cdc552a73173bc6a369dd918', '{\"amount\":206,\"org_amt\":\"200\",\"fee\":\"6.00\",\"notify_url\":\"https:\\/\\/scriptlisting.com\\/upwork\\/addfund\\/11-1615755901\",\"custom\":\"bafb3b63cdc552a73173bc6a369dd918\",\"member_id\":\"11\",\"amount_converted\":\"200\"}', '', '2021-03-14 17:05:01', 0, 0),
(28, 'STRIPE', 'bafb3b63cdc552a73173bc6a369dd918', '{\"amount\":206,\"org_amt\":\"200\",\"fee\":\"6.00\",\"notify_url\":\"https:\\/\\/scriptlisting.com\\/upwork\\/addfund\\/11-1615755901\",\"custom\":\"bafb3b63cdc552a73173bc6a369dd918\",\"member_id\":\"11\",\"amount_converted\":\"200\"}', '', '2021-03-14 17:05:01', 0, 0),
(29, 'STRIPE', 'df45059d2753a17aab6d027def982305', '{\"amount\":206,\"org_amt\":\"200\",\"fee\":\"6.00\",\"notify_url\":\"https:\\/\\/scriptlisting.com\\/upwork\\/addfund\\/11-1615755902\",\"custom\":\"df45059d2753a17aab6d027def982305\",\"member_id\":\"11\",\"amount_converted\":\"200\"}', '', '2021-03-14 17:05:02', 0, 0),
(30, 'STRIPE', 'df45059d2753a17aab6d027def982305', '{\"amount\":206,\"org_amt\":\"200\",\"fee\":\"6.00\",\"notify_url\":\"https:\\/\\/scriptlisting.com\\/upwork\\/addfund\\/11-1615755902\",\"custom\":\"df45059d2753a17aab6d027def982305\",\"member_id\":\"11\",\"amount_converted\":\"200\"}', '', '2021-03-14 17:05:02', 0, 0),
(31, 'STRIPE', 'df45059d2753a17aab6d027def982305', '{\"amount\":206,\"org_amt\":\"200\",\"fee\":\"6.00\",\"notify_url\":\"https:\\/\\/scriptlisting.com\\/upwork\\/addfund\\/11-1615755902\",\"custom\":\"df45059d2753a17aab6d027def982305\",\"member_id\":\"11\",\"amount_converted\":\"200\"}', '', '2021-03-14 17:05:02', 0, 0),
(32, 'STRIPE', 'df45059d2753a17aab6d027def982305', '{\"amount\":206,\"org_amt\":\"200\",\"fee\":\"6.00\",\"notify_url\":\"https:\\/\\/scriptlisting.com\\/upwork\\/addfund\\/11-1615755902\",\"custom\":\"df45059d2753a17aab6d027def982305\",\"member_id\":\"11\",\"amount_converted\":\"200\"}', '', '2021-03-14 17:05:02', 0, 0),
(33, 'STRIPE', 'df45059d2753a17aab6d027def982305', '{\"amount\":206,\"org_amt\":\"200\",\"fee\":\"6.00\",\"notify_url\":\"https:\\/\\/scriptlisting.com\\/upwork\\/addfund\\/11-1615755902\",\"custom\":\"df45059d2753a17aab6d027def982305\",\"member_id\":\"11\",\"amount_converted\":\"200\"}', '', '2021-03-14 17:05:02', 0, 0),
(34, 'STRIPE', '105d5e82ef36c68166b7c00293ab8c68', '{\"amount\":206,\"org_amt\":\"200\",\"fee\":\"6.00\",\"notify_url\":\"https:\\/\\/scriptlisting.com\\/upwork\\/addfund\\/11-1615755903\",\"custom\":\"105d5e82ef36c68166b7c00293ab8c68\",\"member_id\":\"11\",\"amount_converted\":\"200\"}', '', '2021-03-14 17:05:03', 0, 0),
(35, 'STRIPE', '105d5e82ef36c68166b7c00293ab8c68', '{\"amount\":206,\"org_amt\":\"200\",\"fee\":\"6.00\",\"notify_url\":\"https:\\/\\/scriptlisting.com\\/upwork\\/addfund\\/11-1615755903\",\"custom\":\"105d5e82ef36c68166b7c00293ab8c68\",\"member_id\":\"11\",\"amount_converted\":\"200\"}', '', '2021-03-14 17:05:03', 0, 0),
(36, 'STRIPE', '9d42037e3e446688e21a753feca0a806', '{\"amount\":103,\"org_amt\":\"100\",\"fee\":\"3.00\",\"notify_url\":\"https:\\/\\/scriptlisting.com\\/upwork\\/addfund\\/1-1617183657\",\"custom\":\"9d42037e3e446688e21a753feca0a806\",\"member_id\":\"1\",\"amount_converted\":\"100\"}', '{\"id\":\"ch_1Ib0YOK9gRid2uF6gK36cNuk\",\"object\":\"charge\",\"amount\":10300,\"amount_captured\":10300,\"amount_refunded\":0,\"application\":null,\"application_fee\":null,\"application_fee_amount\":null,\"balance_transaction\":{\"id\":\"txn_1Ib0YPK9gRid2uF6qJledpIW\",\"object\":\"balance_transaction\",\"amount\":12742,\"available_on\":1617753600,\"created\":1617183696,\"currency\":\"cad\",\"description\":null,\"exchange_rate\":1.237109999999999931930005914182402193546295166015625,\"fee\":400,\"fee_details\":[{\"amount\":400,\"application\":null,\"currency\":\"cad\",\"description\":\"Stripe processing fees\",\"type\":\"stripe_fee\"}],\"net\":12342,\"reporting_category\":\"charge\",\"source\":\"ch_1Ib0YOK9gRid2uF6gK36cNuk\",\"status\":\"pending\",\"type\":\"charge\"},\"billing_details\":{\"address\":{\"city\":null,\"country\":null,\"line1\":null,\"line2\":null,\"postal_code\":null,\"state\":null},\"email\":null,\"name\":\"asish9735@gmail.com\",\"phone\":null},\"calculated_statement_descriptor\":\"WEBLAB4U.CA\",\"captured\":true,\"created\":1617183696,\"currency\":\"usd\",\"customer\":null,\"description\":null,\"destination\":null,\"dispute\":null,\"disputed\":false,\"failure_code\":null,\"failure_message\":null,\"fraud_details\":[],\"invoice\":null,\"livemode\":false,\"metadata\":[],\"on_behalf_of\":null,\"order\":null,\"outcome\":{\"network_status\":\"approved_by_network\",\"reason\":null,\"risk_level\":\"normal\",\"risk_score\":18,\"seller_message\":\"Payment complete.\",\"type\":\"authorized\"},\"paid\":true,\"payment_intent\":null,\"payment_method\":\"card_1Ib0YLK9gRid2uF6LlFecKJ9\",\"payment_method_details\":{\"card\":{\"brand\":\"visa\",\"checks\":{\"address_line1_check\":null,\"address_postal_code_check\":null,\"cvc_check\":\"pass\"},\"country\":\"US\",\"exp_month\":12,\"exp_year\":2022,\"fingerprint\":\"p8PoqozYcT6L9Gjz\",\"funding\":\"credit\",\"installments\":null,\"last4\":\"4242\",\"network\":\"visa\",\"three_d_secure\":null,\"wallet\":null},\"type\":\"card\"},\"receipt_email\":null,\"receipt_number\":null,\"receipt_url\":\"https:\\/\\/pay.stripe.com\\/receipts\\/acct_19zWmOK9gRid2uF6\\/ch_1Ib0YOK9gRid2uF6gK36cNuk\\/rcpt_JDRRy70QyYzMB91Z2yrQeJYbdPzwWv8\",\"refunded\":false,\"refunds\":{\"object\":\"list\",\"data\":[],\"has_more\":false,\"total_count\":0,\"url\":\"\\/v1\\/charges\\/ch_1Ib0YOK9gRid2uF6gK36cNuk\\/refunds\"},\"review\":null,\"shipping\":null,\"source\":{\"id\":\"card_1Ib0YLK9gRid2uF6LlFecKJ9\",\"object\":\"card\",\"address_city\":null,\"address_country\":null,\"address_line1\":null,\"address_line1_check\":null,\"address_line2\":null,\"address_state\":null,\"address_zip\":null,\"address_zip_check\":null,\"brand\":\"Visa\",\"country\":\"US\",\"customer\":null,\"cvc_check\":\"pass\",\"dynamic_last4\":null,\"exp_month\":12,\"exp_year\":2022,\"fingerprint\":\"p8PoqozYcT6L9Gjz\",\"funding\":\"credit\",\"last4\":\"4242\",\"metadata\":[],\"name\":\"asish9735@gmail.com\",\"tokenization_method\":null},\"source_transfer\":null,\"statement_descriptor\":null,\"statement_descriptor_suffix\":null,\"status\":\"succeeded\",\"transfer_data\":null,\"transfer_group\":null}', '2021-03-31 05:40:57', 0, 0),
(37, 'STRIPE', 'c2106c837295dff1db059c05435d8ce6', '{\"amount\":51.5,\"org_amt\":\"50\",\"fee\":\"1.50\",\"notify_url\":\"https:\\/\\/scriptlisting.com\\/upwork\\/addfund\\/1-1617201739\",\"custom\":\"c2106c837295dff1db059c05435d8ce6\",\"member_id\":\"1\",\"amount_converted\":\"50\"}', '', '2021-03-31 10:42:19', 0, 0),
(38, 'STRIPE', 'bb4a7501606709dd0b83770681dd5bb7', '{\"amount\":51.5,\"org_amt\":\"50\",\"fee\":\"1.50\",\"notify_url\":\"https:\\/\\/scriptlisting.com\\/upwork\\/addfund\\/1-1617201755\",\"custom\":\"bb4a7501606709dd0b83770681dd5bb7\",\"member_id\":\"1\",\"amount_converted\":\"50\"}', '{\"id\":\"ch_1Ib5GGK9gRid2uF6xuDQhABR\",\"object\":\"charge\",\"amount\":5150,\"amount_captured\":5150,\"amount_refunded\":0,\"application\":null,\"application_fee\":null,\"application_fee_amount\":null,\"balance_transaction\":{\"id\":\"txn_1Ib5GGK9gRid2uF6rR0Xx9mS\",\"object\":\"balance_transaction\",\"amount\":6364,\"available_on\":1617753600,\"created\":1617201792,\"currency\":\"cad\",\"description\":null,\"exchange_rate\":1.2357199999999999295852148861740715801715850830078125,\"fee\":215,\"fee_details\":[{\"amount\":215,\"application\":null,\"currency\":\"cad\",\"description\":\"Stripe processing fees\",\"type\":\"stripe_fee\"}],\"net\":6149,\"reporting_category\":\"charge\",\"source\":\"ch_1Ib5GGK9gRid2uF6xuDQhABR\",\"status\":\"pending\",\"type\":\"charge\"},\"billing_details\":{\"address\":{\"city\":null,\"country\":null,\"line1\":null,\"line2\":null,\"postal_code\":null,\"state\":null},\"email\":null,\"name\":\"asish9735@gmail.com\",\"phone\":null},\"calculated_statement_descriptor\":\"WEBLAB4U.CA\",\"captured\":true,\"created\":1617201792,\"currency\":\"usd\",\"customer\":null,\"description\":null,\"destination\":null,\"dispute\":null,\"disputed\":false,\"failure_code\":null,\"failure_message\":null,\"fraud_details\":[],\"invoice\":null,\"livemode\":false,\"metadata\":[],\"on_behalf_of\":null,\"order\":null,\"outcome\":{\"network_status\":\"approved_by_network\",\"reason\":null,\"risk_level\":\"normal\",\"risk_score\":8,\"seller_message\":\"Payment complete.\",\"type\":\"authorized\"},\"paid\":true,\"payment_intent\":null,\"payment_method\":\"card_1Ib5GCK9gRid2uF6DriXkQtd\",\"payment_method_details\":{\"card\":{\"brand\":\"visa\",\"checks\":{\"address_line1_check\":null,\"address_postal_code_check\":null,\"cvc_check\":\"pass\"},\"country\":\"US\",\"exp_month\":12,\"exp_year\":2022,\"fingerprint\":\"p8PoqozYcT6L9Gjz\",\"funding\":\"credit\",\"installments\":null,\"last4\":\"4242\",\"network\":\"visa\",\"three_d_secure\":null,\"wallet\":null},\"type\":\"card\"},\"receipt_email\":null,\"receipt_number\":null,\"receipt_url\":\"https:\\/\\/pay.stripe.com\\/receipts\\/acct_19zWmOK9gRid2uF6\\/ch_1Ib5GGK9gRid2uF6xuDQhABR\\/rcpt_JDWIqCueT1jZek5r3e7Je1mCOE1BM7A\",\"refunded\":false,\"refunds\":{\"object\":\"list\",\"data\":[],\"has_more\":false,\"total_count\":0,\"url\":\"\\/v1\\/charges\\/ch_1Ib5GGK9gRid2uF6xuDQhABR\\/refunds\"},\"review\":null,\"shipping\":null,\"source\":{\"id\":\"card_1Ib5GCK9gRid2uF6DriXkQtd\",\"object\":\"card\",\"address_city\":null,\"address_country\":null,\"address_line1\":null,\"address_line1_check\":null,\"address_line2\":null,\"address_state\":null,\"address_zip\":null,\"address_zip_check\":null,\"brand\":\"Visa\",\"country\":\"US\",\"customer\":null,\"cvc_check\":\"pass\",\"dynamic_last4\":null,\"exp_month\":12,\"exp_year\":2022,\"fingerprint\":\"p8PoqozYcT6L9Gjz\",\"funding\":\"credit\",\"last4\":\"4242\",\"metadata\":[],\"name\":\"asish9735@gmail.com\",\"tokenization_method\":null},\"source_transfer\":null,\"statement_descriptor\":null,\"statement_descriptor_suffix\":null,\"status\":\"succeeded\",\"transfer_data\":null,\"transfer_group\":null}', '2021-03-31 10:42:35', 48, 1),
(39, 'PAYPAL', '85914deba2026c8deaaad73427a0bcbb', '{\"amount\":51.74000000000000198951966012828052043914794921875,\"org_amt\":\"49.99\",\"fee\":\"1.75\",\"return_url\":\"https:\\/\\/scriptlisting.com\\/upwork\\/membership?refer=paymentsuccess\",\"cancel_url\":\"https:\\/\\/scriptlisting.com\\/upwork\\/membership?refer=paymenterror\",\"notify_url\":\"https:\\/\\/scriptlisting.com\\/upwork\\/payment\\/paypalnotify\\/membership\\/1-1617387093\",\"custom\":\"85914deba2026c8deaaad73427a0bcbb\",\"member_id\":\"1\",\"membership_id\":\"2\",\"membership_duration\":\"month\",\"amount_converted\":51.74000000000000198951966012828052043914794921875}', '{\"mc_gross\":\"51.74\",\"protection_eligibility\":\"Eligible\",\"payer_id\":\"QRU2W8VYGVCQS\",\"tax\":\"0.00\",\"payment_date\":\"11:12:25 Apr 02, 2021 PDT\",\"payment_status\":\"Completed\",\"charset\":\"windows-1252\",\"first_name\":\"asharam\",\"mc_fee\":\"1.80\",\"notify_version\":\"3.9\",\"custom\":\"85914deba2026c8deaaad73427a0bcbb\",\"payer_status\":\"verified\",\"business\":\"asish9735_biz@gmail.com\",\"quantity\":\"1\",\"verify_sign\":\"AzEVFTtlhQgpBkKEWW9I.gFVuK8zAUhTlES5dlZ5s4W0z99Lb448yeN8\",\"payer_email\":\"asish9735_per@gmail.com\",\"txn_id\":\"0XN56496BK428254G\",\"payment_type\":\"instant\",\"last_name\":\"pakhira\",\"receiver_email\":\"asish9735_biz@gmail.com\",\"payment_fee\":\"1.80\",\"shipping_discount\":\"0.00\",\"receiver_id\":\"QVNBYB42DBZAU\",\"insurance_amount\":\"0.00\",\"txn_type\":\"web_accept\",\"item_name\":\"Add Fund From - Freelancer\",\"discount\":\"0.00\",\"mc_currency\":\"USD\",\"item_number\":\"\",\"residence_country\":\"US\",\"test_ipn\":\"1\",\"shipping_method\":\"Default\",\"transaction_subject\":\"\",\"payment_gross\":\"51.74\",\"shipping\":\"0.00\",\"ipn_track_id\":\"d3026fa2c6bac\"}', '2021-04-02 14:11:33', 59, 1),
(40, 'PAYPAL', 'd13a610c3f588a02fc0c3ac01e815793', '{\"amount\":51.74000000000000198951966012828052043914794921875,\"org_amt\":\"49.99\",\"fee\":\"1.75\",\"return_url\":\"https:\\/\\/scriptlisting.com\\/upwork\\/membership?refer=paymentsuccess\",\"cancel_url\":\"https:\\/\\/scriptlisting.com\\/upwork\\/membership?refer=paymenterror\",\"notify_url\":\"https:\\/\\/scriptlisting.com\\/upwork\\/payment\\/paypalnotify\\/membership\\/1-1617388471\",\"custom\":\"d13a610c3f588a02fc0c3ac01e815793\",\"member_id\":\"1\",\"membership_id\":\"2\",\"membership_duration\":\"month\",\"amount_converted\":51.74000000000000198951966012828052043914794921875}', '{\"mc_gross\":\"51.74\",\"protection_eligibility\":\"Eligible\",\"payer_id\":\"QRU2W8VYGVCQS\",\"tax\":\"0.00\",\"payment_date\":\"11:35:08 Apr 02, 2021 PDT\",\"payment_status\":\"Completed\",\"charset\":\"windows-1252\",\"first_name\":\"asharam\",\"mc_fee\":\"1.80\",\"notify_version\":\"3.9\",\"custom\":\"d13a610c3f588a02fc0c3ac01e815793\",\"payer_status\":\"verified\",\"business\":\"asish9735_biz@gmail.com\",\"quantity\":\"1\",\"verify_sign\":\"Aa4LVkKFYdVDf23zfY2am.gYRhrFAqA3zT0qg.GKXJGmJe-3kEqZbpGA\",\"payer_email\":\"asish9735_per@gmail.com\",\"txn_id\":\"3K002731F2417174E\",\"payment_type\":\"instant\",\"last_name\":\"pakhira\",\"receiver_email\":\"asish9735_biz@gmail.com\",\"payment_fee\":\"1.80\",\"shipping_discount\":\"0.00\",\"receiver_id\":\"QVNBYB42DBZAU\",\"insurance_amount\":\"0.00\",\"txn_type\":\"web_accept\",\"item_name\":\"Add Fund From - Freelancer\",\"discount\":\"0.00\",\"mc_currency\":\"USD\",\"item_number\":\"\",\"residence_country\":\"US\",\"test_ipn\":\"1\",\"shipping_method\":\"Default\",\"transaction_subject\":\"\",\"payment_gross\":\"51.74\",\"shipping\":\"0.00\",\"ipn_track_id\":\"6aa5e8603eff9\"}', '2021-04-02 14:34:31', 58, 1),
(41, 'STRIPE', '8afd7147fb797c3cf4f0476013788562', '{\"amount\":5.1500000000000003552713678800500929355621337890625,\"org_amt\":\"5\",\"fee\":\"0.15\",\"custom\":\"8afd7147fb797c3cf4f0476013788562\",\"member_id\":\"1\",\"type\":\"addfund\",\"amount_converted\":\"5\"}', '{\"id\":\"cs_test_a10q2nJ2d0Bp7JEiljdfCJYBFhTK9Z9CvulLhLnNvLr52zjWJMWSjXQOgQ\",\"object\":\"checkout.session\",\"allow_promotion_codes\":null,\"amount_subtotal\":500,\"amount_total\":500,\"billing_address_collection\":null,\"cancel_url\":\"https:\\/\\/scriptlisting.com\\/upwork\\/finance\\/addfund?refer=paymenterror\",\"client_reference_id\":\"8afd7147fb797c3cf4f0476013788562\",\"currency\":\"usd\",\"customer\":\"cus_JFiIdOEPE2XNlH\",\"customer_details\":{\"email\":\"asish9735@gmail.com\",\"tax_exempt\":\"none\",\"tax_ids\":[]},\"customer_email\":null,\"livemode\":false,\"locale\":null,\"metadata\":[],\"mode\":\"payment\",\"payment_intent\":\"pi_1IdCr2SGVBnAySIhlkWruDlv\",\"payment_method_options\":[],\"payment_method_types\":[\"card\"],\"payment_status\":\"paid\",\"setup_intent\":null,\"shipping\":null,\"shipping_address_collection\":null,\"submit_type\":null,\"subscription\":null,\"success_url\":\"https:\\/\\/scriptlisting.com\\/upwork\\/finance\\/addfund?refer=paymentsuccess\",\"total_details\":{\"amount_discount\":0,\"amount_shipping\":0,\"amount_tax\":0}}', '2021-04-06 07:13:56', 64, 1),
(42, 'STRIPE', '2f346d4b3842710ffa575dfad2716fc1', '{\"amount\":10.300000000000000710542735760100185871124267578125,\"org_amt\":\"10\",\"fee\":\"0.30\",\"custom\":\"2f346d4b3842710ffa575dfad2716fc1\",\"member_id\":\"1\",\"type\":\"addfund\",\"amount_converted\":10.300000000000000710542735760100185871124267578125}', '{\"id\":\"cs_test_a1VmOcfIS8zjmWuS8KVKSKA0JD6ifwiU96cisG36xIF44TusCMmSZQrHiK\",\"object\":\"checkout.session\",\"allow_promotion_codes\":null,\"amount_subtotal\":1030,\"amount_total\":1030,\"billing_address_collection\":null,\"cancel_url\":\"https:\\/\\/scriptlisting.com\\/upwork\\/finance\\/addfund?refer=paymenterror\",\"client_reference_id\":\"2f346d4b3842710ffa575dfad2716fc1\",\"currency\":\"usd\",\"customer\":\"cus_JFiTr5bR5X7ok8\",\"customer_details\":{\"email\":\"asish9735@gmail.com\",\"tax_exempt\":\"none\",\"tax_ids\":[]},\"customer_email\":null,\"livemode\":false,\"locale\":null,\"metadata\":[],\"mode\":\"payment\",\"payment_intent\":\"pi_1IdD1VSGVBnAySIhfacGM5II\",\"payment_method_options\":[],\"payment_method_types\":[\"card\"],\"payment_status\":\"paid\",\"setup_intent\":null,\"shipping\":null,\"shipping_address_collection\":null,\"submit_type\":null,\"subscription\":null,\"success_url\":\"https:\\/\\/scriptlisting.com\\/upwork\\/finance\\/addfund?refer=paymentsuccess\",\"total_details\":{\"amount_discount\":0,\"amount_shipping\":0,\"amount_tax\":0}}', '2021-04-06 07:24:45', 63, 1),
(43, 'STRIPE', '65510b21fad14110980ef54cc7abcd31', '{\"amount\":51.49000000000000198951966012828052043914794921875,\"org_amt\":\"49.99\",\"fee\":\"1.50\",\"custom\":\"65510b21fad14110980ef54cc7abcd31\",\"member_id\":\"1\",\"type\":\"membership\",\"membership_id\":\"2\",\"membership_duration\":\"month\",\"amount_converted\":51.49000000000000198951966012828052043914794921875}', '{\"id\":\"cs_test_a1AepYUhd37RuRL3O6IK7Amw2AVuj2dKGMkNckZ3cSVAS5Fy5HMdKf7GC1\",\"object\":\"checkout.session\",\"allow_promotion_codes\":null,\"amount_subtotal\":5149,\"amount_total\":5149,\"billing_address_collection\":null,\"cancel_url\":\"https:\\/\\/scriptlisting.com\\/upwork\\/membership?refer=paymenterror\",\"client_reference_id\":\"65510b21fad14110980ef54cc7abcd31\",\"currency\":\"usd\",\"customer\":\"cus_JFnu9aNnQG1FjS\",\"customer_details\":{\"email\":\"asish9735@gmail.com\",\"tax_exempt\":\"none\",\"tax_ids\":[]},\"customer_email\":null,\"livemode\":false,\"locale\":null,\"metadata\":[],\"mode\":\"payment\",\"payment_intent\":\"pi_1IdIIKSGVBnAySIh6c0ArFz6\",\"payment_method_options\":[],\"payment_method_types\":[\"card\"],\"payment_status\":\"paid\",\"setup_intent\":null,\"shipping\":null,\"shipping_address_collection\":null,\"submit_type\":null,\"subscription\":null,\"success_url\":\"https:\\/\\/scriptlisting.com\\/upwork\\/membership?refer=paymentsuccess\",\"total_details\":{\"amount_discount\":0,\"amount_shipping\":0,\"amount_tax\":0}}', '2021-04-06 13:02:28', 78, 1),
(44, 'STRIPE', '59d7d222a231826d4e967421efb3dbe7', '{\"amount\":51.49000000000000198951966012828052043914794921875,\"org_amt\":\"49.99\",\"fee\":\"1.50\",\"custom\":\"59d7d222a231826d4e967421efb3dbe7\",\"member_id\":\"1\",\"type\":\"membership\",\"membership_id\":\"2\",\"membership_duration\":\"month\",\"amount_converted\":51.49000000000000198951966012828052043914794921875}', '{\"id\":\"cs_test_a1rFj1zcxOdu7vSVqQdZnnFsW52qRskehxSbYSYZiVCw5kgKKvxEnIaeh8\",\"object\":\"checkout.session\",\"allow_promotion_codes\":null,\"amount_subtotal\":5149,\"amount_total\":5149,\"billing_address_collection\":null,\"cancel_url\":\"https:\\/\\/scriptlisting.com\\/upwork\\/membership?refer=paymenterror\",\"client_reference_id\":\"59d7d222a231826d4e967421efb3dbe7\",\"currency\":\"usd\",\"customer\":\"cus_JFokOojbJru6ly\",\"customer_details\":{\"email\":\"asish9735@gmail.com\",\"tax_exempt\":\"none\",\"tax_ids\":[]},\"customer_email\":null,\"livemode\":false,\"locale\":null,\"metadata\":[],\"mode\":\"payment\",\"payment_intent\":\"pi_1IdJ58SGVBnAySIh4ce30gEx\",\"payment_method_options\":[],\"payment_method_types\":[\"card\"],\"payment_status\":\"paid\",\"setup_intent\":null,\"shipping\":null,\"shipping_address_collection\":null,\"submit_type\":null,\"subscription\":null,\"success_url\":\"https:\\/\\/scriptlisting.com\\/upwork\\/membership?refer=paymentsuccess\",\"total_details\":{\"amount_discount\":0,\"amount_shipping\":0,\"amount_tax\":0}}', '2021-04-06 13:52:54', 77, 1),
(45, 'STRIPE', '4b4b86179786883d58079ee5f6049d69', '{\"amount\":51.49000000000000198951966012828052043914794921875,\"org_amt\":\"49.99\",\"fee\":\"1.50\",\"custom\":\"4b4b86179786883d58079ee5f6049d69\",\"member_id\":\"1\",\"type\":\"membership\",\"membership_id\":\"2\",\"membership_duration\":\"month\",\"amount_converted\":51.49000000000000198951966012828052043914794921875}', '{\"id\":\"cs_test_a1jTfbLL6JTHmPbZQK6agB5KYUZxoxhkKZ54OBoaPqbrR7OtIq1cjQxfsR\",\"object\":\"checkout.session\",\"allow_promotion_codes\":null,\"amount_subtotal\":5149,\"amount_total\":5149,\"billing_address_collection\":null,\"cancel_url\":\"https:\\/\\/scriptlisting.com\\/upwork\\/membership?refer=paymenterror\",\"client_reference_id\":\"4b4b86179786883d58079ee5f6049d69\",\"currency\":\"usd\",\"customer\":\"cus_JFpIvPvBKQ2XXf\",\"customer_details\":{\"email\":\"asish9735@gmail.com\",\"tax_exempt\":\"none\",\"tax_ids\":[]},\"customer_email\":null,\"livemode\":false,\"locale\":null,\"metadata\":[],\"mode\":\"payment\",\"payment_intent\":\"pi_1IdJdESGVBnAySIhIWduHYrm\",\"payment_method_options\":[],\"payment_method_types\":[\"card\"],\"payment_status\":\"paid\",\"setup_intent\":null,\"shipping\":null,\"shipping_address_collection\":null,\"submit_type\":null,\"subscription\":null,\"success_url\":\"https:\\/\\/scriptlisting.com\\/upwork\\/membership?refer=paymentsuccess\",\"total_details\":{\"amount_discount\":0,\"amount_shipping\":0,\"amount_tax\":0}}', '2021-04-06 14:28:07', 76, 1),
(46, 'STRIPE', 'c1b166006c53a761e6f73a978b4b0a2b', '{\"amount\":51.49000000000000198951966012828052043914794921875,\"org_amt\":\"49.99\",\"fee\":\"1.50\",\"custom\":\"c1b166006c53a761e6f73a978b4b0a2b\",\"member_id\":\"11\",\"type\":\"membership\",\"membership_id\":\"2\",\"membership_duration\":\"month\",\"amount_converted\":51.49000000000000198951966012828052043914794921875}', '', '2021-05-09 18:43:14', 0, 0),
(47, 'STRIPE', 'f51d57d15c5861d0c85bcb3f71b87b1a', '{\"amount\":51.49000000000000198951966012828052043914794921875,\"org_amt\":\"49.99\",\"fee\":\"1.50\",\"custom\":\"f51d57d15c5861d0c85bcb3f71b87b1a\",\"member_id\":\"11\",\"type\":\"membership\",\"membership_id\":\"2\",\"membership_duration\":\"month\",\"amount_converted\":51.49000000000000198951966012828052043914794921875}', '', '2021-05-09 18:43:56', 0, 0),
(48, 'STRIPE', '96619392b349af95c4c3c2509e0bb6d1', '{\"amount\":51.49000000000000198951966012828052043914794921875,\"org_amt\":\"49.99\",\"fee\":\"1.50\",\"custom\":\"96619392b349af95c4c3c2509e0bb6d1\",\"member_id\":\"11\",\"type\":\"membership\",\"membership_id\":\"2\",\"membership_duration\":\"month\",\"amount_converted\":51.49000000000000198951966012828052043914794921875}', '', '2021-05-09 18:44:02', 0, 0),
(49, 'STRIPE', 'c2f7dc40e8453c33b5b7444e0307906f', '{\"amount\":103,\"org_amt\":\"100\",\"fee\":\"3.00\",\"custom\":\"c2f7dc40e8453c33b5b7444e0307906f\",\"member_id\":\"11\",\"type\":\"addfund\",\"amount_converted\":103}', '', '2021-06-10 11:53:10', 0, 0),
(50, 'STRIPE', '564819847f0033d78978676032898c3b', '{\"amount\":1.0300000000000000266453525910037569701671600341796875,\"org_amt\":\"1\",\"fee\":\"0.03\",\"custom\":\"564819847f0033d78978676032898c3b\",\"member_id\":\"11\",\"type\":\"addfund\",\"amount_converted\":1.0300000000000000266453525910037569701671600341796875}', '', '2021-06-10 11:53:41', 0, 0),
(51, 'PAYPAL', '787470b8fdd09d5da7b32ba74e62a0ef', '{\"amount\":1.3300000000000000710542735760100185871124267578125,\"org_amt\":\"1\",\"fee\":\"0.33\",\"return_url\":\"https:\\/\\/scriptlisting.com\\/upwork\\/finance\\/addfund?refer=paymentsuccess\",\"cancel_url\":\"https:\\/\\/scriptlisting.com\\/upwork\\/finance\\/addfund?refer=paymenterror\",\"notify_url\":\"https:\\/\\/scriptlisting.com\\/upwork\\/payment\\/paypalnotify\\/addfund\\/16-1623341383\",\"custom\":\"787470b8fdd09d5da7b32ba74e62a0ef\",\"member_id\":\"16\",\"amount_converted\":1.3300000000000000710542735760100185871124267578125}', '', '2021-06-10 12:09:43', 0, 0),
(52, 'PAYPAL', '06985708daa0f8f633ef2e30aab74439', '{\"amount\":1.3300000000000000710542735760100185871124267578125,\"org_amt\":\"1\",\"fee\":\"0.33\",\"return_url\":\"https:\\/\\/scriptlisting.com\\/upwork\\/finance\\/addfund?refer=paymentsuccess\",\"cancel_url\":\"https:\\/\\/scriptlisting.com\\/upwork\\/finance\\/addfund?refer=paymenterror\",\"notify_url\":\"https:\\/\\/scriptlisting.com\\/upwork\\/payment\\/paypalnotify\\/addfund\\/16-1623341405\",\"custom\":\"06985708daa0f8f633ef2e30aab74439\",\"member_id\":\"16\",\"amount_converted\":1.3300000000000000710542735760100185871124267578125}', '', '2021-06-10 12:10:05', 0, 0),
(53, 'STRIPE', 'e78c1ce39abf43930458c7dd9c1cca2e', '{\"amount\":1.0300000000000000266453525910037569701671600341796875,\"org_amt\":\"1\",\"fee\":\"0.03\",\"custom\":\"e78c1ce39abf43930458c7dd9c1cca2e\",\"member_id\":\"16\",\"type\":\"addfund\",\"amount_converted\":1.0300000000000000266453525910037569701671600341796875}', '', '2021-06-10 12:29:01', 0, 0),
(54, 'STRIPE', '3fc20b656e85da73b82a66cc8a7ef92f', '{\"amount\":1.0300000000000000266453525910037569701671600341796875,\"org_amt\":\"1\",\"fee\":\"0.03\",\"custom\":\"3fc20b656e85da73b82a66cc8a7ef92f\",\"member_id\":\"16\",\"type\":\"addfund\",\"amount_converted\":1.0300000000000000266453525910037569701671600341796875}', '', '2021-06-10 12:29:20', 0, 0),
(55, 'STRIPE', '73919f35761cef3a3ed9d94d4879921f', '{\"amount\":1.0300000000000000266453525910037569701671600341796875,\"org_amt\":\"1\",\"fee\":\"0.03\",\"custom\":\"73919f35761cef3a3ed9d94d4879921f\",\"member_id\":\"16\",\"type\":\"addfund\",\"amount_converted\":1.0300000000000000266453525910037569701671600341796875}', '', '2021-06-10 13:18:03', 0, 0),
(56, 'STRIPE', '8f600453d9d77127fa88e1be2a02901d', '{\"amount\":1.0300000000000000266453525910037569701671600341796875,\"org_amt\":\"1\",\"fee\":\"0.03\",\"custom\":\"8f600453d9d77127fa88e1be2a02901d\",\"member_id\":\"16\",\"type\":\"addfund\",\"amount_converted\":1.0300000000000000266453525910037569701671600341796875}', '', '2021-06-10 13:20:45', 0, 0),
(57, 'STRIPE', 'fd0dc2489a029f5384bf6b5973ce2012', '{\"amount\":1.0300000000000000266453525910037569701671600341796875,\"org_amt\":\"1\",\"fee\":\"0.03\",\"custom\":\"fd0dc2489a029f5384bf6b5973ce2012\",\"member_id\":\"16\",\"type\":\"addfund\",\"amount_converted\":1.0300000000000000266453525910037569701671600341796875}', '', '2021-06-10 13:20:51', 0, 0),
(58, 'STRIPE', '183a109491690986009d921b24150829', '{\"amount\":1.0300000000000000266453525910037569701671600341796875,\"org_amt\":\"1\",\"fee\":\"0.03\",\"custom\":\"183a109491690986009d921b24150829\",\"member_id\":\"16\",\"type\":\"addfund\",\"amount_converted\":1.0300000000000000266453525910037569701671600341796875}', '', '2021-06-10 13:20:57', 0, 0),
(59, 'STRIPE', '3452b2ed64c496433510916e8452b810', '{\"amount\":1.0300000000000000266453525910037569701671600341796875,\"org_amt\":\"1\",\"fee\":\"0.03\",\"custom\":\"3452b2ed64c496433510916e8452b810\",\"member_id\":\"11\",\"type\":\"addfund\",\"amount_converted\":1.0300000000000000266453525910037569701671600341796875}', '{\"id\":\"cs_test_a1oa3cxr3MxxbQti8TLE0Gj77kQDE86nkqMmDOpqfq6WV7GSp03PwCagZl\",\"object\":\"checkout.session\",\"allow_promotion_codes\":null,\"amount_subtotal\":103,\"amount_total\":103,\"billing_address_collection\":null,\"cancel_url\":\"https:\\/\\/scriptlisting.com\\/upwork\\/finance\\/addfund?refer=paymenterror\",\"client_reference_id\":\"3452b2ed64c496433510916e8452b810\",\"currency\":\"usd\",\"customer\":\"cus_JeAqntGnoxFArI\",\"customer_details\":{\"email\":\"j3nnenca@yahoo.com\",\"tax_exempt\":\"none\",\"tax_ids\":[]},\"customer_email\":null,\"livemode\":false,\"locale\":null,\"metadata\":[],\"mode\":\"payment\",\"payment_intent\":\"pi_1J0sTDSGVBnAySIhTp1FtHeq\",\"payment_method_options\":[],\"payment_method_types\":[\"card\"],\"payment_status\":\"paid\",\"setup_intent\":null,\"shipping\":null,\"shipping_address_collection\":null,\"submit_type\":null,\"subscription\":null,\"success_url\":\"https:\\/\\/scriptlisting.com\\/upwork\\/finance\\/addfund?refer=paymentsuccess\",\"total_details\":{\"amount_discount\":0,\"amount_shipping\":0,\"amount_tax\":0}}', '2021-06-10 14:19:10', 91, 1),
(60, 'STRIPE', '562633f060f0898d4b72692e0ca54c00', '{\"amount\":1.0300000000000000266453525910037569701671600341796875,\"org_amt\":\"1\",\"fee\":\"0.03\",\"custom\":\"562633f060f0898d4b72692e0ca54c00\",\"member_id\":\"11\",\"type\":\"addfund\",\"amount_converted\":1.0300000000000000266453525910037569701671600341796875}', '', '2021-06-10 14:21:35', 0, 0),
(61, 'STRIPE', '27656a22025f62dcd9d532a6ebece374', '{\"amount\":1.0300000000000000266453525910037569701671600341796875,\"org_amt\":\"1\",\"fee\":\"0.03\",\"custom\":\"27656a22025f62dcd9d532a6ebece374\",\"member_id\":\"11\",\"type\":\"addfund\",\"amount_converted\":1.0300000000000000266453525910037569701671600341796875}', '{\"id\":\"cs_test_a1SjUM0E66Yl6LlOqDelnwFWRJ7v02bCiva2rvmYaqq6M9l4Y3Ujlgos6H\",\"object\":\"checkout.session\",\"allow_promotion_codes\":null,\"amount_subtotal\":103,\"amount_total\":103,\"billing_address_collection\":null,\"cancel_url\":\"https:\\/\\/scriptlisting.com\\/upwork\\/finance\\/addfund?refer=paymenterror\",\"client_reference_id\":\"27656a22025f62dcd9d532a6ebece374\",\"currency\":\"usd\",\"customer\":\"cus_JeAtgdoJinVXoC\",\"customer_details\":{\"email\":\"j3nnenca@yahoo.com\",\"tax_exempt\":\"none\",\"tax_ids\":[]},\"customer_email\":null,\"livemode\":false,\"locale\":null,\"metadata\":[],\"mode\":\"payment\",\"payment_intent\":\"pi_1J0sWXSGVBnAySIhYodVg3uv\",\"payment_method_options\":[],\"payment_method_types\":[\"card\"],\"payment_status\":\"paid\",\"setup_intent\":null,\"shipping\":null,\"shipping_address_collection\":null,\"submit_type\":null,\"subscription\":null,\"success_url\":\"https:\\/\\/scriptlisting.com\\/upwork\\/finance\\/addfund?refer=paymentsuccess\",\"total_details\":{\"amount_discount\":0,\"amount_shipping\":0,\"amount_tax\":0}}', '2021-06-10 14:22:37', 92, 1),
(62, 'PAYPAL', '8f324e434cab7d293c69d3a38fbb831e', '{\"amount\":514.799999999999954525264911353588104248046875,\"org_amt\":\"500\",\"fee\":\"14.80\",\"return_url\":\"https:\\/\\/scriptlisting.com\\/upwork\\/finance\\/addfund?refer=paymentsuccess\",\"cancel_url\":\"https:\\/\\/scriptlisting.com\\/upwork\\/finance\\/addfund?refer=paymenterror\",\"notify_url\":\"https:\\/\\/scriptlisting.com\\/upwork\\/payment\\/paypalnotify\\/addfund\\/11-1623502518\",\"custom\":\"8f324e434cab7d293c69d3a38fbb831e\",\"member_id\":\"11\",\"amount_converted\":514.799999999999954525264911353588104248046875}', '', '2021-06-12 08:55:18', 0, 0),
(63, 'PAYPAL', '7b17de3938e252de81fb217c33a7349f', '{\"amount\":26.030000000000001136868377216160297393798828125,\"org_amt\":\"25\",\"fee\":\"1.03\",\"return_url\":\"https:\\/\\/scriptlisting.com\\/upwork\\/finance\\/addfund?refer=paymentsuccess\",\"cancel_url\":\"https:\\/\\/scriptlisting.com\\/upwork\\/finance\\/addfund?refer=paymenterror\",\"notify_url\":\"https:\\/\\/scriptlisting.com\\/upwork\\/payment\\/paypalnotify\\/addfund\\/23-1624992119\",\"custom\":\"7b17de3938e252de81fb217c33a7349f\",\"member_id\":\"23\",\"amount_converted\":26.030000000000001136868377216160297393798828125}', '', '2021-06-29 14:41:59', 0, 0),
(64, 'STRIPE', 'bd600a7f9f66623f17b021a02a5c44b2', '{\"amount\":2631.65000000000009094947017729282379150390625,\"org_amt\":\"2555\",\"fee\":\"76.65\",\"custom\":\"bd600a7f9f66623f17b021a02a5c44b2\",\"member_id\":\"23\",\"type\":\"addfund\",\"amount_converted\":2631.65000000000009094947017729282379150390625}', '', '2021-06-29 14:54:09', 0, 0),
(65, 'PAYPAL', '1a9d397b7c826d4097b840eed9a89f30', '{\"amount\":257.55000000000001136868377216160297393798828125,\"org_amt\":\"250\",\"fee\":\"7.55\",\"return_url\":\"https:\\/\\/scriptlisting.com\\/upwork\\/finance\\/addfund?refer=paymentsuccess\",\"cancel_url\":\"https:\\/\\/scriptlisting.com\\/upwork\\/finance\\/addfund?refer=paymenterror\",\"notify_url\":\"https:\\/\\/scriptlisting.com\\/upwork\\/payment\\/paypalnotify\\/addfund\\/23-1624992883\",\"custom\":\"1a9d397b7c826d4097b840eed9a89f30\",\"member_id\":\"23\",\"amount_converted\":257.55000000000001136868377216160297393798828125}', '', '2021-06-29 14:54:43', 0, 0),
(66, 'PAYPAL', '9c9e7d87307e892428114c03032a9bfa', '{\"amount\":103.2000000000000028421709430404007434844970703125,\"org_amt\":\"100\",\"fee\":\"3.20\",\"return_url\":\"https:\\/\\/scriptlisting.com\\/upwork\\/finance\\/addfund?refer=paymentsuccess\",\"cancel_url\":\"https:\\/\\/scriptlisting.com\\/upwork\\/finance\\/addfund?refer=paymenterror\",\"notify_url\":\"https:\\/\\/scriptlisting.com\\/upwork\\/payment\\/paypalnotify\\/addfund\\/11-1625062261\",\"custom\":\"9c9e7d87307e892428114c03032a9bfa\",\"member_id\":\"11\",\"amount_converted\":103.2000000000000028421709430404007434844970703125}', '', '2021-06-30 10:11:01', 0, 0),
(67, 'PAYPAL', '4b97474997eb243ccd4abf3d72b7193e', '{\"amount\":103.2000000000000028421709430404007434844970703125,\"org_amt\":\"100\",\"fee\":\"3.20\",\"return_url\":\"https:\\/\\/scriptlisting.com\\/upwork\\/finance\\/addfund?refer=paymentsuccess\",\"cancel_url\":\"https:\\/\\/scriptlisting.com\\/upwork\\/finance\\/addfund?refer=paymenterror\",\"notify_url\":\"https:\\/\\/scriptlisting.com\\/upwork\\/payment\\/paypalnotify\\/addfund\\/11-1625062271\",\"custom\":\"4b97474997eb243ccd4abf3d72b7193e\",\"member_id\":\"11\",\"amount_converted\":103.2000000000000028421709430404007434844970703125}', '', '2021-06-30 10:11:11', 0, 0),
(68, 'PAYPAL', 'fbc37c3858e4960c2a24c3dddaab0fdf', '{\"amount\":103.2000000000000028421709430404007434844970703125,\"org_amt\":\"100\",\"fee\":\"3.20\",\"return_url\":\"https:\\/\\/scriptlisting.com\\/upwork\\/finance\\/addfund?refer=paymentsuccess\",\"cancel_url\":\"https:\\/\\/scriptlisting.com\\/upwork\\/finance\\/addfund?refer=paymenterror\",\"notify_url\":\"https:\\/\\/scriptlisting.com\\/upwork\\/payment\\/paypalnotify\\/addfund\\/11-1625062276\",\"custom\":\"fbc37c3858e4960c2a24c3dddaab0fdf\",\"member_id\":\"11\",\"amount_converted\":103.2000000000000028421709430404007434844970703125}', '', '2021-06-30 10:11:16', 0, 0),
(69, 'PAYPAL', 'dbfe777bc95c8444636c0e7e39f142fb', '{\"amount\":103.2000000000000028421709430404007434844970703125,\"org_amt\":\"100\",\"fee\":\"3.20\",\"return_url\":\"https:\\/\\/scriptlisting.com\\/upwork\\/finance\\/addfund?refer=paymentsuccess\",\"cancel_url\":\"https:\\/\\/scriptlisting.com\\/upwork\\/finance\\/addfund?refer=paymenterror\",\"notify_url\":\"https:\\/\\/scriptlisting.com\\/upwork\\/payment\\/paypalnotify\\/addfund\\/11-1625062281\",\"custom\":\"dbfe777bc95c8444636c0e7e39f142fb\",\"member_id\":\"11\",\"amount_converted\":103.2000000000000028421709430404007434844970703125}', '', '2021-06-30 10:11:21', 0, 0),
(70, 'PAYPAL', '6722ea977c4ed579ad182a6ddb9c537e', '{\"amount\":103.2000000000000028421709430404007434844970703125,\"org_amt\":\"100\",\"fee\":\"3.20\",\"return_url\":\"https:\\/\\/scriptlisting.com\\/upwork\\/finance\\/addfund?refer=paymentsuccess\",\"cancel_url\":\"https:\\/\\/scriptlisting.com\\/upwork\\/finance\\/addfund?refer=paymenterror\",\"notify_url\":\"https:\\/\\/scriptlisting.com\\/upwork\\/payment\\/paypalnotify\\/addfund\\/11-1625062282\",\"custom\":\"6722ea977c4ed579ad182a6ddb9c537e\",\"member_id\":\"11\",\"amount_converted\":103.2000000000000028421709430404007434844970703125}', '', '2021-06-30 10:11:22', 0, 0),
(71, 'STRIPE', 'f63f99718563afd3469d6e914f3ea6b3', '{\"amount\":412,\"org_amt\":\"400\",\"fee\":\"12.00\",\"custom\":\"f63f99718563afd3469d6e914f3ea6b3\",\"member_id\":\"11\",\"type\":\"addfund\",\"amount_converted\":412}', '', '2021-07-27 13:01:49', 0, 0),
(72, 'PAYPAL', '259f06eca07a851f9f7d18244405b4d4', '{\"amount\":15.7400000000000002131628207280300557613372802734375,\"org_amt\":\"15\",\"fee\":\"0.74\",\"return_url\":\"https:\\/\\/scriptlisting.com\\/upwork\\/finance\\/addfund?refer=paymentsuccess\",\"cancel_url\":\"https:\\/\\/scriptlisting.com\\/upwork\\/finance\\/addfund?refer=paymenterror\",\"notify_url\":\"https:\\/\\/scriptlisting.com\\/upwork\\/payment\\/paypalnotify\\/addfund\\/25-1627407281\",\"custom\":\"259f06eca07a851f9f7d18244405b4d4\",\"member_id\":\"25\",\"amount_converted\":15.7400000000000002131628207280300557613372802734375}', '', '2021-07-27 13:34:41', 0, 0),
(73, 'PAYPAL', '1718f0c60302881ad42fa8c23183f793', '{\"amount\":411.8999999999999772626324556767940521240234375,\"org_amt\":\"400\",\"fee\":\"11.90\",\"return_url\":\"https:\\/\\/demo.upworkclonescript.com\\/finance\\/addfund?refer=paymentsuccess\",\"cancel_url\":\"https:\\/\\/demo.upworkclonescript.com\\/finance\\/addfund?refer=paymenterror\",\"notify_url\":\"https:\\/\\/demo.upworkclonescript.com\\/payment\\/paypalnotify\\/addfund\\/11-1628439821\",\"custom\":\"1718f0c60302881ad42fa8c23183f793\",\"member_id\":\"11\",\"amount_converted\":411.8999999999999772626324556767940521240234375}', '', '2021-08-08 12:23:41', 0, 0),
(74, 'PAYPAL', '3ab4236f489d688ab223a7845094ed7f', '{\"amount\":411.8999999999999772626324556767940521240234375,\"org_amt\":\"400\",\"fee\":\"11.90\",\"return_url\":\"https:\\/\\/demo.upworkclonescript.com\\/finance\\/addfund?refer=paymentsuccess\",\"cancel_url\":\"https:\\/\\/demo.upworkclonescript.com\\/finance\\/addfund?refer=paymenterror\",\"notify_url\":\"https:\\/\\/demo.upworkclonescript.com\\/payment\\/paypalnotify\\/addfund\\/11-1628439855\",\"custom\":\"3ab4236f489d688ab223a7845094ed7f\",\"member_id\":\"11\",\"amount_converted\":411.8999999999999772626324556767940521240234375}', '', '2021-08-08 12:24:15', 0, 0);
INSERT INTO `pref_online_transaction_data` (`online_id`, `payment_type`, `content_key`, `request_value`, `response_value`, `reg_date`, `tran_id`, `status`) VALUES
(75, 'PAYPAL', 'da4d3bf5d7f28a29d886eeb0761333ea', '{\"amount\":411.8999999999999772626324556767940521240234375,\"org_amt\":\"400\",\"fee\":\"11.90\",\"return_url\":\"https:\\/\\/demo.upworkclonescript.com\\/finance\\/addfund?refer=paymentsuccess\",\"cancel_url\":\"https:\\/\\/demo.upworkclonescript.com\\/finance\\/addfund?refer=paymenterror\",\"notify_url\":\"https:\\/\\/demo.upworkclonescript.com\\/payment\\/paypalnotify\\/addfund\\/11-1628439860\",\"custom\":\"da4d3bf5d7f28a29d886eeb0761333ea\",\"member_id\":\"11\",\"amount_converted\":411.8999999999999772626324556767940521240234375}', '', '2021-08-08 12:24:20', 0, 0),
(76, 'PAYPAL', 'da4d3bf5d7f28a29d886eeb0761333ea', '{\"amount\":411.8999999999999772626324556767940521240234375,\"org_amt\":\"400\",\"fee\":\"11.90\",\"return_url\":\"https:\\/\\/demo.upworkclonescript.com\\/finance\\/addfund?refer=paymentsuccess\",\"cancel_url\":\"https:\\/\\/demo.upworkclonescript.com\\/finance\\/addfund?refer=paymenterror\",\"notify_url\":\"https:\\/\\/demo.upworkclonescript.com\\/payment\\/paypalnotify\\/addfund\\/11-1628439860\",\"custom\":\"da4d3bf5d7f28a29d886eeb0761333ea\",\"member_id\":\"11\",\"amount_converted\":411.8999999999999772626324556767940521240234375}', '', '2021-08-08 12:24:20', 0, 0),
(77, 'STRIPE', '9e1800321ca2d7232854dbd288262297', '{\"amount\":515,\"org_amt\":\"500\",\"fee\":\"15.00\",\"custom\":\"9e1800321ca2d7232854dbd288262297\",\"member_id\":\"27\",\"type\":\"addfund\",\"amount_converted\":515}', '', '2021-09-12 17:02:45', 0, 0),
(78, 'PAYPAL', '49424996e87a80a1cf5cd6ad9f041d05', '{\"amount\":10290.29999999999927240423858165740966796875,\"org_amt\":\"10000\",\"fee\":\"290.30\",\"return_url\":\"https:\\/\\/www.demo.bestupworkscript.com\\/finance\\/addfund?refer=paymentsuccess\",\"cancel_url\":\"https:\\/\\/www.demo.bestupworkscript.com\\/finance\\/addfund?refer=paymenterror\",\"notify_url\":\"https:\\/\\/www.demo.bestupworkscript.com\\/payment\\/paypalnotify\\/addfund\\/11-1632845752\",\"custom\":\"49424996e87a80a1cf5cd6ad9f041d05\",\"member_id\":\"11\",\"amount_converted\":10290.29999999999927240423858165740966796875}', '', '2021-09-28 12:15:52', 0, 0),
(79, 'PAYPAL', 'dd73e91d4ea83888e3d356e2605c67f7', '{\"amount\":10290.29999999999927240423858165740966796875,\"org_amt\":\"10000\",\"fee\":\"290.30\",\"return_url\":\"https:\\/\\/www.demo.bestupworkscript.com\\/finance\\/addfund?refer=paymentsuccess\",\"cancel_url\":\"https:\\/\\/www.demo.bestupworkscript.com\\/finance\\/addfund?refer=paymenterror\",\"notify_url\":\"https:\\/\\/www.demo.bestupworkscript.com\\/payment\\/paypalnotify\\/addfund\\/11-1632845773\",\"custom\":\"dd73e91d4ea83888e3d356e2605c67f7\",\"member_id\":\"11\",\"amount_converted\":10290.29999999999927240423858165740966796875}', '', '2021-09-28 12:16:13', 0, 0),
(80, 'STRIPE', 'b865c93c633ae936c4a5d1f4fa588e59', '{\"amount\":1030,\"org_amt\":\"1000\",\"fee\":\"30.00\",\"custom\":\"b865c93c633ae936c4a5d1f4fa588e59\",\"member_id\":\"11\",\"type\":\"addfund\",\"amount_converted\":1030}', '', '2021-09-28 12:16:47', 0, 0),
(81, 'PAYPAL', '3c3910e1cfc1c71a5380ebea549cff88', '{\"amount\":206.099999999999994315658113919198513031005859375,\"org_amt\":\"200\",\"fee\":\"6.10\",\"return_url\":\"https:\\/\\/upwork.scriptlisting.com\\/finance\\/addfund?refer=paymentsuccess\",\"cancel_url\":\"https:\\/\\/upwork.scriptlisting.com\\/finance\\/addfund?refer=paymenterror\",\"notify_url\":\"https:\\/\\/upwork.scriptlisting.com\\/payment\\/paypalnotify\\/addfund\\/11-1638890783\",\"custom\":\"3c3910e1cfc1c71a5380ebea549cff88\",\"member_id\":\"11\",\"amount_converted\":206.099999999999994315658113919198513031005859375}', '{\"mc_gross\":\"206.10\",\"protection_eligibility\":\"Eligible\",\"payer_id\":\"QRU2W8VYGVCQS\",\"tax\":\"0.00\",\"payment_date\":\"07:27:02 Dec 07, 2021 PST\",\"payment_status\":\"Completed\",\"charset\":\"windows-1252\",\"first_name\":\"asharam\",\"mc_fee\":\"7.68\",\"notify_version\":\"3.9\",\"custom\":\"3c3910e1cfc1c71a5380ebea549cff88\",\"payer_status\":\"verified\",\"business\":\"asish9735_biz@gmail.com\",\"quantity\":\"1\",\"verify_sign\":\"ABW0BUj79tlFObkXwPcN9ePUtUbcA9IbHuDN-1hmlR-QTV0-..rOzEPG\",\"payer_email\":\"asish9735_per@gmail.com\",\"txn_id\":\"95D97696MX611660P\",\"payment_type\":\"instant\",\"last_name\":\"pakhira\",\"receiver_email\":\"asish9735_biz@gmail.com\",\"payment_fee\":\"7.68\",\"shipping_discount\":\"0.00\",\"receiver_id\":\"QVNBYB42DBZAU\",\"insurance_amount\":\"0.00\",\"txn_type\":\"web_accept\",\"item_name\":\"Add Fund From - Freelancer\",\"discount\":\"0.00\",\"mc_currency\":\"USD\",\"item_number\":\"\",\"residence_country\":\"US\",\"test_ipn\":\"1\",\"shipping_method\":\"Default\",\"transaction_subject\":\"\",\"payment_gross\":\"206.10\",\"shipping\":\"0.00\",\"ipn_track_id\":\"98d9e58ebd148\"}', '2021-12-07 10:26:23', 102, 1),
(82, 'PAYPAL', '6aec01bba218fb5227797a9a8167efe2', '{\"amount\":103.2000000000000028421709430404007434844970703125,\"org_amt\":\"100\",\"fee\":\"3.20\",\"return_url\":\"https:\\/\\/upwork.scriptlisting.com\\/finance\\/addfund?refer=paymentsuccess\",\"cancel_url\":\"https:\\/\\/upwork.scriptlisting.com\\/finance\\/addfund?refer=paymenterror\",\"notify_url\":\"https:\\/\\/upwork.scriptlisting.com\\/payment\\/paypalnotify\\/addfund\\/11-1638890901\",\"custom\":\"6aec01bba218fb5227797a9a8167efe2\",\"member_id\":\"11\",\"amount_converted\":103.2000000000000028421709430404007434844970703125}', '{\"mc_gross\":\"103.20\",\"protection_eligibility\":\"Eligible\",\"payer_id\":\"QRU2W8VYGVCQS\",\"tax\":\"0.00\",\"payment_date\":\"07:28:53 Dec 07, 2021 PST\",\"payment_status\":\"Completed\",\"charset\":\"windows-1252\",\"first_name\":\"asharam\",\"mc_fee\":\"4.09\",\"notify_version\":\"3.9\",\"custom\":\"6aec01bba218fb5227797a9a8167efe2\",\"payer_status\":\"verified\",\"business\":\"asish9735_biz@gmail.com\",\"quantity\":\"1\",\"verify_sign\":\"Aubxd.RBJlkpVwVgAILolSRaq-TtAKD8itLvxmFsX8ZiO2esov0ThL8b\",\"payer_email\":\"asish9735_per@gmail.com\",\"txn_id\":\"3K512577WR821271K\",\"payment_type\":\"instant\",\"last_name\":\"pakhira\",\"receiver_email\":\"asish9735_biz@gmail.com\",\"payment_fee\":\"4.09\",\"shipping_discount\":\"0.00\",\"receiver_id\":\"QVNBYB42DBZAU\",\"insurance_amount\":\"0.00\",\"txn_type\":\"web_accept\",\"item_name\":\"Add Fund From - Freelancer\",\"discount\":\"0.00\",\"mc_currency\":\"USD\",\"item_number\":\"\",\"residence_country\":\"US\",\"test_ipn\":\"1\",\"shipping_method\":\"Default\",\"transaction_subject\":\"\",\"payment_gross\":\"103.20\",\"shipping\":\"0.00\",\"ipn_track_id\":\"f46ef075d15e\"}', '2021-12-07 10:28:21', 104, 1),
(83, 'PAYPAL', '465d50f306e8653b83dbff7f8458c5a8', '{\"amount\":103.2000000000000028421709430404007434844970703125,\"org_amt\":\"100\",\"fee\":\"3.20\",\"return_url\":\"https:\\/\\/upwork.scriptlisting.com\\/finance\\/addfund?refer=paymentsuccess\",\"cancel_url\":\"https:\\/\\/upwork.scriptlisting.com\\/finance\\/addfund?refer=paymenterror\",\"notify_url\":\"https:\\/\\/upwork.scriptlisting.com\\/payment\\/paypalnotify\\/addfund\\/11-1642508826\",\"custom\":\"465d50f306e8653b83dbff7f8458c5a8\",\"member_id\":\"11\",\"amount_converted\":103.2000000000000028421709430404007434844970703125}', '', '2022-01-18 07:27:06', 0, 0),
(84, 'PAYPAL', '4751b08bc6f8ccf02300872f4073658b', '{\"amount\":514.799999999999954525264911353588104248046875,\"org_amt\":\"500\",\"fee\":\"14.80\",\"return_url\":\"https:\\/\\/upwork.scriptlisting.com\\/finance\\/addfund?refer=paymentsuccess\",\"cancel_url\":\"https:\\/\\/upwork.scriptlisting.com\\/finance\\/addfund?refer=paymenterror\",\"notify_url\":\"https:\\/\\/upwork.scriptlisting.com\\/payment\\/paypalnotify\\/addfund\\/11-1644328247\",\"custom\":\"4751b08bc6f8ccf02300872f4073658b\",\"member_id\":\"11\",\"amount_converted\":514.799999999999954525264911353588104248046875}', '', '2022-02-08 08:50:47', 0, 0),
(85, 'STRIPE', 'bf4bafda0e2c4e7805a4b10f14da0161', '{\"amount\":1030,\"org_amt\":\"1000\",\"fee\":\"30.00\",\"custom\":\"bf4bafda0e2c4e7805a4b10f14da0161\",\"member_id\":\"1\",\"type\":\"addfund\",\"amount_converted\":1030}', '', '2022-02-08 21:23:23', 0, 0),
(86, 'PAYPAL', '0267320bc7d97fe801053a57145c81cf', '{\"amount\":10.589999999999999857891452847979962825775146484375,\"org_amt\":\"10\",\"fee\":\"0.59\",\"return_url\":\"https:\\/\\/upwork.scriptlisting.com\\/finance\\/addfund?refer=paymentsuccess\",\"cancel_url\":\"https:\\/\\/upwork.scriptlisting.com\\/finance\\/addfund?refer=paymenterror\",\"notify_url\":\"https:\\/\\/upwork.scriptlisting.com\\/payment\\/paypalnotify\\/addfund\\/11-1644414583\",\"custom\":\"0267320bc7d97fe801053a57145c81cf\",\"member_id\":\"11\",\"amount_converted\":10.589999999999999857891452847979962825775146484375}', '', '2022-02-09 08:49:43', 0, 0),
(87, 'PAYPAL', '1ddf0335e79afc1604b1cbc53268b48d', '{\"amount\":10.589999999999999857891452847979962825775146484375,\"org_amt\":\"10\",\"fee\":\"0.59\",\"return_url\":\"https:\\/\\/upwork.scriptlisting.com\\/finance\\/addfund?refer=paymentsuccess\",\"cancel_url\":\"https:\\/\\/upwork.scriptlisting.com\\/finance\\/addfund?refer=paymenterror\",\"notify_url\":\"https:\\/\\/upwork.scriptlisting.com\\/payment\\/paypalnotify\\/addfund\\/11-1644414627\",\"custom\":\"1ddf0335e79afc1604b1cbc53268b48d\",\"member_id\":\"11\",\"amount_converted\":10.589999999999999857891452847979962825775146484375}', '', '2022-02-09 08:50:27', 0, 0),
(88, 'PAYPAL', '314799e2e1e8561b37942e71528cfa5d', '{\"amount\":10.589999999999999857891452847979962825775146484375,\"org_amt\":\"10\",\"fee\":\"0.59\",\"return_url\":\"https:\\/\\/upwork.scriptlisting.com\\/finance\\/addfund?refer=paymentsuccess\",\"cancel_url\":\"https:\\/\\/upwork.scriptlisting.com\\/finance\\/addfund?refer=paymenterror\",\"notify_url\":\"https:\\/\\/upwork.scriptlisting.com\\/payment\\/paypalnotify\\/addfund\\/11-1644414633\",\"custom\":\"314799e2e1e8561b37942e71528cfa5d\",\"member_id\":\"11\",\"amount_converted\":10.589999999999999857891452847979962825775146484375}', '', '2022-02-09 08:50:33', 0, 0),
(89, 'PAYPAL', '41004a736088ec3763b4bc4f6dcb72f6', '{\"amount\":1029.299999999999954525264911353588104248046875,\"org_amt\":\"1000\",\"fee\":\"29.30\",\"return_url\":\"https:\\/\\/upwork.scriptlisting.com\\/finance\\/addfund?refer=paymentsuccess\",\"cancel_url\":\"https:\\/\\/upwork.scriptlisting.com\\/finance\\/addfund?refer=paymenterror\",\"notify_url\":\"https:\\/\\/upwork.scriptlisting.com\\/payment\\/paypalnotify\\/addfund\\/11-1644454490\",\"custom\":\"41004a736088ec3763b4bc4f6dcb72f6\",\"member_id\":\"11\",\"amount_converted\":1029.299999999999954525264911353588104248046875}', '', '2022-02-09 19:54:50', 0, 0),
(90, 'PAYPAL', '46d7e0e62f4bae8dc92b86cd673cb2fd', '{\"amount\":20.879999999999999005240169935859739780426025390625,\"org_amt\":\"20\",\"fee\":\"0.88\",\"return_url\":\"https:\\/\\/upwork.scriptlisting.com\\/finance\\/addfund?refer=paymentsuccess\",\"cancel_url\":\"https:\\/\\/upwork.scriptlisting.com\\/finance\\/addfund?refer=paymenterror\",\"notify_url\":\"https:\\/\\/upwork.scriptlisting.com\\/payment\\/paypalnotify\\/addfund\\/1-1644717212\",\"custom\":\"46d7e0e62f4bae8dc92b86cd673cb2fd\",\"member_id\":\"1\",\"amount_converted\":20.879999999999999005240169935859739780426025390625}', '', '2022-02-12 20:53:32', 0, 0),
(91, 'STRIPE', '024c06005d7d0440ba0689605ce23aab', '{\"amount\":51.5,\"org_amt\":\"50\",\"fee\":\"1.50\",\"custom\":\"024c06005d7d0440ba0689605ce23aab\",\"member_id\":\"1\",\"type\":\"addfund\",\"amount_converted\":51.5}', '', '2022-02-12 21:02:12', 0, 0),
(92, 'STRIPE', '23334ace1aac7e5f6632157c6f0a3359', '{\"amount\":51.5,\"org_amt\":\"50\",\"fee\":\"1.50\",\"custom\":\"23334ace1aac7e5f6632157c6f0a3359\",\"member_id\":\"1\",\"type\":\"addfund\",\"amount_converted\":51.5}', '', '2022-02-12 21:06:08', 0, 0),
(93, 'STRIPE', 'bea179e81171d243b94cb9daebb000d7', '{\"amount\":1030,\"org_amt\":\"1000\",\"fee\":\"30.00\",\"custom\":\"bea179e81171d243b94cb9daebb000d7\",\"member_id\":\"11\",\"type\":\"addfund\",\"amount_converted\":1030}', '', '2022-03-02 08:44:51', 0, 0),
(94, 'PAYPAL', '5ff36954a70e1e56e39551590f18f7c2', '{\"amount\":51.75,\"org_amt\":\"50\",\"fee\":\"1.75\",\"return_url\":\"https:\\/\\/upwork.scriptlisting.com\\/finance\\/addfund?refer=paymentsuccess\",\"cancel_url\":\"https:\\/\\/upwork.scriptlisting.com\\/finance\\/addfund?refer=paymenterror\",\"notify_url\":\"https:\\/\\/upwork.scriptlisting.com\\/payment\\/paypalnotify\\/addfund\\/32-1646302540\",\"custom\":\"5ff36954a70e1e56e39551590f18f7c2\",\"member_id\":\"32\",\"amount_converted\":51.75}', '', '2022-03-03 05:15:40', 0, 0),
(95, 'STRIPE', 'be85a1e83044cfacb6f102fecdbd06df', '{\"amount\":5.1500000000000003552713678800500929355621337890625,\"org_amt\":\"5\",\"fee\":\"0.15\",\"custom\":\"be85a1e83044cfacb6f102fecdbd06df\",\"member_id\":\"1\",\"type\":\"addfund\",\"amount_converted\":5.1500000000000003552713678800500929355621337890625}', '', '2022-03-23 10:59:22', 0, 0),
(96, 'PAYPAL', 'cabdb08a07a84837801f28b6e8b02272', '{\"amount\":5.45000000000000017763568394002504646778106689453125,\"org_amt\":\"5\",\"fee\":\"0.45\",\"return_url\":\"https:\\/\\/upwork.scriptlisting.com\\/finance\\/addfund?refer=paymentsuccess\",\"cancel_url\":\"https:\\/\\/upwork.scriptlisting.com\\/finance\\/addfund?refer=paymenterror\",\"notify_url\":\"https:\\/\\/upwork.scriptlisting.com\\/payment\\/paypalnotify\\/addfund\\/1-1648515998\",\"custom\":\"cabdb08a07a84837801f28b6e8b02272\",\"member_id\":\"1\",\"amount_converted\":5.45000000000000017763568394002504646778106689453125}', '', '2022-03-28 21:06:38', 0, 0),
(97, 'STRIPE', 'e46b3f7db9da57df50c6795a708648f3', '{\"amount\":5.1500000000000003552713678800500929355621337890625,\"org_amt\":\"5\",\"fee\":\"0.15\",\"custom\":\"e46b3f7db9da57df50c6795a708648f3\",\"member_id\":\"1\",\"type\":\"addfund\",\"amount_converted\":5.1500000000000003552713678800500929355621337890625}', '', '2022-03-28 21:07:10', 0, 0),
(98, 'PAYPAL', '808190c8649cfdcfbae364989cb6e21e', '{\"amount\":102.1700000000000017053025658242404460906982421875,\"org_amt\":\"99\",\"fee\":\"3.17\",\"return_url\":\"https:\\/\\/upwork.scriptlisting.com\\/finance\\/addfund?refer=paymentsuccess\",\"cancel_url\":\"https:\\/\\/upwork.scriptlisting.com\\/finance\\/addfund?refer=paymenterror\",\"notify_url\":\"https:\\/\\/upwork.scriptlisting.com\\/payment\\/paypalnotify\\/addfund\\/11-1648587939\",\"custom\":\"808190c8649cfdcfbae364989cb6e21e\",\"member_id\":\"11\",\"amount_converted\":102.1700000000000017053025658242404460906982421875}', '', '2022-03-29 17:05:39', 0, 0),
(99, 'PAYPAL', 'b3c06b7c19918e0d64f971734bf6950f', '{\"amount\":8.5299999999999993605115378159098327159881591796875,\"org_amt\":\"8\",\"fee\":\"0.53\",\"return_url\":\"https:\\/\\/upwork.scriptlisting.com\\/finance\\/addfund?refer=paymentsuccess\",\"cancel_url\":\"https:\\/\\/upwork.scriptlisting.com\\/finance\\/addfund?refer=paymenterror\",\"notify_url\":\"https:\\/\\/upwork.scriptlisting.com\\/payment\\/paypalnotify\\/addfund\\/1-1649013423\",\"custom\":\"b3c06b7c19918e0d64f971734bf6950f\",\"member_id\":\"1\",\"amount_converted\":8.5299999999999993605115378159098327159881591796875}', '', '2022-04-03 15:17:03', 0, 0),
(100, 'PAYPAL', '95323e8cc1c371adc8c0151429ff2810', '{\"amount\":10.589999999999999857891452847979962825775146484375,\"org_amt\":\"10\",\"fee\":\"0.59\",\"return_url\":\"https:\\/\\/upwork.scriptlisting.com\\/finance\\/addfund?refer=paymentsuccess\",\"cancel_url\":\"https:\\/\\/upwork.scriptlisting.com\\/finance\\/addfund?refer=paymenterror\",\"notify_url\":\"https:\\/\\/upwork.scriptlisting.com\\/payment\\/paypalnotify\\/addfund\\/11-1649081250\",\"custom\":\"95323e8cc1c371adc8c0151429ff2810\",\"member_id\":\"11\",\"amount_converted\":10.589999999999999857891452847979962825775146484375}', '', '2022-04-04 10:07:30', 0, 0),
(101, 'PAYPAL', '68c79f7c859175399c24f3e96fbe746a', '{\"amount\":103.2000000000000028421709430404007434844970703125,\"org_amt\":\"100\",\"fee\":\"3.20\",\"return_url\":\"https:\\/\\/upwork.scriptlisting.com\\/finance\\/addfund?refer=paymentsuccess\",\"cancel_url\":\"https:\\/\\/upwork.scriptlisting.com\\/finance\\/addfund?refer=paymenterror\",\"notify_url\":\"https:\\/\\/upwork.scriptlisting.com\\/payment\\/paypalnotify\\/addfund\\/36-1649595076\",\"custom\":\"68c79f7c859175399c24f3e96fbe746a\",\"member_id\":\"36\",\"amount_converted\":103.2000000000000028421709430404007434844970703125}', '', '2022-04-10 08:51:16', 0, 0),
(102, 'STRIPE', '1b8f722fb69a968f33dcd47cad888a4d', '{\"amount\":103,\"org_amt\":\"100\",\"fee\":\"3.00\",\"custom\":\"1b8f722fb69a968f33dcd47cad888a4d\",\"member_id\":\"36\",\"type\":\"addfund\",\"amount_converted\":103}', '', '2022-04-10 08:51:34', 0, 0),
(103, 'STRIPE', 'ec32c2fb85f2c26a24c6e7f1f7e5396d', '{\"amount\":1.0300000000000000266453525910037569701671600341796875,\"org_amt\":\"1\",\"fee\":\"0.03\",\"custom\":\"ec32c2fb85f2c26a24c6e7f1f7e5396d\",\"member_id\":\"37\",\"type\":\"addfund\",\"amount_converted\":1.0300000000000000266453525910037569701671600341796875}', '', '2022-04-18 08:46:09', 0, 0),
(104, 'PAYPAL', '4858e229d967ecdb6276fb8910d0e6ac', '{\"amount\":206.099999999999994315658113919198513031005859375,\"org_amt\":\"200\",\"fee\":\"6.10\",\"return_url\":\"https:\\/\\/upwork.scriptlisting.com\\/finance\\/addfund?refer=paymentsuccess\",\"cancel_url\":\"https:\\/\\/upwork.scriptlisting.com\\/finance\\/addfund?refer=paymenterror\",\"notify_url\":\"https:\\/\\/upwork.scriptlisting.com\\/payment\\/paypalnotify\\/addfund\\/11-1650356517\",\"custom\":\"4858e229d967ecdb6276fb8910d0e6ac\",\"member_id\":\"11\",\"amount_converted\":206.099999999999994315658113919198513031005859375}', '{\"mc_gross\":\"206.10\",\"protection_eligibility\":\"Eligible\",\"payer_id\":\"QRU2W8VYGVCQS\",\"tax\":\"0.00\",\"payment_date\":\"01:22:48 Apr 19, 2022 PDT\",\"payment_status\":\"Completed\",\"charset\":\"windows-1252\",\"first_name\":\"asharam\",\"mc_fee\":\"7.68\",\"notify_version\":\"3.9\",\"custom\":\"4858e229d967ecdb6276fb8910d0e6ac\",\"payer_status\":\"verified\",\"business\":\"asish9735_biz@gmail.com\",\"quantity\":\"1\",\"verify_sign\":\"AFmamp11014kswADslwNvyksZKazAMDJDNY2zN7LtYKMBrWqQLt35i.e\",\"payer_email\":\"asish9735_per@gmail.com\",\"txn_id\":\"67T84882JH210044N\",\"payment_type\":\"instant\",\"last_name\":\"pakhira\",\"receiver_email\":\"asish9735_biz@gmail.com\",\"payment_fee\":\"7.68\",\"shipping_discount\":\"0.00\",\"receiver_id\":\"QVNBYB42DBZAU\",\"insurance_amount\":\"0.00\",\"txn_type\":\"web_accept\",\"item_name\":\"Add Fund From - Freelancerr\",\"discount\":\"0.00\",\"mc_currency\":\"USD\",\"item_number\":\"\",\"residence_country\":\"US\",\"test_ipn\":\"1\",\"shipping_method\":\"Default\",\"transaction_subject\":\"\",\"payment_gross\":\"206.10\",\"shipping\":\"0.00\",\"ipn_track_id\":\"5d62368c6bc84\"}', '2022-04-19 04:21:57', 173, 1),
(105, 'PAYPAL', '786d07363de69ebbb13e2fb02b12ecc4', '{\"amount\":103.2000000000000028421709430404007434844970703125,\"org_amt\":\"100\",\"fee\":\"3.20\",\"return_url\":\"https:\\/\\/upwork.scriptlisting.com\\/finance\\/addfund?refer=paymentsuccess\",\"cancel_url\":\"https:\\/\\/upwork.scriptlisting.com\\/finance\\/addfund?refer=paymenterror\",\"notify_url\":\"https:\\/\\/upwork.scriptlisting.com\\/payment\\/paypalnotify\\/addfund\\/11-1650356644\",\"custom\":\"786d07363de69ebbb13e2fb02b12ecc4\",\"member_id\":\"11\",\"amount_converted\":103.2000000000000028421709430404007434844970703125}', '{\"mc_gross\":\"103.20\",\"protection_eligibility\":\"Eligible\",\"payer_id\":\"QRU2W8VYGVCQS\",\"tax\":\"0.00\",\"payment_date\":\"01:24:22 Apr 19, 2022 PDT\",\"payment_status\":\"Completed\",\"charset\":\"windows-1252\",\"first_name\":\"asharam\",\"mc_fee\":\"4.09\",\"notify_version\":\"3.9\",\"custom\":\"786d07363de69ebbb13e2fb02b12ecc4\",\"payer_status\":\"verified\",\"business\":\"asish9735_biz@gmail.com\",\"quantity\":\"1\",\"verify_sign\":\"Aa7EqZtD-oUCr6IWqyfIgQT9Kun6Ac3jDai.JYkWt4bjnu6NtWIHWM0K\",\"payer_email\":\"asish9735_per@gmail.com\",\"txn_id\":\"1V669127H6074953N\",\"payment_type\":\"instant\",\"last_name\":\"pakhira\",\"receiver_email\":\"asish9735_biz@gmail.com\",\"payment_fee\":\"4.09\",\"shipping_discount\":\"0.00\",\"receiver_id\":\"QVNBYB42DBZAU\",\"insurance_amount\":\"0.00\",\"txn_type\":\"web_accept\",\"item_name\":\"Add Fund From - Freelancerr\",\"discount\":\"0.00\",\"mc_currency\":\"USD\",\"item_number\":\"\",\"residence_country\":\"US\",\"test_ipn\":\"1\",\"shipping_method\":\"Default\",\"transaction_subject\":\"\",\"payment_gross\":\"103.20\",\"shipping\":\"0.00\",\"ipn_track_id\":\"7d889f3728d07\"}', '2022-04-19 04:24:04', 174, 1),
(106, 'STRIPE', '84419c119cba1143418349cb241dd6da', '{\"amount\":103,\"org_amt\":\"100\",\"fee\":\"3.00\",\"custom\":\"84419c119cba1143418349cb241dd6da\",\"member_id\":\"11\",\"type\":\"addfund\",\"amount_converted\":103}', '{\"id\":\"cs_test_a119kkg1XbAABcpDwHJBM8bmBZ93HpPZCaRAU59NZPPg3BfKF80ZIbzfnK\",\"object\":\"checkout.session\",\"after_expiration\":null,\"allow_promotion_codes\":null,\"amount_subtotal\":10300,\"amount_total\":10300,\"automatic_tax\":{\"enabled\":false,\"status\":null},\"billing_address_collection\":null,\"cancel_url\":\"https:\\/\\/upwork.scriptlisting.com\\/finance\\/addfund?refer=paymenterror\",\"client_reference_id\":\"84419c119cba1143418349cb241dd6da\",\"consent\":null,\"consent_collection\":null,\"currency\":\"usd\",\"customer\":\"cus_LXH4hfoKyQnise\",\"customer_creation\":\"always\",\"customer_details\":{\"address\":{\"city\":\"KOLKATA\",\"country\":\"US\",\"line1\":\"PRUDENT PARANA,BLOCK-8,4B, BAGHERGHOLE,BORAL MAIN ROAD\",\"line2\":\"BAGHERGHOLE,BORAL MAIN ROAD\",\"postal_code\":\"00544\",\"state\":null},\"email\":\"asimpatra24@gmail.com\",\"name\":\"Asim Patra\",\"phone\":null,\"tax_exempt\":\"none\",\"tax_ids\":[]},\"customer_email\":null,\"expires_at\":1650443619,\"livemode\":false,\"locale\":null,\"metadata\":[],\"mode\":\"payment\",\"payment_intent\":\"pi_3KqCVDSGVBnAySIh1SIbICYX\",\"payment_link\":null,\"payment_method_options\":[],\"payment_method_types\":[\"card\"],\"payment_status\":\"paid\",\"phone_number_collection\":{\"enabled\":false},\"recovered_from\":null,\"setup_intent\":null,\"shipping\":null,\"shipping_address_collection\":null,\"shipping_options\":[],\"shipping_rate\":null,\"status\":\"complete\",\"submit_type\":null,\"subscription\":null,\"success_url\":\"https:\\/\\/upwork.scriptlisting.com\\/finance\\/addfund?refer=paymentsuccess\",\"total_details\":{\"amount_discount\":0,\"amount_shipping\":0,\"amount_tax\":0},\"url\":null}', '2022-04-19 04:33:38', 175, 1),
(107, 'PAYPAL', 'c0582d6acb47d288608ec1d90a8178c3', '{\"amount\":1.3300000000000000710542735760100185871124267578125,\"org_amt\":\"1\",\"fee\":\"0.33\",\"return_url\":\"https:\\/\\/upwork.scriptlisting.com\\/finance\\/addfund?refer=paymentsuccess\",\"cancel_url\":\"https:\\/\\/upwork.scriptlisting.com\\/finance\\/addfund?refer=paymenterror\",\"notify_url\":\"https:\\/\\/upwork.scriptlisting.com\\/payment\\/paypalnotify\\/addfund\\/38-1650357903\",\"custom\":\"c0582d6acb47d288608ec1d90a8178c3\",\"member_id\":\"38\",\"amount_converted\":1.3300000000000000710542735760100185871124267578125}', '', '2022-04-19 04:45:03', 0, 0),
(108, 'PAYPAL', '256e7713c7d5e96f759bd86bf40906e1', '{\"amount\":206.099999999999994315658113919198513031005859375,\"org_amt\":\"200\",\"fee\":\"6.10\",\"return_url\":\"https:\\/\\/upwork.scriptlisting.com\\/finance\\/addfund?refer=paymentsuccess\",\"cancel_url\":\"https:\\/\\/upwork.scriptlisting.com\\/finance\\/addfund?refer=paymenterror\",\"notify_url\":\"https:\\/\\/upwork.scriptlisting.com\\/payment\\/paypalnotify\\/addfund\\/11-1652018047\",\"custom\":\"256e7713c7d5e96f759bd86bf40906e1\",\"member_id\":\"11\",\"amount_converted\":206.099999999999994315658113919198513031005859375}', '', '2022-05-08 09:54:07', 0, 0),
(109, 'STRIPE', 'c64babe7b0ad7f19e40f3ca5f75681c0', '{\"amount\":33.99000000000000198951966012828052043914794921875,\"org_amt\":\"33\",\"fee\":\"0.99\",\"custom\":\"c64babe7b0ad7f19e40f3ca5f75681c0\",\"member_id\":\"1\",\"type\":\"addfund\",\"amount_converted\":33.99000000000000198951966012828052043914794921875}', '', '2022-05-16 14:29:48', 0, 0),
(110, 'PAYPAL', '0dbb43fa65fd987491614214307f9510', '{\"amount\":309,\"org_amt\":\"300\",\"fee\":\"9.00\",\"return_url\":\"https:\\/\\/upwork.scriptlisting.com\\/finance\\/addfund?refer=paymentsuccess\",\"cancel_url\":\"https:\\/\\/upwork.scriptlisting.com\\/finance\\/addfund?refer=paymenterror\",\"notify_url\":\"https:\\/\\/upwork.scriptlisting.com\\/payment\\/paypalnotify\\/addfund\\/11-1653548683\",\"custom\":\"0dbb43fa65fd987491614214307f9510\",\"member_id\":\"11\",\"amount_converted\":309}', '', '2022-05-26 03:04:43', 0, 0),
(111, 'PAYPAL', '6e265d964d3f6b6214756e68c004f858', '{\"amount\":309,\"org_amt\":\"300\",\"fee\":\"9.00\",\"return_url\":\"https:\\/\\/upwork.scriptlisting.com\\/finance\\/addfund?refer=paymentsuccess\",\"cancel_url\":\"https:\\/\\/upwork.scriptlisting.com\\/finance\\/addfund?refer=paymenterror\",\"notify_url\":\"https:\\/\\/upwork.scriptlisting.com\\/payment\\/paypalnotify\\/addfund\\/11-1653548692\",\"custom\":\"6e265d964d3f6b6214756e68c004f858\",\"member_id\":\"11\",\"amount_converted\":309}', '', '2022-05-26 03:04:52', 0, 0),
(112, 'PAYPAL', '35f6854c71ce3843ea6856c22698d559', '{\"amount\":309,\"org_amt\":\"300\",\"fee\":\"9.00\",\"return_url\":\"https:\\/\\/upwork.scriptlisting.com\\/finance\\/addfund?refer=paymentsuccess\",\"cancel_url\":\"https:\\/\\/upwork.scriptlisting.com\\/finance\\/addfund?refer=paymenterror\",\"notify_url\":\"https:\\/\\/upwork.scriptlisting.com\\/payment\\/paypalnotify\\/addfund\\/11-1653548697\",\"custom\":\"35f6854c71ce3843ea6856c22698d559\",\"member_id\":\"11\",\"amount_converted\":309}', '', '2022-05-26 03:04:57', 0, 0),
(113, 'PAYPAL', 'e01df66b1e5f613fcbb078472c0db960', '{\"amount\":103.2000000000000028421709430404007434844970703125,\"org_amt\":\"100\",\"fee\":\"3.20\",\"return_url\":\"https:\\/\\/upwork.scriptlisting.com\\/finance\\/addfund?refer=paymentsuccess\",\"cancel_url\":\"https:\\/\\/upwork.scriptlisting.com\\/finance\\/addfund?refer=paymenterror\",\"notify_url\":\"https:\\/\\/upwork.scriptlisting.com\\/payment\\/paypalnotify\\/addfund\\/11-1653639984\",\"custom\":\"e01df66b1e5f613fcbb078472c0db960\",\"member_id\":\"11\",\"amount_converted\":103.2000000000000028421709430404007434844970703125}', '', '2022-05-27 04:26:24', 0, 0),
(114, 'PAYPAL', '3e22497e7e81d12e7d89bd1a70e8c154', '{\"amount\":9.5600000000000004973799150320701301097869873046875,\"org_amt\":\"9\",\"fee\":\"0.56\",\"return_url\":\"https:\\/\\/upwork.scriptlisting.com\\/finance\\/addfund?refer=paymentsuccess\",\"cancel_url\":\"https:\\/\\/upwork.scriptlisting.com\\/finance\\/addfund?refer=paymenterror\",\"notify_url\":\"https:\\/\\/upwork.scriptlisting.com\\/payment\\/paypalnotify\\/addfund\\/42-1655184874\",\"custom\":\"3e22497e7e81d12e7d89bd1a70e8c154\",\"member_id\":\"42\",\"amount_converted\":9.5600000000000004973799150320701301097869873046875}', '', '2022-06-14 01:34:34', 0, 0),
(115, 'PAYPAL', 'd646c6353987f0431b5af98608ab518e', '{\"amount\":1.3300000000000000710542735760100185871124267578125,\"org_amt\":\"1\",\"fee\":\"0.33\",\"return_url\":\"https:\\/\\/upwork.scriptlisting.com\\/finance\\/addfund?refer=paymentsuccess\",\"cancel_url\":\"https:\\/\\/upwork.scriptlisting.com\\/finance\\/addfund?refer=paymenterror\",\"notify_url\":\"https:\\/\\/upwork.scriptlisting.com\\/payment\\/paypalnotify\\/addfund\\/42-1655289262\",\"custom\":\"d646c6353987f0431b5af98608ab518e\",\"member_id\":\"42\",\"amount_converted\":1.3300000000000000710542735760100185871124267578125}', '', '2022-06-15 06:34:22', 0, 0),
(116, 'PAYPAL', '54f8f5eb8a7892d4b76cc093e62e6943', '{\"amount\":1.3300000000000000710542735760100185871124267578125,\"org_amt\":\"1\",\"fee\":\"0.33\",\"return_url\":\"https:\\/\\/upwork.scriptlisting.com\\/finance\\/addfund?refer=paymentsuccess\",\"cancel_url\":\"https:\\/\\/upwork.scriptlisting.com\\/finance\\/addfund?refer=paymenterror\",\"notify_url\":\"https:\\/\\/upwork.scriptlisting.com\\/payment\\/paypalnotify\\/addfund\\/42-1655292050\",\"custom\":\"54f8f5eb8a7892d4b76cc093e62e6943\",\"member_id\":\"42\",\"amount_converted\":1.3300000000000000710542735760100185871124267578125}', '', '2022-06-15 07:20:50', 0, 0),
(117, 'STRIPE', '817796ab3eb56c9d28ddedf18569de67', '{\"amount\":1.0300000000000000266453525910037569701671600341796875,\"org_amt\":\"1\",\"fee\":\"0.03\",\"custom\":\"817796ab3eb56c9d28ddedf18569de67\",\"member_id\":\"42\",\"type\":\"addfund\",\"amount_converted\":1.0300000000000000266453525910037569701671600341796875}', '', '2022-06-18 03:39:15', 0, 0),
(118, 'STRIPE', '8f4318d7f624ee17d7ecb7d17e9e0ab6', '{\"amount\":1030,\"org_amt\":\"1000\",\"fee\":\"30.00\",\"custom\":\"8f4318d7f624ee17d7ecb7d17e9e0ab6\",\"member_id\":\"11\",\"type\":\"addfund\",\"amount_converted\":1030}', '', '2022-06-28 03:45:53', 0, 0),
(119, 'PAYPAL', 'a2cc4de9e2cc1e520ce88575049341d5', '{\"amount\":103.2000000000000028421709430404007434844970703125,\"org_amt\":\"100\",\"fee\":\"3.20\",\"return_url\":\"https:\\/\\/upwork.scriptlisting.com\\/finance\\/addfund?refer=paymentsuccess\",\"cancel_url\":\"https:\\/\\/upwork.scriptlisting.com\\/finance\\/addfund?refer=paymenterror\",\"notify_url\":\"https:\\/\\/upwork.scriptlisting.com\\/payment\\/paypalnotify\\/addfund\\/11-1658693649\",\"custom\":\"a2cc4de9e2cc1e520ce88575049341d5\",\"member_id\":\"11\",\"amount_converted\":103.2000000000000028421709430404007434844970703125}', '', '2022-07-24 16:14:09', 0, 0),
(120, 'PAYPAL', '93e3e63bf4771940c689556185ebba2e', '{\"amount\":92.909999999999996589394868351519107818603515625,\"org_amt\":\"90.00\",\"fee\":\"2.91\",\"return_url\":\"https:\\/\\/upwork.scriptlisting.com\\/membership?refer=paymentsuccess\",\"cancel_url\":\"https:\\/\\/upwork.scriptlisting.com\\/membership?refer=paymenterror\",\"notify_url\":\"https:\\/\\/upwork.scriptlisting.com\\/payment\\/paypalnotify\\/membership\\/57-1658741196\",\"custom\":\"93e3e63bf4771940c689556185ebba2e\",\"member_id\":\"57\",\"membership_id\":\"4\",\"membership_duration\":\"month\",\"amount_converted\":92.909999999999996589394868351519107818603515625}', '', '2022-07-25 05:26:36', 0, 0),
(121, 'PAYPAL', 'acf8f3d8442e978519aef22eb144c018', '{\"amount\":103.2000000000000028421709430404007434844970703125,\"org_amt\":\"100\",\"fee\":\"3.20\",\"return_url\":\"https:\\/\\/upwork.scriptlisting.com\\/finance\\/addfund?refer=paymentsuccess\",\"cancel_url\":\"https:\\/\\/upwork.scriptlisting.com\\/finance\\/addfund?refer=paymenterror\",\"notify_url\":\"https:\\/\\/upwork.scriptlisting.com\\/payment\\/paypalnotify\\/addfund\\/42-1659338454\",\"custom\":\"acf8f3d8442e978519aef22eb144c018\",\"member_id\":\"42\",\"amount_converted\":103.2000000000000028421709430404007434844970703125}', '', '2022-08-01 03:20:54', 0, 0),
(122, 'PAYPAL', 'b8ac0c9f2897d31f2d25483f2384b7a1', '{\"amount\":103.2000000000000028421709430404007434844970703125,\"org_amt\":\"100\",\"fee\":\"3.20\",\"return_url\":\"https:\\/\\/upwork.scriptlisting.com\\/finance\\/addfund?refer=paymentsuccess\",\"cancel_url\":\"https:\\/\\/upwork.scriptlisting.com\\/finance\\/addfund?refer=paymenterror\",\"notify_url\":\"https:\\/\\/upwork.scriptlisting.com\\/payment\\/paypalnotify\\/addfund\\/42-1659339009\",\"custom\":\"b8ac0c9f2897d31f2d25483f2384b7a1\",\"member_id\":\"42\",\"amount_converted\":103.2000000000000028421709430404007434844970703125}', '', '2022-08-01 03:30:09', 0, 0),
(123, 'PAYPAL', '073fe843dcdf187e1de274091e32181f', '{\"amount\":10290.29999999999927240423858165740966796875,\"org_amt\":\"10000\",\"fee\":\"290.30\",\"return_url\":\"https:\\/\\/upwork.scriptlisting.com\\/finance\\/addfund?refer=paymentsuccess\",\"cancel_url\":\"https:\\/\\/upwork.scriptlisting.com\\/finance\\/addfund?refer=paymenterror\",\"notify_url\":\"https:\\/\\/upwork.scriptlisting.com\\/payment\\/paypalnotify\\/addfund\\/11-1659669997\",\"custom\":\"073fe843dcdf187e1de274091e32181f\",\"member_id\":\"11\",\"amount_converted\":10290.29999999999927240423858165740966796875}', '', '2022-08-04 23:26:37', 0, 0),
(124, 'PAYPAL', '7727c824f8020b8f85858d5643fad37f', '{\"amount\":103.2000000000000028421709430404007434844970703125,\"org_amt\":\"100\",\"fee\":\"3.20\",\"return_url\":\"https:\\/\\/upwork.scriptlisting.com\\/finance\\/addfund?refer=paymentsuccess\",\"cancel_url\":\"https:\\/\\/upwork.scriptlisting.com\\/finance\\/addfund?refer=paymenterror\",\"notify_url\":\"https:\\/\\/upwork.scriptlisting.com\\/payment\\/paypalnotify\\/addfund\\/11-1660302550\",\"custom\":\"7727c824f8020b8f85858d5643fad37f\",\"member_id\":\"11\",\"amount_converted\":103.2000000000000028421709430404007434844970703125}', '', '2022-08-12 07:09:10', 0, 0),
(125, 'PAYPAL', '9e4d4e6938e66f326cb61b19b6ba0792', '{\"amount\":103.2000000000000028421709430404007434844970703125,\"org_amt\":\"100\",\"fee\":\"3.20\",\"return_url\":\"https:\\/\\/upwork.scriptlisting.com\\/finance\\/addfund?refer=paymentsuccess\",\"cancel_url\":\"https:\\/\\/upwork.scriptlisting.com\\/finance\\/addfund?refer=paymenterror\",\"notify_url\":\"https:\\/\\/upwork.scriptlisting.com\\/payment\\/paypalnotify\\/addfund\\/11-1666100723\",\"custom\":\"9e4d4e6938e66f326cb61b19b6ba0792\",\"member_id\":\"11\",\"amount_converted\":103.2000000000000028421709430404007434844970703125}', '', '2022-10-18 09:45:23', 0, 0),
(126, 'PAYPAL', 'e53731da76932efbc00c900c98b78f45', '{\"amount\":103.2000000000000028421709430404007434844970703125,\"org_amt\":\"100\",\"fee\":\"3.20\",\"return_url\":\"https:\\/\\/upwork.scriptlisting.com\\/finance\\/addfund?refer=paymentsuccess\",\"cancel_url\":\"https:\\/\\/upwork.scriptlisting.com\\/finance\\/addfund?refer=paymenterror\",\"notify_url\":\"https:\\/\\/upwork.scriptlisting.com\\/payment\\/paypalnotify\\/addfund\\/11-1666100738\",\"custom\":\"e53731da76932efbc00c900c98b78f45\",\"member_id\":\"11\",\"amount_converted\":103.2000000000000028421709430404007434844970703125}', '', '2022-10-18 09:45:38', 0, 0),
(127, 'PAYPAL', 'fa08ed06f41152f389846eb5538a603c', '{\"amount\":51.74000000000000198951966012828052043914794921875,\"org_amt\":\"49.99\",\"fee\":\"1.75\",\"return_url\":\"https:\\/\\/upwork.scriptlisting.com\\/membership?refer=paymentsuccess\",\"cancel_url\":\"https:\\/\\/upwork.scriptlisting.com\\/membership?refer=paymenterror\",\"notify_url\":\"https:\\/\\/upwork.scriptlisting.com\\/payment\\/paypalnotify\\/membership\\/1-1666103965\",\"custom\":\"fa08ed06f41152f389846eb5538a603c\",\"member_id\":\"1\",\"membership_id\":\"2\",\"membership_duration\":\"month\",\"amount_converted\":51.74000000000000198951966012828052043914794921875}', '', '2022-10-18 10:39:25', 0, 0),
(128, 'PAYPAL', 'd23942ac3d7e5d7fdac7f7aed4439c80', '{\"amount\":1029.299999999999954525264911353588104248046875,\"org_amt\":\"1000\",\"fee\":\"29.30\",\"return_url\":\"https:\\/\\/upwork.scriptlisting.com\\/finance\\/addfund?refer=paymentsuccess\",\"cancel_url\":\"https:\\/\\/upwork.scriptlisting.com\\/finance\\/addfund?refer=paymenterror\",\"notify_url\":\"https:\\/\\/upwork.scriptlisting.com\\/payment\\/paypalnotify\\/addfund\\/1-1666106778\",\"custom\":\"d23942ac3d7e5d7fdac7f7aed4439c80\",\"member_id\":\"1\",\"amount_converted\":1029.299999999999954525264911353588104248046875}', '', '2022-10-18 11:26:18', 0, 0),
(129, 'PAYPAL', '282b6c912d233526c7c456f4c4d491bd', '{\"amount\":15.7400000000000002131628207280300557613372802734375,\"org_amt\":\"15\",\"fee\":\"0.74\",\"return_url\":\"https:\\/\\/upwork.scriptlisting.com\\/finance\\/addfund?refer=paymentsuccess\",\"cancel_url\":\"https:\\/\\/upwork.scriptlisting.com\\/finance\\/addfund?refer=paymenterror\",\"notify_url\":\"https:\\/\\/upwork.scriptlisting.com\\/payment\\/paypalnotify\\/addfund\\/1-1668167557\",\"custom\":\"282b6c912d233526c7c456f4c4d491bd\",\"member_id\":\"1\",\"amount_converted\":15.7400000000000002131628207280300557613372802734375}', '', '2022-11-11 06:52:37', 0, 0),
(130, 'PAYPAL', 'a28d933a278a86df24da24ee83c27ec8', '{\"amount\":10.589999999999999857891452847979962825775146484375,\"org_amt\":\"10\",\"fee\":\"0.59\",\"return_url\":\"https:\\/\\/upwork.scriptlisting.com\\/finance\\/addfund?refer=paymentsuccess\",\"cancel_url\":\"https:\\/\\/upwork.scriptlisting.com\\/finance\\/addfund?refer=paymenterror\",\"notify_url\":\"https:\\/\\/upwork.scriptlisting.com\\/payment\\/paypalnotify\\/addfund\\/1-1668167774\",\"custom\":\"a28d933a278a86df24da24ee83c27ec8\",\"member_id\":\"1\",\"amount_converted\":10.589999999999999857891452847979962825775146484375}', '', '2022-11-11 06:56:14', 0, 0),
(131, 'PAYPAL', '218a96d89599e811dc43297a1d3a7a9a', '{\"amount\":10.589999999999999857891452847979962825775146484375,\"org_amt\":\"10\",\"fee\":\"0.59\",\"return_url\":\"https:\\/\\/upwork.scriptlisting.com\\/finance\\/addfund?refer=paymentsuccess\",\"cancel_url\":\"https:\\/\\/upwork.scriptlisting.com\\/finance\\/addfund?refer=paymenterror\",\"notify_url\":\"https:\\/\\/upwork.scriptlisting.com\\/payment\\/paypalnotify\\/addfund\\/1-1668167782\",\"custom\":\"218a96d89599e811dc43297a1d3a7a9a\",\"member_id\":\"1\",\"amount_converted\":10.589999999999999857891452847979962825775146484375}', '', '2022-11-11 06:56:22', 0, 0),
(132, 'PAYPAL', 'fed815894da790bbc41b4e67ce69ff7c', '{\"amount\":51.75,\"org_amt\":\"50\",\"fee\":\"1.75\",\"return_url\":\"https:\\/\\/upwork.scriptlisting.com\\/finance\\/addfund?refer=paymentsuccess\",\"cancel_url\":\"https:\\/\\/upwork.scriptlisting.com\\/finance\\/addfund?refer=paymenterror\",\"notify_url\":\"https:\\/\\/upwork.scriptlisting.com\\/payment\\/paypalnotify\\/addfund\\/11-1670169716\",\"custom\":\"fed815894da790bbc41b4e67ce69ff7c\",\"member_id\":\"11\",\"amount_converted\":51.75}', '', '2022-12-04 11:01:56', 0, 0),
(133, 'PAYPAL', '4194ce40dd601245bc596920e638c79b', '{\"amount\":51.75,\"org_amt\":\"50\",\"fee\":\"1.75\",\"return_url\":\"https:\\/\\/upwork.scriptlisting.com\\/finance\\/addfund?refer=paymentsuccess\",\"cancel_url\":\"https:\\/\\/upwork.scriptlisting.com\\/finance\\/addfund?refer=paymenterror\",\"notify_url\":\"https:\\/\\/upwork.scriptlisting.com\\/payment\\/paypalnotify\\/addfund\\/11-1670169720\",\"custom\":\"4194ce40dd601245bc596920e638c79b\",\"member_id\":\"11\",\"amount_converted\":51.75}', '', '2022-12-04 11:02:00', 0, 0),
(134, 'PAYPAL', '01b5030f533118c40de1e6a5893ff2d9', '{\"amount\":51.75,\"org_amt\":\"50\",\"fee\":\"1.75\",\"return_url\":\"https:\\/\\/upwork.scriptlisting.com\\/finance\\/addfund?refer=paymentsuccess\",\"cancel_url\":\"https:\\/\\/upwork.scriptlisting.com\\/finance\\/addfund?refer=paymenterror\",\"notify_url\":\"https:\\/\\/upwork.scriptlisting.com\\/payment\\/paypalnotify\\/addfund\\/11-1670169724\",\"custom\":\"01b5030f533118c40de1e6a5893ff2d9\",\"member_id\":\"11\",\"amount_converted\":51.75}', '', '2022-12-04 11:02:04', 0, 0),
(135, 'PAYPAL', '8e212d8329b2af2f82213d0d6320663d', '{\"amount\":206.099999999999994315658113919198513031005859375,\"org_amt\":\"200\",\"fee\":\"6.10\",\"return_url\":\"https:\\/\\/upwork.scriptlisting.com\\/finance\\/addfund?refer=paymentsuccess\",\"cancel_url\":\"https:\\/\\/upwork.scriptlisting.com\\/finance\\/addfund?refer=paymenterror\",\"notify_url\":\"https:\\/\\/upwork.scriptlisting.com\\/payment\\/paypalnotify\\/addfund\\/11-1675336940\",\"custom\":\"8e212d8329b2af2f82213d0d6320663d\",\"member_id\":\"11\",\"amount_converted\":206.099999999999994315658113919198513031005859375}', '', '2023-02-02 06:22:20', 0, 0),
(136, 'STRIPE', '2e326b79a22a519355b8cf1f4e1a48c7', '{\"amount\":206,\"org_amt\":\"200\",\"fee\":\"6.00\",\"custom\":\"2e326b79a22a519355b8cf1f4e1a48c7\",\"member_id\":\"11\",\"type\":\"addfund\",\"amount_converted\":206}', '', '2023-02-02 06:22:51', 0, 0),
(137, 'PAYPAL', 'e673fb73097addb27638bd193a151716', '{\"amount\":206.099999999999994315658113919198513031005859375,\"org_amt\":\"200\",\"fee\":\"6.10\",\"return_url\":\"https:\\/\\/upwork.scriptlisting.com\\/finance\\/addfund?refer=paymentsuccess\",\"cancel_url\":\"https:\\/\\/upwork.scriptlisting.com\\/finance\\/addfund?refer=paymenterror\",\"notify_url\":\"https:\\/\\/upwork.scriptlisting.com\\/payment\\/paypalnotify\\/addfund\\/11-1675342550\",\"custom\":\"e673fb73097addb27638bd193a151716\",\"member_id\":\"11\",\"amount_converted\":206.099999999999994315658113919198513031005859375}', '', '2023-02-02 07:55:50', 0, 0),
(138, 'PAYPAL', 'f00d0e6a1d2d0b8b009b81b6387bd44c', '{\"amount\":126.960000000000007958078640513122081756591796875,\"org_amt\":\"123.09\",\"fee\":\"3.87\",\"return_url\":\"https:\\/\\/upwork.scriptlisting.com\\/finance\\/addfund?refer=paymentsuccess\",\"cancel_url\":\"https:\\/\\/upwork.scriptlisting.com\\/finance\\/addfund?refer=paymenterror\",\"notify_url\":\"https:\\/\\/upwork.scriptlisting.com\\/payment\\/paypalnotify\\/addfund\\/11-1675405335\",\"custom\":\"f00d0e6a1d2d0b8b009b81b6387bd44c\",\"member_id\":\"11\",\"amount_converted\":126.960000000000007958078640513122081756591796875}', '', '2023-02-03 01:22:15', 0, 0),
(139, 'PAYPAL', 'f869ece44de73b1c9b3f735495718ceb', '{\"amount\":1029.299999999999954525264911353588104248046875,\"org_amt\":\"1000\",\"fee\":\"29.30\",\"return_url\":\"https:\\/\\/upwork.scriptlisting.com\\/finance\\/addfund?refer=paymentsuccess\",\"cancel_url\":\"https:\\/\\/upwork.scriptlisting.com\\/finance\\/addfund?refer=paymenterror\",\"notify_url\":\"https:\\/\\/upwork.scriptlisting.com\\/payment\\/paypalnotify\\/addfund\\/11-1679057384\",\"custom\":\"f869ece44de73b1c9b3f735495718ceb\",\"member_id\":\"11\",\"amount_converted\":1029.299999999999954525264911353588104248046875}', '', '2023-03-17 08:49:44', 0, 0),
(140, 'PAYPAL', '3f523110634c2b397385167eac7e67f5', '{\"amount\":514.799999999999954525264911353588104248046875,\"org_amt\":\"500\",\"fee\":\"14.80\",\"return_url\":\"https:\\/\\/upwork.scriptlisting.com\\/finance\\/addfund?refer=paymentsuccess\",\"cancel_url\":\"https:\\/\\/upwork.scriptlisting.com\\/finance\\/addfund?refer=paymenterror\",\"notify_url\":\"https:\\/\\/upwork.scriptlisting.com\\/payment\\/paypalnotify\\/addfund\\/11-1681106387\",\"custom\":\"3f523110634c2b397385167eac7e67f5\",\"member_id\":\"11\",\"amount_converted\":514.799999999999954525264911353588104248046875}', '', '2023-04-10 01:59:47', 0, 0),
(141, 'STRIPE', 'b024e62d15f1474ab6257355aa1064a9', '{\"amount\":2.060000000000000053290705182007513940334320068359375,\"org_amt\":\"2\",\"fee\":\"0.06\",\"custom\":\"b024e62d15f1474ab6257355aa1064a9\",\"member_id\":\"16\",\"type\":\"addfund\",\"amount_converted\":2.060000000000000053290705182007513940334320068359375}', '', '2023-05-03 05:09:49', 0, 0),
(142, 'PAYPAL', 'f32ef8c8195005d16f191ad5743959d4', '{\"amount\":2.359999999999999875655021241982467472553253173828125,\"org_amt\":\"2\",\"fee\":\"0.36\",\"return_url\":\"https:\\/\\/upwork.scriptlisting.com\\/finance\\/addfund?refer=paymentsuccess\",\"cancel_url\":\"https:\\/\\/upwork.scriptlisting.com\\/finance\\/addfund?refer=paymenterror\",\"notify_url\":\"https:\\/\\/upwork.scriptlisting.com\\/payment\\/paypalnotify\\/addfund\\/16-1683105003\",\"custom\":\"f32ef8c8195005d16f191ad5743959d4\",\"member_id\":\"16\",\"amount_converted\":2.359999999999999875655021241982467472553253173828125}', '', '2023-05-03 05:10:03', 0, 0),
(143, 'PAYPAL', '95f622e4a46c61c4807532d51cb5b0d5', '{\"amount\":10.589999999999999857891452847979962825775146484375,\"org_amt\":\"10\",\"fee\":\"0.59\",\"return_url\":\"https:\\/\\/upwork.scriptlisting.com\\/finance\\/addfund?refer=paymentsuccess\",\"cancel_url\":\"https:\\/\\/upwork.scriptlisting.com\\/finance\\/addfund?refer=paymenterror\",\"notify_url\":\"https:\\/\\/upwork.scriptlisting.com\\/payment\\/paypalnotify\\/addfund\\/15-1686228442\",\"custom\":\"95f622e4a46c61c4807532d51cb5b0d5\",\"member_id\":\"15\",\"amount_converted\":10.589999999999999857891452847979962825775146484375}', '', '2023-06-08 08:47:22', 0, 0),
(144, 'PAYPAL', '3e6bbf7bcfd058d2b3559228a45b6c87', '{\"amount\":20.879999999999999005240169935859739780426025390625,\"org_amt\":\"20\",\"fee\":\"0.88\",\"return_url\":\"https:\\/\\/upwork.scriptlisting.com\\/finance\\/addfund?refer=paymentsuccess\",\"cancel_url\":\"https:\\/\\/upwork.scriptlisting.com\\/finance\\/addfund?refer=paymenterror\",\"notify_url\":\"https:\\/\\/upwork.scriptlisting.com\\/payment\\/paypalnotify\\/addfund\\/15-1686294681\",\"custom\":\"3e6bbf7bcfd058d2b3559228a45b6c87\",\"member_id\":\"15\",\"amount_converted\":20.879999999999999005240169935859739780426025390625}', '', '2023-06-09 03:11:21', 0, 0),
(145, 'PAYPAL', '7c5308650b2e9c4a7921b2e79bc763f7', '{\"amount\":31.1700000000000017053025658242404460906982421875,\"org_amt\":\"30\",\"fee\":\"1.17\",\"return_url\":\"https:\\/\\/upwork.scriptlisting.com\\/finance\\/addfund?refer=paymentsuccess\",\"cancel_url\":\"https:\\/\\/upwork.scriptlisting.com\\/finance\\/addfund?refer=paymenterror\",\"notify_url\":\"https:\\/\\/upwork.scriptlisting.com\\/payment\\/paypalnotify\\/addfund\\/15-1686295169\",\"custom\":\"7c5308650b2e9c4a7921b2e79bc763f7\",\"member_id\":\"15\",\"amount_converted\":31.1700000000000017053025658242404460906982421875}', '', '2023-06-09 03:19:29', 0, 0),
(146, 'PAYPAL', '2375e5d00596e8a0e966ef45c00f5fce', '{\"amount\":12.6500000000000003552713678800500929355621337890625,\"org_amt\":\"12\",\"fee\":\"0.65\",\"return_url\":\"https:\\/\\/upwork.scriptlisting.com\\/finance\\/addfund?refer=paymentsuccess\",\"cancel_url\":\"https:\\/\\/upwork.scriptlisting.com\\/finance\\/addfund?refer=paymenterror\",\"notify_url\":\"https:\\/\\/upwork.scriptlisting.com\\/payment\\/paypalnotify\\/addfund\\/11-1686649188\",\"custom\":\"2375e5d00596e8a0e966ef45c00f5fce\",\"member_id\":\"11\",\"amount_converted\":12.6500000000000003552713678800500929355621337890625}', '', '2023-06-13 05:39:48', 0, 0),
(147, 'STRIPE', '09bfef6895f8cfd6921b44d8697bfe5b', '{\"amount\":12.3599999999999994315658113919198513031005859375,\"org_amt\":\"12\",\"fee\":\"0.36\",\"custom\":\"09bfef6895f8cfd6921b44d8697bfe5b\",\"member_id\":\"11\",\"type\":\"addfund\",\"amount_converted\":12.3599999999999994315658113919198513031005859375}', '', '2023-06-13 05:40:06', 0, 0),
(148, 'PAYPAL', '036119b0328b68b5ca3aeed086757e0f', '{\"amount\":12.6500000000000003552713678800500929355621337890625,\"org_amt\":\"12\",\"fee\":\"0.65\",\"return_url\":\"https:\\/\\/upwork.scriptlisting.com\\/finance\\/addfund?refer=paymentsuccess\",\"cancel_url\":\"https:\\/\\/upwork.scriptlisting.com\\/finance\\/addfund?refer=paymenterror\",\"notify_url\":\"https:\\/\\/upwork.scriptlisting.com\\/payment\\/paypalnotify\\/addfund\\/11-1686649221\",\"custom\":\"036119b0328b68b5ca3aeed086757e0f\",\"member_id\":\"11\",\"amount_converted\":12.6500000000000003552713678800500929355621337890625}', '', '2023-06-13 05:40:21', 0, 0),
(149, 'PAYPAL', '7aa0268e23b388998f958591608ff19e', '{\"amount\":2286.739999999999781721271574497222900390625,\"org_amt\":\"2222\",\"fee\":\"64.74\",\"return_url\":\"https:\\/\\/upwork.scriptlisting.com\\/finance\\/addfund?refer=paymentsuccess\",\"cancel_url\":\"https:\\/\\/upwork.scriptlisting.com\\/finance\\/addfund?refer=paymenterror\",\"notify_url\":\"https:\\/\\/upwork.scriptlisting.com\\/payment\\/paypalnotify\\/addfund\\/11-1686814108\",\"custom\":\"7aa0268e23b388998f958591608ff19e\",\"member_id\":\"11\",\"amount_converted\":2286.739999999999781721271574497222900390625}', '', '2023-06-15 03:28:28', 0, 0);

-- --------------------------------------------------------

--
-- Table structure for table `pref_online_user`
--

CREATE TABLE `pref_online_user` (
  `user_id` int(11) NOT NULL,
  `last_active` datetime NOT NULL
) ENGINE=InnoDB DEFAULT CHARSET=utf8;

--
-- Dumping data for table `pref_online_user`
--

INSERT INTO `pref_online_user` (`user_id`, `last_active`) VALUES
(11, '2023-12-29 15:10:22'),
(15, '2023-12-29 15:10:40');

-- --------------------------------------------------------

--
-- Table structure for table `pref_organization`
--

CREATE TABLE `pref_organization` (
  `organization_id` int(11) NOT NULL,
  `member_id` int(11) NOT NULL,
  `organization_name` varchar(150) NOT NULL,
  `organization_email` varchar(50) NOT NULL,
  `organization_register_date` datetime NOT NULL,
  `organization_info` varchar(255) NOT NULL,
  `organization_website` varchar(150) NOT NULL,
  `organization_heading` varchar(100) NOT NULL,
  `is_payment_verified` tinyint(1) NOT NULL
) ENGINE=InnoDB DEFAULT CHARSET=utf8;

--
-- Dumping data for table `pref_organization`
--

INSERT INTO `pref_organization` (`organization_id`, `member_id`, `organization_name`, `organization_email`, `organization_register_date`, `organization_info`, `organization_website`, `organization_heading`, `is_payment_verified`) VALUES
(1, 9, 'Asharam pakhira', 'asish9735_biz@gmail.com', '2019-12-10 09:51:30', '', '', '', 0),
(2, 10, 'Asharam pakhira', 'asish9735_biz@gmail.com', '2019-12-10 09:52:37', '', '', '', 0),
(3, 11, 'Workwork', 'asish9735_biz@gmail.com', '2019-12-10 09:55:54', 'Web Development Company', 'https://www.workwork.com', 'Andriod developer', 1),
(4, 23, 'dhi', 'girishan0788@gmail.com', '2021-06-29 18:41:10', '', '', '', 0),
(5, 24, 'Sample tick', 'Uhip2021@gmail.com', '2021-06-30 03:57:40', '', '', '', 0),
(6, 25, 'Murthy', 'murthy@gmail.com', '2021-07-27 17:24:47', '', '', '', 0),
(7, 26, 'Neo', 'giri@gmail.com', '2021-08-08 16:26:03', '', '', '', 0),
(8, 30, 'Hensely Baker', 'wakeupandsmellthecoffee13@gmail.com', '2022-02-09 12:13:49', '', '', '', 0),
(9, 32, 'saad', 'sheikhswiminfo@gmail.com', '2022-03-03 09:56:10', '', '', '', 0),
(10, 36, 'WEFSTUDIO', 'top@gmail.com', '2022-04-10 12:49:21', '', '', '', 0),
(11, 37, 'Marsden Richards', 'teke@mailinator.com', '2022-04-18 12:45:56', '', '', '', 0),
(12, 38, 'test', 'gexetel887@aikusy.com', '2022-04-19 08:44:28', '', '', '', 0),
(13, 42, 'hr', '4saudii250@gmail.com', '2022-06-12 13:55:49', 'الإستراتيجية أو علم التخطيط بصفة عامة هي مصطلح عسكري بالأساس وتعني الخطة الحربية، أو هي فن التخطيط للعمليات العسكرية قبل نشوب الحروب، وفي نفس الوقت فن إدارة تلك العمليات عقب نشوب الحروب. وتعكس الإستراتيجية الخطط المحددة مُسبقاً لتحقيق هدف معين على المدى ا', 'http://www.saudi.com', 'وفقا لنص المادة (53/2) من النظام فإنه يحق للمؤسسة و المشترك الاعتراض على القرارات الصادرة من اللجان', 0),
(14, 43, 'SAMI', 'hr.wadfne@gmail.com', '2022-06-15 06:52:03', '', '', '', 0),
(15, 45, 'lina', '4saudii256@gmail.com', '2022-06-23 05:29:36', '', 'http://www.kkkkkkssssaaa.com', '', 0),
(16, 48, 'هادي الدوسري', '4saudii1000@gmail.com', '2022-06-30 06:23:51', '', '', '', 0),
(17, 53, 'الرجل الاصيل', '4saudii262@gmail.com', '2022-07-02 17:57:23', '', '', '', 0),
(18, 58, 'jelly', 'android@dineoutbahrain.com', '2022-07-28 12:18:51', '', '', '', 0),
(19, 61, 'alkharj', '4saudii251@gmail.com', '2022-08-29 05:23:44', '', '', '', 0),
(20, 65, 'Ans', '4saudii271@gmail.com', '2022-09-01 08:57:45', '', '', '', 0),
(21, 69, 'متعب 2', 'mutabbbbb@mutabbb.com', '2022-09-15 08:28:49', '', '', '', 0);

-- --------------------------------------------------------

--
-- Table structure for table `pref_organization_address`
--

CREATE TABLE `pref_organization_address` (
  `organization_address_id` int(11) NOT NULL,
  `organization_id` int(11) NOT NULL,
  `organization_country` varchar(10) DEFAULT NULL,
  `organization_state` varchar(100) DEFAULT NULL,
  `organization_city` varchar(100) DEFAULT NULL,
  `organization_address_1` varchar(255) DEFAULT NULL,
  `organization_address_2` varchar(255) DEFAULT NULL,
  `organization_pincode` varchar(10) DEFAULT NULL,
  `organization_mobile` varchar(20) DEFAULT NULL,
  `organization_mobile_code` varchar(10) DEFAULT NULL,
  `organization_timezone` varchar(20) DEFAULT NULL,
  `organization_vat_number` varchar(50) DEFAULT NULL,
  `display_in_invoice` tinyint(1) NOT NULL
) ENGINE=InnoDB DEFAULT CHARSET=utf8;

--
-- Dumping data for table `pref_organization_address`
--

INSERT INTO `pref_organization_address` (`organization_address_id`, `organization_id`, `organization_country`, `organization_state`, `organization_city`, `organization_address_1`, `organization_address_2`, `organization_pincode`, `organization_mobile`, `organization_mobile_code`, `organization_timezone`, `organization_vat_number`, `display_in_invoice`) VALUES
(1, 2, 'IND', NULL, NULL, NULL, NULL, NULL, NULL, NULL, NULL, NULL, 0),
(2, 3, 'IND', NULL, NULL, 'kol', NULL, '700101', '9126508421', '+91', NULL, '123123', 0),
(3, 4, 'IND', NULL, NULL, NULL, NULL, NULL, NULL, NULL, NULL, NULL, 0),
(4, 5, 'IND', NULL, NULL, NULL, NULL, NULL, NULL, NULL, NULL, NULL, 0),
(5, 6, 'IND', NULL, NULL, NULL, NULL, NULL, NULL, NULL, NULL, NULL, 0),
(6, 7, 'IND', NULL, NULL, NULL, NULL, NULL, NULL, NULL, NULL, NULL, 0),
(7, 8, 'PHL', NULL, NULL, NULL, NULL, NULL, NULL, NULL, NULL, NULL, 0),
(8, 9, 'BGD', NULL, NULL, NULL, NULL, NULL, NULL, NULL, NULL, NULL, 0),
(9, 10, 'FRA', NULL, NULL, NULL, NULL, NULL, NULL, NULL, NULL, NULL, 0),
(10, 11, 'PAK', NULL, NULL, NULL, NULL, NULL, NULL, NULL, NULL, NULL, 0),
(11, 12, 'PAK', NULL, NULL, NULL, NULL, NULL, NULL, NULL, NULL, NULL, 0),
(12, 13, 'SAU', NULL, NULL, NULL, NULL, NULL, NULL, NULL, NULL, NULL, 0),
(13, 14, 'SAU', NULL, NULL, NULL, NULL, NULL, NULL, NULL, NULL, NULL, 0),
(14, 15, 'SAU', NULL, NULL, NULL, NULL, NULL, NULL, NULL, NULL, NULL, 0),
(15, 16, 'SAU', NULL, NULL, NULL, NULL, NULL, NULL, NULL, NULL, NULL, 0),
(16, 17, 'SAU', NULL, NULL, NULL, NULL, NULL, NULL, NULL, NULL, NULL, 0),
(17, 18, 'ALB', NULL, NULL, NULL, NULL, NULL, NULL, NULL, NULL, NULL, 0),
(18, 19, 'DZA', NULL, NULL, NULL, NULL, NULL, NULL, NULL, NULL, NULL, 0),
(19, 20, 'SAU', NULL, NULL, NULL, NULL, NULL, NULL, NULL, NULL, NULL, 0),
(20, 21, 'DZA', NULL, NULL, NULL, NULL, NULL, NULL, NULL, NULL, NULL, 0);

-- --------------------------------------------------------

--
-- Table structure for table `pref_organization_logo`
--

CREATE TABLE `pref_organization_logo` (
  `organization_logo_id` int(11) NOT NULL,
  `organization_id` int(11) DEFAULT NULL,
  `logo` varchar(100) NOT NULL,
  `status` tinyint(1) NOT NULL,
  `reg_date` datetime NOT NULL
) ENGINE=InnoDB DEFAULT CHARSET=utf8;

--
-- Dumping data for table `pref_organization_logo`
--

INSERT INTO `pref_organization_logo` (`organization_logo_id`, `organization_id`, `logo`, `status`, `reg_date`) VALUES
(1, 3, 'eccbc87e4b5ce2fe28308fd9f2a7baf3-20210729170518_thumb.png', 1, '2021-07-29 17:05:18'),
(2, 4, 'a87ff679a2f3e71d9181a67b7542122c-20210629184840_thumb.png', 1, '2021-06-29 18:48:40'),
(3, 5, 'e4da3b7fbbce2345d7772b0674a318d5-20210630035851_thumb.png', 1, '2021-06-30 03:58:51'),
(4, 13, 'c51ce410c124a10e0db5e4b97fc2af39-20220624095335_thumb.png', 1, '2022-06-24 09:53:35');

-- --------------------------------------------------------

--
-- Table structure for table `pref_profile_verify_token`
--

CREATE TABLE `pref_profile_verify_token` (
  `access_user_id` int(11) NOT NULL,
  `member_id` int(11) DEFAULT NULL,
  `token_value` varchar(50) NOT NULL,
  `sent_date` datetime NOT NULL,
  `access_ip` varchar(100) NOT NULL,
  `token_type` varchar(50) NOT NULL
) ENGINE=InnoDB DEFAULT CHARSET=utf8;

--
-- Dumping data for table `pref_profile_verify_token`
--

INSERT INTO `pref_profile_verify_token` (`access_user_id`, `member_id`, `token_value`, `sent_date`, `access_ip`, `token_type`) VALUES
(15, 15, '746f3237317ab979b6173764ffb265c2', '2019-12-26 14:13:44', '::1', 'REGISTER'),
(1, 1, 'cc7e943e9dcc6c470b73355b7d86593a', '2019-12-26 14:49:03', '::1', 'REGISTER'),
(16, 16, 'fcf572a8a8e132b71fc6d52f4369e6b9', '2021-02-19 08:51:57', '122.163.106.219', 'FORGOT'),
(0, 17, '9fda08f3abe774c9d88e3d3279c7939e', '2021-03-26 08:43:54', '110.227.98.227', 'REGISTER'),
(0, 18, 'aafb092dad60cd333c1433f884d1fc7d', '2021-03-28 13:43:17', '24.241.71.129', 'REGISTER'),
(0, 20, 'c106f2a477812d4c5bf9170444112bd1', '2021-06-10 17:27:13', '49.145.117.2', 'REGISTER'),
(20, 20, 'd88588ce87e7246b421788e462b2b86f', '2021-06-10 17:28:05', '49.145.117.2', 'REGISTER'),
(0, 21, '4e6f9b5a420cdd6809d4c63aec0c24d2', '2021-06-10 17:34:54', '49.145.117.2', 'REGISTER'),
(0, 22, '378aee918c476b1c350a0c0a6119339c', '2021-06-29 16:33:40', '27.5.129.0', 'REGISTER'),
(0, 23, '2337fabde1aa4206c5ae33cbcd9ddf51', '2021-06-29 18:41:10', '27.5.129.0', 'REGISTER'),
(0, 24, '95b1847a863af33471d6f1fef65f01cc', '2021-06-30 03:57:40', '223.228.167.134', 'REGISTER'),
(0, 25, 'dc1a9cc59db4c96d617447f30ed94b25', '2021-07-27 17:24:47', '27.5.225.201', 'REGISTER'),
(25, 25, 'e701af1efba56a79d06f0c4dc92369eb', '2021-07-27 17:26:10', '27.5.225.201', 'REGISTER'),
(0, 26, 'cb20235cd6d8762382aa0ad752288cd4', '2021-08-08 16:26:03', '27.5.220.200', 'REGISTER'),
(0, 27, '755b98153db78e039aad5dbf2c2e04e4', '2021-09-12 21:02:06', '68.231.117.35', 'REGISTER'),
(0, 28, '299fa6c73699484b05843b47bcb0c0bd', '2021-12-30 16:45:27', '122.161.65.236', 'REGISTER'),
(1, 1, '178067aec9af9fac4615e48667cdf695', '2022-01-17 06:38:49', '202.142.99.253', 'FORGOT'),
(0, 29, 'd17c332927011d34afe39296e15a2178', '2022-01-27 19:04:17', '197.156.107.165', 'REGISTER'),
(0, 30, '3f1da7528f2fa3474eda196fcd364d3d', '2022-02-09 12:13:49', '112.198.103.189', 'REGISTER'),
(0, 31, '2de5caa3f1bda5d6681cc4756289fe0a', '2022-02-09 14:44:00', '112.198.103.189', 'REGISTER'),
(0, 34, '3cb1802b69f7e322fe468093304d2fbe', '2022-03-26 11:09:21', '110.54.174.97', 'REGISTER'),
(0, 35, '4d731424c5794908b04c16cc9685e1bb', '2022-04-04 18:06:51', '49.148.143.51', 'REGISTER'),
(0, 36, '8797f54967304b5ee0b00bcd75bafd38', '2022-04-10 12:49:21', '176.159.155.160', 'REGISTER'),
(0, 37, 'c153be9b4486cfca909c59e2524cb5a8', '2022-04-18 12:45:56', '37.111.140.52', 'REGISTER'),
(0, 38, '0293d9c4577fef5e547e354f3f09d209', '2022-04-19 08:44:28', '37.111.129.174', 'REGISTER'),
(0, 39, '7ae72d1ad03d100bdde6f530535073fe', '2022-05-03 00:58:20', '46.38.81.31', 'REGISTER'),
(39, 39, 'e4d29f71a78d0b254d0b2a1841699a55', '2022-05-03 00:59:43', '46.38.81.31', 'REGISTER'),
(0, 40, '31699a5bf4eeb4461e6b4a0505fde28a', '2022-05-26 10:31:59', '122.161.89.151', 'REGISTER'),
(0, 44, '40499aa7a2e3d0f4ba8d999b08a20f4d', '2022-06-15 07:10:13', '37.43.29.103', 'REGISTER'),
(0, 48, '9fd54b36de011552dea9e4e6c4ed49c2', '2022-06-30 06:23:51', '37.121.31.41', 'REGISTER'),
(0, 49, '91b33ff9ef5c0c3b55a383ab9adc3338', '2022-06-30 06:26:52', '37.121.31.41', 'REGISTER'),
(49, 49, 'a5d12dfe5d85895fbb3c8a412343be0c', '2022-06-30 06:27:12', '37.121.31.41', 'REGISTER'),
(0, 50, 'd97ae5cb802a55d949a4241729908c24', '2022-07-01 20:12:37', '37.121.31.41', 'REGISTER'),
(50, 50, '9d38f6353a10f26112250666a4adfa39', '2022-07-01 20:12:58', '37.121.31.41', 'REGISTER'),
(0, 54, '5d19bade2a29c090973af08af880573a', '2022-07-10 10:33:03', '109.83.200.101', 'REGISTER'),
(0, 55, '3284dda443fd3b955e522b1d6e0a6b68', '2022-07-13 19:41:00', '51.36.21.54', 'REGISTER'),
(0, 56, '4177880733a9be40b17c6115a347fb61', '2022-07-25 09:12:32', '223.189.176.44', 'REGISTER'),
(0, 58, '8f3f6739ae0ce2575aa6520a2806dccb', '2022-07-28 12:18:51', '88.201.58.173', 'REGISTER'),
(0, 59, 'ca9e5f03e13b20834d57d0d613855286', '2022-08-23 13:59:59', '223.236.229.163', 'REGISTER'),
(0, 60, '0b90bf75e9f5baf11fede1c7c7e4d208', '2022-08-24 00:30:21', '106.206.175.202', 'REGISTER'),
(0, 61, '1bd869dd1017c1b72d07526f638ae9a2', '2022-08-29 05:23:44', '51.36.13.31', 'REGISTER'),
(0, 62, '43ba1e58107fb055d0f7005c1d6605db', '2022-08-29 05:47:36', '51.36.13.31', 'REGISTER'),
(62, 62, '581230d8108b7b5af087e24098d333f5', '2022-08-29 05:52:07', '51.36.13.31', 'REGISTER'),
(0, 63, 'f8d120c2fce5791e1a289b49e513110c', '2022-08-29 05:53:55', '51.36.13.31', 'REGISTER'),
(63, 63, '0f61e685e4cef4e2a9459d3b7ad78695', '2022-08-29 05:55:04', '51.36.13.31', 'REGISTER'),
(0, 64, '347de30dd0430a6265ac505396995dd1', '2022-09-01 08:55:46', '51.39.22.161', 'REGISTER'),
(0, 65, '8716050da53028ac98d94bfab9f5f101', '2022-09-01 08:57:45', '51.39.22.161', 'REGISTER'),
(0, 66, 'ca60ae21fd1da1cb88970143a488a5bc', '2022-09-06 18:41:39', '122.177.169.72', 'REGISTER'),
(0, 67, '2bfd036b4b246b8d3f4bad4929908a35', '2022-09-11 12:14:26', '95.187.203.105', 'REGISTER'),
(0, 68, '3d6c0ee226f7814371bdc0b8dd0ed8eb', '2022-09-15 08:16:25', '51.39.26.21', 'REGISTER'),
(0, 69, '725ed6d70788dd2647f14939c8038b65', '2022-09-15 08:28:49', '51.39.26.21', 'REGISTER'),
(0, 70, 'fc86709675385eaf4f32cede8b19dffc', '2022-10-18 13:22:49', '161.81.253.101', 'REGISTER'),
(70, 70, 'f8a92c13cdf744d85f9141114b12a1f9', '2022-10-18 13:23:27', '161.81.253.101', 'REGISTER'),
(0, 71, '7aa7d133537cd44213ff3904ce65a1b4', '2022-10-18 13:24:16', '161.81.253.101', 'REGISTER'),
(71, 71, '6d0d8e84629b174b4b3940bddf3dcaad', '2022-10-18 13:24:20', '161.81.253.101', 'REGISTER'),
(0, 72, '65d277946468ca81187cade78cfcb563', '2022-10-31 06:51:11', '98.184.229.177', 'REGISTER');

-- --------------------------------------------------------

--
-- Table structure for table `pref_project`
--

CREATE TABLE `pref_project` (
  `project_id` int(11) NOT NULL,
  `project_url` varchar(250) NOT NULL,
  `project_title` varchar(150) DEFAULT NULL,
  `project_short_info` varchar(250) DEFAULT NULL,
  `project_member_required` tinyint(5) NOT NULL,
  `project_posted_date` datetime DEFAULT NULL,
  `project_expired_date` datetime DEFAULT NULL,
  `project_status` tinyint(2) NOT NULL,
  `project_edit_id` int(11) DEFAULT NULL
) ENGINE=InnoDB DEFAULT CHARSET=utf8;

--
-- Dumping data for table `pref_project`
--

INSERT INTO `pref_project` (`project_id`, `project_url`, `project_title`, `project_short_info`, `project_member_required`, `project_posted_date`, `project_expired_date`, `project_status`, `project_edit_id`) VALUES
(1, 'name-of-your-project-1', 'Food Delivery Mobile Application', 'Food Delivery Mobile Application Food Delivery Mobile Application Food Delivery Mobile Application', 1, '2018-11-23 19:07:57', '2018-12-23 19:07:57', 2, NULL),
(2, 'name-of-your-project-2', 'Design a Landing Page', 'test', 1, '2018-11-23 19:14:50', '2018-12-23 19:14:50', 2, NULL),
(3, 'name-of-your-project-3', 'test project question', 'In publishing and graphic design, lorem ipsum is a placeholder text used to demonstrate the visual form of a document without relying on meaningful content. Replacing the actual content with placeholder text allows designers to design the form of the', 1, '2018-11-28 09:58:30', '2018-12-28 09:58:30', 2, NULL),
(4, 'name-of-your-project-4', 'Name of your project', 'Description about project', 5, '2019-12-11 14:55:32', '2020-01-11 14:55:32', 0, NULL),
(5, 'name-of-your-project-5', 'Name of your project', 'Description about project', 5, '2019-12-11 14:58:03', '2020-01-11 14:58:03', 2, NULL),
(6, 'name-of-your-project-6', 'Name of your project', 'Description about project', 5, '2019-12-11 14:58:51', '2020-01-11 14:58:51', 2, NULL),
(7, 'testing-project', 'Testing Project', 'This a testing job', 1, '2021-01-15 08:23:57', '2021-02-15 08:23:57', 2, NULL),
(8, 'test', 'test', 'Test', 1, '2021-01-19 11:09:28', '2021-02-19 11:09:28', 2, NULL),
(9, 'cryptocurrency-expert-needed-for-freelancer-marketplace', 'Cryptocurrency Expert Needed For Freelancer Marketplace', 'Hi,\r\nam building an online marketplace that connects employers and remote staff that work from home. Very similar to Upwork. The idea is by using bloc', 3, '2021-02-19 09:00:03', '2021-03-19 09:00:03', 2, NULL),
(10, 'need-an-elementor-freelance-for-theme-creation-from-a-mockup', 'Need an Elementor Freelance for Theme Creation from a Mockup', 'We are looking for a web UX/UI designer who can take Illustrator file mockups for a website and turn theme into a Wordpress theme that is made in and ', 3, '2021-02-19 09:31:08', '2021-03-19 09:31:08', 2, NULL),
(11, 'ios-development', 'ios development', 'looking for a ios developer to create a nice app for my company', 1, '2021-03-11 18:56:50', '2021-04-11 18:56:50', 2, NULL),
(12, 'android-develop', 'android develop', 'android development for testing', 1, '2021-03-14 21:21:34', '2021-04-14 21:21:34', 2, NULL),
(13, 'create-a-website-with-recomendations-systemai-on-django', 'Create a website with recomendations system&#40;AI&#41; on django', 'The main goal of our project is to automatize book exchange process. The project must have User registration, posting ads (like in olx), ai-based reco', 5, '2021-03-25 13:57:34', '2021-04-25 13:57:34', 2, NULL),
(14, 'web-development-site', 'web development site', 'testing things', 1, '2021-03-26 03:03:01', '2021-04-26 03:03:01', 2, NULL),
(15, 'web-development-site-1', 'web development site', 'website clone needed', 1, '2021-03-27 12:30:20', '2021-04-27 12:30:20', 2, NULL),
(16, 'technical-support', 'Technical Support', 'This is a desription', 1, '2021-03-29 08:03:00', '2021-04-29 08:03:00', 2, NULL),
(17, 'website-creation_raja', 'Website creation_Raja', 'This is a demo', 1, '2021-03-29 08:12:08', '2021-04-29 08:12:08', 2, NULL),
(18, 'web-designer-with-a-skill-set-geared-towrds-bespoke-designs', 'Web designer with a skill set geared towrds bespoke designs', 'I am looking for a web designer with a skill set that is off the ‘road travelled’ by.\r\n\r\nWe want a bespoke design for a responsive WebApp that wil', 5, '2021-04-06 12:10:42', '2021-05-06 12:10:42', 2, NULL),
(19, 'create-static-samples-of-pdf-and-email-layouts', 'Create Static Samples of PDF and EMail Layouts', 'Do not contact me any other way apart from on Upwork.\r\n\r\nI am looking for a PHP wizz to help me create a custom social media website.\r\n\r\nI am going to', 1, '2021-04-06 12:15:18', '2021-05-06 12:15:18', 2, NULL),
(20, 'need-some-one-to-integrate-a-telegram-chat-bot-with-the-wordpress-website', 'Need some one to integrate a telegram chat bot with the WordPress website', 'My client has a food delivery website, need to integrate WooCommerce with telegram bot\r\n\r\nWhen a order is placed from a restaurant by customer ,the or', 1, '2021-04-09 06:42:13', '2021-05-09 06:42:13', 2, NULL),
(21, 'php-developer-for-mvcl', 'PHP Developer for MVCL', 'Hello I required a skilled PHP developer to help with my ecommerce website, mobile app APIs, and other projects.\r\n\r\nThe ecommerce site is my immediate', 5, '2021-05-27 07:36:47', '2021-06-27 07:36:47', 2, NULL),
(22, 'customer-service-agent', 'Customer Service Agent', 'We are looking for a hardworking Customer Service Specialist. This is a full-time, entry-level position with great potential for advancement to the ri', 1, '2021-06-10 15:31:20', '2021-07-10 15:31:20', 2, NULL),
(23, 'convert-byte-array-to-string-and-back-in-java', 'Convert Byte Array to String and Back in Java', 'I have a Java routine to take a byte array convert to string. I want to convert it back. I also think there is a better way to do what I am doing.\r\n\r\n', 3, '2021-06-11 13:39:52', '2021-07-11 13:39:52', 2, NULL),
(24, 'testing', 'TESTING', 'TESTING RN', 1, '2021-06-15 15:17:28', '2021-07-15 15:17:28', 2, NULL),
(25, 'andriod-developer', 'Andriod Developer', 'I am looking for a job site', 1, '2021-06-29 16:59:02', '2021-07-29 16:59:02', 2, NULL),
(26, 'chat-app-development', 'Chat app development', 'I would like to create linkedin chat applications', 1, '2021-06-29 18:51:28', '2021-07-29 18:51:28', 2, NULL),
(27, 'i-need-webdesigner-01', 'I need webdesigner - 01', 'dfdsfdsfdf', 1, '2021-07-07 16:54:02', '2021-08-07 16:54:02', 2, NULL),
(28, 'chat-application', 'Chat Application', 'User to user chat\r\nfile sharing options', 1, '2021-07-27 17:30:28', '2021-08-27 17:30:28', 2, NULL),
(29, 'pos-development', 'POS development', 'POS development for restaurant. To be hosted in Amazon Cloud.', 1, '2021-07-28 11:20:49', '2021-08-28 11:20:49', 2, NULL),
(30, '666', '666', '8888', 1, '2021-11-12 22:12:48', '2021-12-12 22:12:48', 2, NULL),
(31, 'woocommerce-expert-required-for-payment-system-modification', 'Woocommerce expert required for payment system modification', 'Hi, Please check the description and attached audio recording carefully..\r\n\r\nI need a Hindi speaking woocommerce and payment gateway expert developer ', 5, '2021-12-07 15:15:18', '2022-01-07 15:15:18', 2, NULL),
(32, 'sda', 'sda', 'asd', 1, '2021-12-09 10:01:44', '2022-01-09 10:01:44', 2, NULL),
(33, 'test-1', 'test', 'hello', 20, '2021-12-30 16:13:32', '2022-01-30 16:13:32', 2, NULL),
(34, 'test-2', 'test', 'testata', 35, '2022-01-12 21:27:11', '2022-02-12 21:27:11', 2, NULL),
(35, 'project-x', 'Project X', 'Yo', 2, '2022-01-31 12:03:38', '2022-03-03 12:03:38', 2, NULL),
(36, 'blog-post-mini-storage', 'Blog Post Mini Storage', 'I have a mini storage company, and I need weekly blogs', 1, '2022-02-09 04:51:10', '2022-03-09 04:51:10', 2, NULL),
(37, 'content-writer-food-category', 'Content writer - food category', '\"Lorem ipsum dolor sit amet, consectetur adipiscing elit, sed do eiusmod tempor incididunt ut labore et dolore magna aliqua. Ut enim ad minim veniam, ', 1, '2022-02-09 05:32:17', '2022-03-09 05:32:17', 2, NULL),
(38, 'project-abc', 'Project ABC', 'qwertyuiop', 1, '2022-02-10 00:55:49', '2022-03-10 00:55:49', 2, NULL),
(39, 'fashion-blog-content-writing', 'Fashion Blog Content Writing', 'nteger ultrices eu nibh sit amet ullamcorper. Nunc porta eros ut lacus viverra ullamcorper. Morbi gravida nulla ut aliquet ultricies. Curabitur urna j', 1, '2022-02-12 02:16:38', '2022-03-12 02:16:38', 2, NULL),
(40, 'food-blog-website-management', 'Food Blog Website Management', 'Lorem ipsum dolor sit amet, consectetur adipiscing elit. Curabitur fermentum et mi vitae posuere. Pellentesque in magna vitae nisi semper ullamcorper ', 1, '2022-02-15 06:25:00', '2022-03-15 06:25:00', 2, NULL),
(41, 'project-a', 'Project A', 'Lorem ipsum dolor sit amet, consectetur adipiscing elit. Integer posuere ac velit sit amet porttitor. Ut cursus justo vitae porta posuere. Maecenas sc', 1, '2022-02-15 00:54:01', '2022-03-15 00:54:01', 2, NULL),
(42, 'what-is-fuck', 'What is fuck?', 'What the fuck is trash', 1, '2022-02-24 06:14:00', '2022-03-24 06:14:00', 2, NULL),
(43, 'tetsing-by-z', 'Tetsing by Z', 'test description by z', 4, '2022-02-25 09:28:01', '2022-03-25 09:28:01', 2, NULL),
(44, 'testing-by-abc', 'testing by abc', 'car site editing', 5, '2022-03-23 13:26:09', '2022-04-23 13:26:09', 2, NULL),
(45, 'neew-wordpress-deveploper', 'neew wordpress deveploper', 'neew wordpress developer', 10, '2022-03-03 10:05:03', '2022-04-03 10:05:03', 2, NULL),
(46, 'laravel-dvlpr', 'laravel dvlpr', 'I need', 5, '2022-03-03 10:35:34', '2022-04-03 10:35:34', 2, NULL),
(47, 'project-1', 'Project 1', 'dfagdafbeafhsrjtydjyjfukruil', 1, '2022-03-11 06:35:32', '2022-04-11 06:35:32', 2, NULL),
(48, 'test-backend-rpject', 'Test Backend {rpject', 'Test description.', 3, '2022-03-15 18:55:11', '2022-04-15 18:55:11', 2, NULL),
(49, 'need-new-printer', 'Need new printer', 'Kshdnndndn', 1, '2022-03-23 12:23:06', '2022-04-23 12:23:06', 2, NULL),
(50, 'blog-writer-in-need', 'Blog Writer In Need', 'Hi. I am in need of a blog writer to write for my website.', 1, '2022-03-24 01:25:45', '2022-04-24 01:25:45', 2, NULL),
(51, 'project-blog-advertising', 'PROJECT BLOG ADVERTISING', 'This is the project description', 1, '2022-03-25 06:10:37', '2022-04-25 06:10:37', 2, NULL),
(52, 'project-example', 'Project Example', 'This is the description.', 1, '2022-03-28 13:22:02', '2022-04-28 13:22:02', 2, NULL),
(53, 'test-design', 'Test design', 'Test design', 5, '2022-04-06 04:35:44', '2022-05-06 04:35:44', 2, NULL),
(54, 'test-2-1', 'test 2', 'dfgdfg', 5, '2022-04-11 01:53:37', '2022-05-11 01:53:37', 2, NULL),
(55, 'erfbrgtbh', 'ERFBRGTBH', 'RFVERVRGVHNgb gb', 6, '2022-04-12 09:28:16', '2022-05-12 09:28:16', 2, NULL),
(56, 'widget-platform', 'Widget Platform', 'Lorem ipsum try', 1, '2022-05-07 23:12:23', '2022-06-07 23:12:23', 2, NULL),
(57, 'testing-ab', 'Testing AB', 'Descriptiom Lorem ipsum dolor sit amet consectetur adipiscing elit vel libero condimentum malesuada senectus, congue dictum mi sociis id torquent susp', 4, '2022-05-11 02:47:47', '2022-06-11 02:47:47', 2, NULL),
(58, 'software-developer', 'Software Developer', 'dferdgtfr', 1, '2022-05-26 07:07:43', '2022-06-26 07:07:43', 2, NULL),
(59, 'nknlkndvv', 'nknlkndvv', ',m mvdmv md v,m', 2, '2022-06-08 09:46:28', '2022-07-08 09:46:28', 2, NULL),
(60, 'test-3', 'test', 'Lorem Ipsum is simply dummy text of the printing and typesetting industry. Lorem Ipsum has been the industry\'s standard dummy text ever since the 1500', 1, '2022-06-09 18:40:27', '2022-07-09 18:40:27', 2, NULL),
(61, 'test-title', 'Test title', 'This is just for description', 1, '2022-06-11 09:12:43', '2022-07-11 09:12:43', 2, NULL),
(62, 'hadi-project', 'HADI PROJECT', 'HUMAN RESOURCE WE SITE PROJECT', 1, '2022-06-14 05:24:31', '2022-07-14 05:24:31', 2, NULL),
(63, 'مشروع-تجربة-العميل-من-لينا-واخواتها', 'lina with family', 'تحاول معظم الشركات وضع خطط بعيدة المدى لأعمالها، لكن في أغلب الأحيان لا تصل لهذه ا', 3, '2022-06-24 10:25:03', '2022-07-24 10:25:03', 2, NULL),
(64, 'hadi-2-project-4saudii', 'hadi 2 project 4saudii', 'mobile [*****]8222 project 4saudiihadi 1 project 4saudiihadi 1 project 4saudiihadi 1 project 4saudiihadi 1 project 4saudiihadi 1 project 4saudiihadi 1', 1, '2022-06-27 05:33:49', '2022-07-27 05:33:49', 2, NULL),
(65, 'test-project', 'Test Project', 'Test', 10, '2022-06-28 07:41:13', '2022-07-28 07:41:13', 2, NULL),
(66, 'شعار-نادي-الهلال', 'شعار نادي الهلال', 'خطوة الدخول للوحة التحكم وهي الخطوة التي تلي الخطوة رقم', 5, '2022-07-09 09:39:44', '2022-08-09 09:39:44', 2, NULL),
(67, 'azoz', 'Azoz', 'صممت مكتبة نوليدج سيتي للتدريب الإلكتروني بهدف النهوض ببرامج تطوير مهارات الموظف', 1, '2022-07-15 19:35:30', '2022-08-15 19:35:30', 2, NULL),
(68, 'werwer', 'werwer', 'wswd', 1, '2023-02-02 12:13:26', '2023-03-02 12:13:26', 2, NULL),
(69, 'filtersort-firebase-realtime-database', 'Filter/Sort Firebase Realtime Database', 'It is a simple project. There is a list of users being fetched from realtime database of firebase with a few details attached along with the users. I ', 1, '2022-07-17 03:06:43', '2022-08-17 03:06:43', 2, NULL),
(70, 'هوية-تجارية', 'هوية تجارية', 'علامة تجارية تكون باطار احترافيتتنوع الفرص الوظيفية المتاحة في هذا القطاع باختلا', 1, '2022-07-19 06:12:52', '2022-08-19 06:12:52', 2, NULL),
(71, 'php-developer', 'PHP DEVELOPER', 'Need a php developer for 3.0 website', 1, '2022-07-24 19:35:03', '2022-08-24 19:35:03', 2, NULL),
(72, 'test-4', 'Test', 'test', 2, '2022-08-05 03:25:07', '2022-09-05 03:25:07', 2, NULL),
(73, 'mmmm', 'MMMM', 'sss', 1, '2022-08-06 06:35:15', '2022-09-06 06:35:15', 2, NULL),
(74, 'test-5', 'test', 'knknklnlk,n', 1, '2022-08-08 11:58:08', '2022-09-08 11:58:08', 2, NULL),
(75, 'logo-design', 'Logo design', 'Logo design', 2, '2022-08-14 06:12:15', '2022-09-14 06:12:15', 2, NULL),
(76, 'data-entry-operator', 'Data entry operator', 'Wordpress developer for our company for long term.', 1, '2022-08-26 00:57:25', '2022-09-26 00:57:25', 2, NULL),
(77, '360', '360', 'المَعرِفَة هي الإدراك والوعي وفهم الحقائق عن طريق العقل المجرد أو بطريقة اكتساب ا', 6, '2022-08-29 05:37:39', '2022-09-29 05:37:39', 2, NULL),
(78, '355', '355', 'المَعرِفَة هي الإدراك والوعي وفهم الحقائق عن طريق العقل المجرد أو بطريقة اكتساب ا', 1, '2022-08-29 05:45:20', '2022-09-29 05:45:20', 2, NULL),
(79, 'dfd', 'dfd', 'we', 1, '2022-09-04 19:12:45', '2022-10-04 19:12:45', 2, NULL),
(80, 'this-job', 'this job', 'a lot oa', 3, '2022-10-08 08:25:14', '2022-11-08 08:25:14', 2, NULL),
(81, 'build-a-website', 'Build a website', 'It\'s a good job', 10, '2022-10-18 12:50:50', '2022-11-18 12:50:50', 2, NULL),
(82, 'create-app', 'Create app', 'Build an app both android and ios', 1, '2023-02-02 12:11:45', '2023-03-02 12:11:45', 2, NULL),
(83, 'website-deveopment', 'website deveopment', 'Before we discuss what comprises a project description, it\'s essential to understand what we\'re trying to describe in the first place...', 1, '2023-02-03 06:05:00', '2023-03-03 06:05:00', 2, NULL),
(84, 'online-ecart', 'online Ecart', 'A project description is a high-level overview of why you\'re doing a project. The document explains a project\'s objectives and its essential qualities', 1, '2023-02-03 12:04:40', '2023-03-03 12:04:40', 2, NULL),
(85, 'i-am-looking-for-develop-a-professional-marketplace', 'I am looking for develop a professional marketplace', 'Lorem Ipsum is simply dummy text of the printing and typesetting industry. Lorem Ipsum has been the industry\'s standard dummy text ever since the 1500', 1, '2023-02-11 15:51:06', '2023-03-11 15:51:06', 2, NULL),
(86, 'need-php-developer', 'Need PHP developer', 'Hello! I\'m looking for a talented PHP developer with experience in Mail Server/SMTP to join me in a project. The candidate should be familiar with bui', 1, '2023-03-17 11:27:54', '2023-04-17 11:27:54', 2, NULL),
(87, 'expert-android-developer', 'Expert Android Developer', 'I need to finish a 90% done Android Project with SIP Telephony. The past developer abandoned the project.', 2, '2023-03-17 11:51:26', '2023-04-17 11:51:26', 2, NULL),
(88, 'wordpress-developer', 'wordpress developer', 'i need a wordpress developer to work on some of my projects\r\n\r\nwho know custom plugin and custom theme development.', 1, '2023-03-17 12:09:59', '2023-04-17 12:09:59', 2, NULL),
(89, 'core-php-developer-required', 'core php developer required', 'I need to integrate chat features in website\r\n\r\nwe are using core php in technology', 1, '2023-03-17 12:22:21', '2023-04-17 12:22:21', 2, NULL),
(90, 'shopify-developers-needed', 'Shopify developers needed', 'I am looking to hire Shopify developers for a Full-Time contractual job for 3-6 months.', 1, '2023-03-17 12:26:18', '2023-04-17 12:26:18', 2, NULL),
(91, 'react-native-developer', 'React Native Developer', 'Build pixel-perfect, buttery smooth UIs across both mobile platforms\r\n\r\nLeverage native APIs for deep integrations across both platforms\r\n\r\nDiagnose a', 1, '2023-03-17 12:41:06', '2023-04-17 12:41:06', 2, NULL),
(92, 'developer-wordpress', 'Developer WordPress', 'I need a developer to work on the existing WordPress websites which is already developed. Website is working but I need a couple of updates.', 1, '2023-03-17 13:14:10', '2023-04-17 13:14:10', 2, NULL),
(93, 'need-to-fix-a-jquery-migrate-issue', 'need to fix a jquery migrate issue', 'Right now, you are using a plugin to support some old code in this website’s jQuery JavaScript library. That code is deprecated, meaning it is basic', 1, '2023-03-17 13:20:06', '2023-04-17 13:20:06', 2, NULL),
(94, 'looking-for-a-logo-creating', 'Looking for a logo creating', 'I will provide the image and please create it as logo and favicon.', 1, '2023-03-17 13:30:58', '2023-04-17 13:30:58', 2, NULL),
(95, 'graphic-design-for-real-estate-project', 'Graphic design for real estate project', 'Graphic design for real estate project, creatives are required for ad campaigns, creatives should be based on a theme and should tell a story.', 1, '2023-03-17 13:49:37', '2023-04-17 13:49:37', 2, NULL),
(96, 'ab-test', 'AB Test', 'Lorem ipsum dolor sit amet consectetur adipiscing elit, vulputate eget lacinia egestas leo platea curabitur malesuada, semper volutpat iaculis arcu nu', 5, '2023-05-03 13:03:17', '2023-06-03 13:03:17', 2, NULL),
(97, 'logo-design-1', 'Logo design', 'fgsefgsdfg dsfg sdf gsdfg', 5, '2023-05-04 02:17:25', '2023-06-04 02:17:25', 2, NULL),
(98, 'campaign', 'Campaign', 'Campaign conubia odio molestie in quisque integer semper, consequat platea nunc mauris nisi cursus fusce, leo dignissim erat litora orci. Vestibulum v', 5, '2023-05-09 13:03:28', '2023-06-09 13:03:28', 2, NULL),
(99, 'may-catalogue', 'May Catalogue', 'Lorem ipsum dolor sit amet consectetur adipiscing elit tempus libero, volutpat erat tristique imperdiet sollicitudin aenean eget penatibus, nam porta ', 5, '2023-05-17 07:12:09', '2023-06-17 07:12:09', 2, NULL),
(100, 'paypal-interface', 'Paypal interface', 'Set up payment and download interface for digital products.', 1, '2023-06-13 07:03:42', '2023-07-13 07:03:42', 2, NULL),
(101, 'magento-developer-for-regular-tasks', 'Magento developer for regular tasks', 'i am looking for experienced Magento developer who can help us for regular tasks, bug fixes and new development.\r\n\r\nwe do have our technical team in c', 2, '2023-06-13 07:10:15', '2023-07-13 07:10:15', 2, NULL),
(102, 'html-css', 'HTML & CSS', 'I am in need of a website that serves an informational purpose. I am open to suggestions for the design and layout of the site. I am not sure if I nee', 1, '2023-06-13 07:22:32', '2023-07-13 07:22:32', 4, NULL),
(103, 'linux-and-cpanel-expert-required', 'Linux and Cpanel Expert Required', 'I am looking for an expert Linux and Cpanel freelancer to help me with server setup and configuration for best performance and maximum concurrent user', 1, '2023-06-13 07:25:12', '2023-07-13 07:25:12', 2, NULL),
(104, 'plugin-development-specialist', 'Plugin Development Specialist', 'We are seeking a talented and innovative Plugin Development Specialist to join our team. As a Plugin Development Specialist, you will be responsible f', 1, '2023-06-13 07:31:52', '2023-07-13 07:31:52', 2, NULL),
(105, 'refresh-and-logo-animation', 'Refresh and logo animation', 'I am looking for a skilled designer to refresh my current logo and create a minimalistic animation that aligns with my specific color and theme prefer', 1, '2023-06-14 06:13:45', '2023-07-14 06:13:45', 2, NULL),
(106, 'java-errors-in-andriod-studio-of-my-application', 'java errors in andriod studio of my application', 'I am looking for an experienced Java expert to help me identify and resolve a series of errors in my Android Studio application. Specifically, I am ge', 1, '2023-06-14 06:31:15', '2023-07-14 06:31:15', 2, NULL),
(107, 'android-app-changes', 'Android app changes', 'I am looking for an experienced Android app developer to make some changes to my food delivery app. The changes required include UI design, functional', 1, '2023-06-14 06:36:00', '2023-07-14 06:36:00', 2, NULL),
(108, 'looking-for-a-ux-designer', 'Looking for a UX designer', 'I am seeking a UX designer to improve the user experience of my website. The main goal of the project is to improve user experience. The platform is w', 1, '2023-06-14 06:39:24', '2023-07-14 06:39:24', 4, NULL),
(109, 'seo-marketing', 'SEO marketing', 'I need a skilled SEO marketer to help improve my website\'s ranking on search engines. Currently, my website is on the second page of search results an', 2, '2023-06-14 06:43:45', '2023-07-14 06:43:45', 2, NULL),
(110, 'i-need-website-developerdesigner-for-fashion-website', 'I need website developer/designer for fashion website', 'The problem the project will address, a set of goals for the project, the overall objectives for the project, as well as a project plan that describes', 1, '2023-06-14 11:01:10', '2023-07-14 11:01:10', 4, NULL),
(111, 'develop-wordpress-plugin', 'Develop Wordpress plugin', 'Replace PDFjs inside (PDF Viewer plugin) with [login to view URL]', 1, '2023-06-14 11:13:07', '2023-07-14 11:13:07', 2, NULL),
(112, 'wordpress-website-seo-issue-resolution', 'WordPress website SEO Issue resolution', 'I am looking for a skilled WordPress developer who can help me resolve some technical SEO issues on my website. I am facing issues with pages getting ', 1, '2023-06-15 06:32:47', '2023-07-15 06:32:47', 2, NULL),
(113, 'website-developer-open-cart', 'Website Developer Open Cart', 'Hello! I am looking for an experienced Website Developer Open Cart to develop the existing website and resolve the error. I have already purchased the', 1, '2023-06-15 06:37:57', '2023-07-15 06:37:57', 2, NULL),
(114, 'ui-website-designer', 'UI Website Designer', 'I am looking for a UI website designer who can help me create a website that focuses on branding. I have specific preferences in terms of color scheme', 1, '2023-06-15 06:43:11', '2023-07-15 06:43:11', 2, NULL),
(115, 'software-designing', 'Software designing', 'I am looking for a software designer to create a presentation tool for biological or medical purposes. This software should help to create beautiful, ', 1, '2023-06-15 09:05:19', '2023-07-15 09:05:19', 2, NULL),
(116, 'need-to-upgrade-and-fix-website', 'Need to Upgrade and Fix Website', 'I am looking for an experienced web developer who can help me upgrade and fix my blog/informational website within a week. The specific issue that nee', 1, '2023-06-15 09:24:11', '2023-07-15 09:24:11', 2, NULL);

-- --------------------------------------------------------

--
-- Table structure for table `pref_project_additional`
--

CREATE TABLE `pref_project_additional` (
  `project_additional_id` int(11) NOT NULL,
  `project_id` int(11) DEFAULT NULL,
  `project_description` text DEFAULT NULL,
  `project_is_cover_required` tinyint(1) DEFAULT NULL
) ENGINE=InnoDB DEFAULT CHARSET=utf8;

--
-- Dumping data for table `pref_project_additional`
--

INSERT INTO `pref_project_additional` (`project_additional_id`, `project_id`, `project_description`, `project_is_cover_required`) VALUES
(1, 1, 'Food Delivery Mobile Application Food Delivery Mobile Application Food Delivery Mobile Application', 1),
(2, 2, 'test', 1),
(3, 3, 'In publishing and graphic design, lorem ipsum is a placeholder text used to demonstrate the visual form of a document without relying on meaningful content. Replacing the actual content with placeholder text allows designers to design the form of the content', 1),
(4, 4, 'Description about project', 1),
(5, 5, 'Description about project', 1),
(6, 6, 'Description about project', 1),
(7, 7, 'This a testing job', 1),
(8, 8, 'Test', 1),
(9, 9, 'Hi,\r\nam building an online marketplace that connects employers and remote staff that work from home. Very similar to Upwork. The idea is by using blockchain we can create additional savings for employers and freelancers by reducing the costs of a centralized third party (lower transaction fees) while at the same time providing a safe and reliable piece of technology that can connect employers and freelancers around the world and allow people to pay and get paid with digital cryptocurrency in addition to traditional fit currencies.  \r\n\r\nI am looking to hire a cryptocurrency/blockchain expert to help me determine the right strategy to undertake for launching this idea concept.\r\n\r\nThe idea is by allowing employers and freelancers and remote workers to pay and get paid with digital currencies will open up new lines of finance for employers and help traditionally unbanked populations get paid for their talent and skills.\r\n\r\nIf this is something you are interested in helping me with please send your proposal.', 1),
(10, 10, 'We are looking for a web UX/UI designer who can take Illustrator file mockups for a website and turn theme into a Wordpress theme that is made in and for the Elementor plugin. This designer must have experience with the Elementor plugin for Wordpress. We are looking for a freelancer who can take direction, communicates often and effectively, and can follow a mockup, but will suggest small changes to the design if it will make the User Experience easier and better. This project does have a tight deadline, so please only apply if you have the ability to meet the deadline.\r\n\r\nWe will provide you with the mockups and all files that will be needed. Since this is a theme creation, everything needs to be editable for changes and updating when needed. This project is unique in we want to ensure we find the right fit. We want to hire someone for a \'test\' round. So this is a one time project with potential of turning into an extension of this if we mutually agree this went well. If you complete the \'test\' project on time, follow the mockups, and maintain clear communication through the process, we should align and be able to move forward. Please only apply if you feel you can complete this project and have the availability to work on the extended project.\r\n\r\nThis \'test\' project:\r\nThe designer is to create 2 pages of an Elementor theme for Wordpress from 2 AI file mockups provided. We are aiming to hire by Tuesday 2/23/21 and have these 2 pages completed by Sunday 2/28/21. These pages must be editable to allow internal maintenance in the future.\r\n\r\nAttached are pdf files of the 2 web page mockups. Once a freelancer is chosen, you will be given the AI files, pdf files of the mockups with notes, imagery to be used, and branding details. Please do not hesitate to ask any questions.\r\n\r\nPlease note: If we decide to shortlist you, we will be in contact shortly to ask a few more questions and align on the extended portion of this project if we move forward.\r\n\r\n\r\nWho we are:\r\nWe are a fast growing healthcare tech start-up. We are building a marketplace platform that will transform the way healthcare procurement processes are done, for the better. We are a global company with people working remotely from United Kingdom, India, the United States and more. This job is going to report to our Creative Marketing Director.', 1),
(11, 11, 'looking for a ios developer to create a nice app for my company', 1),
(12, 12, 'android development for testing', 1),
(13, 13, 'The main goal of our project is to automatize book exchange process. The project must have User registration, posting ads (like in olx), ai-based recommendations system based on the interests of the user that they specify during registration, and a chat system. All of that will need to be done on rest API for further integration on android applications.\r\nThe main goal of our project is to automatize book exchange process. The project must have User registration, posting ads (like in olx), ai-based recommendations system based on the interests of the user that they specify during registration, and a chat system. All of that will need to be done on rest API for further integration on android applications.', 1),
(14, 14, 'testing things', 1),
(15, 15, 'website clone needed', 1),
(16, 16, 'This is a desription', 1),
(17, 17, 'This is a demo', 1),
(18, 18, 'I am looking for a web designer with a skill set that is off the ‘road travelled’ by.\r\n\r\nWe want a bespoke design for a responsive WebApp that will stand out as one of a kind. A strong reference will be provided by way of a design template that appeals to us.\r\n\r\nThis is essentially a B2C marketplace website (web App really) that needs to be responsive and designed with the mobile interface in mind. The mobile app will be implemented at a later stage.  So a finger on the pulse of UI/ UX intuition will dictate the layout and good taste will be required to assure a friendly design and clear navigation.\r\n\r\nOne may use and design tools like Photoshop or Illustrator or Adobe XD but since the design will later go in for coding, the output needed has to be mandatory HTML or Figma files.\r\n\r\nAlthough Fiverr will be the agency where payment will be held as escrow, it is important that the designer be willing to work on screen share with us to enable quick turn around and accuracy of desired outcome.\r\n\r\nThe layout will be scaled up and the designer can be assured of continuing assignments. Please reply with links to just about 3 of your work samples that suit the above brief. Not more … :)', 1),
(19, 19, 'Do not contact me any other way apart from on Upwork.\r\n\r\nI am looking for a PHP wizz to help me create a custom social media website.\r\n\r\nI am going to purchase the sngine script. But I do not like the way it looks plus I need some extra features added and changes to the way some things work.\r\n\r\nThe script seems pretty good and clean and has lots of the functions that I want.\r\n\r\nI need someone to get this site to 100% complete. Everything working and looking good.\r\n1. It needs to have custom features added.\r\n2. It needs to have a full redesign done.\r\n3. Make sure the site is secure from hacks and spam. Also able to be updated.\r\n4. Make sure the site is fast and ready for lots of traffic.\r\n5. Make sure all emails and external functions are working as well.\r\n6. Setup the APP files for APP Store (part of PHP script just needs to line up with custom design)\r\n\r\nMilestones.\r\n1. Setup custom features that are not part of the purchased script.\r\n• I need another version on Pages example “pages2” which only I control, and a can add the content. Plus content needs to be added via CSV regularly.\r\n• This pages2 will need lots more fields\r\n• Plus it will need four subcategories which will all have their own pages with fields and walls and follow buttons.\r\n• When you post to a wall in a sub-category it gets posted on all walls on categories below.\r\n• Setup for different countries languages  https://au.domain https://uk.domain also a part of the Pages2 has prices for different countries so that needs to change when viewing from different country. For other parts of the site it would be good if it automatically changes to what ever country, they are in link articles and things.\r\n\r\n2. Redesign the layout and look of the theme.\r\n• The whole look of the theme needs to change, My design will use 1 standard look and layout for almost all pages.\r\n• Lots of the standard features I want turned off and hidden. Example “Poke” can be deleted. Marketplace, games, and lots of other things can be turned off/hidden as I might want them later. To start just want very limited features.\r\n• The user-generated post area I want simpler and redesigned.\r\n• Point system needs to be changed a little too.\r\n\r\n3. Speed and Future-proofed\r\n• Last part will be speed and setting up for the future hopefully this takes off with 12months and I can start expanding.\r\n• If not this needs to be maintenance-free.\r\n• Set up elastic search and cloud images which is part of my server anyway but just set up properly. Cloudflare and anything else to make this site as fast as possible.\r\n\r\n4. IOS and Android APP’s   \r\n• The site is set up to turn easily turn into an APP I have watched the video it takes like 20 mins to get the APX. So the custom changes need to work in line with these app setups.\r\n\r\nI hope this will turn into a long-term working relationship.\r\nLet\'s get it working perfectly so hopefully, it can grow and I can hire you on an ongoing basis.\r\n\r\nThanks\r\nMarcus', 1),
(20, 20, 'My client has a food delivery website, need to integrate WooCommerce with telegram bot\r\n\r\nWhen a order is placed from a restaurant by customer ,the order details need to be sent to the particular Restaurant owner and either he accepts the order or rejects it\r\n\r\nThe problem I\'m facing is how to find out from which restaurant is the order being placed and  send details to that  owner\r\n\r\nUrgently required\r\nSend the proposals if you have experience and the budget will be low ,just a simple task to be done', 1),
(21, 21, 'Hello I required a skilled PHP developer to help with my ecommerce website, mobile app APIs, and other projects.\r\n\r\nThe ecommerce site is my immediate priority; I use OpenCart as the foundation but have heavily customized the php code to support various features. Knowledge of OpenCart is not required as it uses standard MVCL architecture. I\'m an intermediate PHP developer myself but I also own my own business which is growing and I need help maintaining and building my code base.\r\n\r\nMuch of the work is focused around APIs such as calling shipping companies for estimates and shipments, and updating/creating my own APIs for mobile apps and other technologies. OpenCart is the immediate focus for me, but I have other projects. I try to keep to PHP and JavaScript wherever I can and have spent a lot of time creating and updating the OpenAPI documentation\r\n\r\nMy requirements:\r\n- at least 3 years php experience, particularly with MVC (model view controller language) architecture\r\n- solid understanding of MySQL, CURL, OAUTH required\r\n- good understanding of JavaScript\r\n- good understanding of creating and reading OpenAPI documentation (Swagger) version 3\r\n- basic understanding of Docker, SFTP, Apache, cloud servers (i host and manage my own servers in various providers)\r\n- opencart experience is a bonus', 1),
(22, 22, 'We are looking for a hardworking Customer Service Specialist. This is a full-time, entry-level position with great potential for advancement to the right employee(s). Please be aware, this position will be from Monday-Friday, 8:30am - 5:30pm US EST.', 1),
(23, 23, 'I have a Java routine to take a byte array convert to string. I want to convert it back. I also think there is a better way to do what I am doing.\r\n\r\nbyte[] Key;\r\nStringBuilder sb = new StringBuilder();\r\n\r\nfor (int j=0; j&lt; Key.length; j++) {\r\nSystem.out.format(\"X \", Key[j]);\r\nsb.append(String.format(\"X\", Keys[j]));\r\n\r\n}\r\nSystem.out.printf(\"\\n\");\r\n\r\nString KeyPrint = sb.toString();\r\n\r\nI will pay up to $25 for this.', 1),
(24, 24, 'TESTING RN', 1),
(25, 25, 'I am looking for a job site', 1),
(26, 26, 'I would like to create linkedin chat applications', 1),
(27, 27, 'dfdsfdsfdf', 1),
(28, 28, 'User to user chat\r\nfile sharing options', 1),
(29, 29, 'POS development for restaurant. To be hosted in Amazon Cloud.', 1),
(30, 30, '8888', 1),
(31, 31, 'Hi, Please check the description and attached audio recording carefully..\r\n\r\nI need a Hindi speaking woocommerce and payment gateway expert developer to perform 2 tasks in my multi vendor e-commerce website.\r\n\r\nThis is my website:- https://woocommerce-690406-2280245.cloudwaysapps.com/\r\n\r\nI have used razorpay payment gateway and Bajaj Finserv EMI option in my website.\r\nCurrently the EMI option is showing on all the products with 4 EMI plans - 3 months, 6 months, 9 months and 12 months. I want to modify it.\r\n\r\n** I don\'t want this EMI option to appear on all the products. It must appear on some of the selected products only. Suppose if i want to have any EMI option only on 5 products then it should come on 5 products only, not on all the products. I want to have an option to select the product which will be available with EMI payment.\r\n\r\n** I want to give EMI plans for a particular time period. Let\'s say i want to offer 6 Months EMI only then other plans ( 3 months, 9 months and 12 months ) must not appear. If i want to provide EMI option on 3 and 6 months then only two options ( 3 and 6 months ) will be visible/active and other two option ( 9 and 12 months ) will not be visible/active.\r\n\r\n** The EMI option should be on payment page (Bajaj Finserv and other), not on product page. Basically you have to modify and Razorpay payment gateway or Bajaj Finserv. I am not sure how you gonna do it but you have to make it according to my requirement.\r\n\r\nFor reference of my requirement, please check: https://www.gonoise.com/\r\n\r\nGo to the gonoise.com and check how they are providing EMI and how they are proceeding it.\r\n\r\nFix budget: ₹8000\r\nTime: 6 Days ( maximum )\r\n\r\nMore details in the chat', 1),
(32, 32, 'asd', 1),
(33, 33, 'hello', 1),
(34, 34, 'testata', 1),
(35, 35, 'Yo', 1),
(36, 36, 'I have a mini storage company, and I need weekly blogs', 1),
(37, 37, '\"Lorem ipsum dolor sit amet, consectetur adipiscing elit, sed do eiusmod tempor incididunt ut labore et dolore magna aliqua. Ut enim ad minim veniam, quis nostrud exercitation ullamco laboris nisi ut aliquip ex ea commodo consequat. Duis aute irure dolor in reprehenderit in voluptate velit esse cillum dolore eu fugiat nulla pariatur. Excepteur sint occaecat cupidatat non proident, sunt in culpa qui officia deserunt mollit anim id est laborum.\"', NULL),
(38, 38, 'qwertyuiop', 1),
(39, 39, 'nteger ultrices eu nibh sit amet ullamcorper. Nunc porta eros ut lacus viverra ullamcorper. Morbi gravida nulla ut aliquet ultricies. Curabitur urna justo, sodales vel leo ac, auctor porttitor eros. Vestibulum gravida nisl sed tortor sollicitudin, sed pulvinar ex consequat. Cras iaculis blandit massa vitae consectetur. Orci varius natoque penatibus et magnis dis parturient montes, nascetur ridiculus mus. Donec at vehicula metus, sed fringilla neque. Fusce pulvinar at elit et viverra. Cras in nibh risus. Mauris nibh urna, volutpat ut nisi eget, ultricies pretium lacus. Nulla bibendum odio id quam accumsan, eu varius nisi auctor.', 1),
(40, 40, 'Lorem ipsum dolor sit amet, consectetur adipiscing elit. Curabitur fermentum et mi vitae posuere. Pellentesque in magna vitae nisi semper ullamcorper sed non orci. Praesent luctus ultrices ligula eu ullamcorper. Etiam hendrerit, dolor quis pharetra pulvinar, odio purus interdum elit, quis gravida velit eros ut ex. Vivamus vel consequat purus. Nam aliquam nec quam eu luctus. Phasellus sit amet est felis. Sed at aliquam felis, id elementum arcu. Curabitur eget sagittis nisl. Nullam egestas eleifend velit. Suspendisse eu malesuada urna. Vivamus feugiat justo et velit porta tincidunt.', 1),
(41, 41, 'Lorem ipsum dolor sit amet, consectetur adipiscing elit. Integer posuere ac velit sit amet porttitor. Ut cursus justo vitae porta posuere. Maecenas scelerisque libero augue. Donec at pellentesque magna, at fermentum turpis. Curabitur felis turpis, tempus id mi at, euismod dapibus ligula. Ut eu odio eu magna pulvinar facilisis. Integer et justo ornare, sollicitudin orci at, dictum nisl. Donec non feugiat velit.', 1),
(42, 42, 'What the fuck is trash', 1),
(43, 43, 'test description by z', 1),
(44, 44, 'car site editing', 1),
(45, 45, 'neew wordpress developer', 1),
(46, 46, 'I need', 1),
(47, 47, 'dfagdafbeafhsrjtydjyjfukruil', 1),
(48, 48, 'Test description.', 1),
(49, 49, 'Kshdnndndn', 1),
(50, 50, 'Hi. I am in need of a blog writer to write for my website.', 1),
(51, 51, 'This is the project description', 1),
(52, 52, 'This is the description.', 1),
(53, 53, 'Test design', NULL),
(54, 54, 'dfgdfg', 1),
(55, 55, 'RFVERVRGVHNgb gb', 1),
(56, 56, 'Lorem ipsum try', 1),
(57, 57, 'Descriptiom Lorem ipsum dolor sit amet consectetur adipiscing elit vel libero condimentum malesuada senectus, congue dictum mi sociis id torquent suspendisse porta convallis ultrices. Metus per ridiculus phasellus sapien vitae porta, eu habitant vulputate iaculis platea, penatibus auctor dapibus orci feugiat. Imperdiet congue eleifend morbi justo lacus fermentum non, viverra sociosqu quis euismod venenatis integer dictum, dapibus nullam donec magnis sem mus.', 1),
(58, 58, 'dferdgtfr', 1),
(59, 59, ',m mvdmv md v,m', 1),
(60, 60, 'Lorem Ipsum is simply dummy text of the printing and typesetting industry. Lorem Ipsum has been the industry\'s standard dummy text ever since the 1500s, when an unknown printer took a galley of type and scrambled it to make a type specimen book. It has survived not only five centuries, but also the leap into electronic typesetting, remaining essentially unchanged. It was popularised in the 1960s with the release of Letraset sheets containing Lorem Ipsum passages, and more recently with desktop publishing software like Aldus PageMaker including versions of Lorem Ipsum', 1),
(61, 61, 'This is just for description', 1),
(62, 62, 'HUMAN RESOURCE WE SITE PROJECT', 1),
(63, 63, 'تحاول معظم الشركات وضع خطط بعيدة المدى لأعمالها، لكن في أغلب الأحيان لا تصل لهذه الأهداف البعيدة بحسب الخطة الاستراتيجية الموضوعة، لحدوث خلل في الموارد أو الميزانية أو التنفيذ. هذه المشكلة لا تحدث بسبب خلل في التخطيط الإستراتيجي وإنما هي تحصيل طبيعي لنقص عنصر الخطة التشغيلية في الشركة.', 1),
(64, 64, 'mobile [*****]8222 project 4saudiihadi 1 project 4saudiihadi 1 project 4saudiihadi 1 project 4saudiihadi 1 project 4saudiihadi 1 project 4saudiihadi 1 project 4saudiihadi 1 project 4saudiihadi 1 project 4saudiihadi 1 project 4saudiihadi 1 project 4saudiihadi 1 project 4saudiihadi 1 project 4saudiihadi 1 project 4saudiihadi 1 project 4saudiihadi 1 project 4saudiihadi 1 project 4saudiihadi 1 project 4saudiihadi 1 project 4saudiihadi 1 project 4saudiihadi 1 project 4saudiihadi 1 project 4saudiihadi 1 project 4saudiihadi 1 project 4saudiihadi 1 project 4saudiihadi 1 project 4saudiihadi 1 project 4saudiihadi 1 project 4saudiihadi 1 project 4saudiihadi 1 project 4saudii', 1),
(65, 65, 'Test', 1),
(66, 66, 'خطوة الدخول للوحة التحكم وهي الخطوة التي تلي الخطوة رقم', 1),
(67, 67, 'صممت مكتبة نوليدج سيتي للتدريب الإلكتروني بهدف النهوض ببرامج تطوير مهارات الموظفين وتنمية قدراتهم في كافة قطاعات الأعمال. يقدم الدورات التدريبية نخبة من أساتذة الجامعات الأمريكية والخبراء الدوليين في شتى المجالات، ويتم أيضاً إضافة دورات تدريبية جديدة شهرياً لمواكبة المعرفة المتطورة وتقديمها في صورة مرئية إلى فريق عملك من أجل تحقيق أقصى استفادة ممكنة.', 1),
(68, 68, 'wswd', 1),
(69, 69, 'It is a simple project. There is a list of users being fetched from realtime database of firebase with a few details attached along with the users. I want to get users list printed in a sorted format. Basically getting the list sorted by date or a few other variables which are already defined in firebase.It is a simple project. There is a list of users being fetched from realtime database of firebase with a few details attached along with the users. I want to get users list printed in a sorted format. Basically getting the list sorted by date or a few other variables which are already defined in firebase.', 1),
(70, 70, 'علامة تجارية تكون باطار احترافيتتنوع الفرص الوظيفية المتاحة في هذا القطاع باختلاف طبيعة هذه العقود حيث تتطلب هذه العقود الكثير من التخصصات والمستويات الإدارية والفنية، كما أن نسبة التوطين الأدنى محددة لكل مستوى وفئة وظيفية.\r\n\r\nتتنوع الفرص الوظيفية المتاحة في هذا القطاع باختلاف طبيعة هذه العقود حيث تتطلب هذه العقود الكثير من التخصصات والمستويات الإدارية والفنية، كما أن نسبة التوطين الأدنى محددة لكل مستوى وفئة وظيفية.\r\nتتنوع الفرص الوظيفية المتاحة في هذا القطاع باختلاف طبيعة هذه العقود حيث تتطلب هذه العقود الكثير من التخصصات والمستويات الإدارية والفنية، كما أن نسبة التوطين الأدنى محددة لكل مستوى وفئة وظيفية.', 1),
(71, 71, 'Need a php developer for 3.0 website', 1),
(72, 72, 'test', 1),
(73, 73, 'sss', 1),
(74, 74, 'This is a project list.', 1),
(75, 75, 'Logo design', 1),
(76, 76, 'Wordpress developer for our company for long term.', 1),
(77, 77, 'المَعرِفَة هي الإدراك والوعي وفهم الحقائق عن طريق العقل المجرد أو بطريقة اكتساب المعلومات بإجراء تجربة وتفسير نتائج التجربة أو تفسير خبر، أو من خلال التأمل في طبيعة الأشياء وتأمل النفس أو من خلال الإطلاع على تجارب الآخرين وقراءة استنتاجاتهم. إن المعرفة مرتبطة بالبديهة والبحث لاكتشاف المجهول وتطوير الذات وتطوير التقنيات.\r\n\r\nالمعرفة يحددها قاموس أوكسفورد الإنكليزي بأنها : (أ) الخبرات والمهارات المكتسبة من قبل شخص من خلال التجربة أو التعليم ؛ الفهم النظري أو العملي لموضوع، (ب) مجموع ما هو معروف في مجال معين ؛ الحقائق والمعلومات، الوعي أو الخبرة التي اكتسبتها من الواقع أو من القراءة أو المناقشة، (ج) المناقشات الفلسفية في بداية التاريخ مع أفلاطون صياغة المعرفة بأنها \"الإيمان الحقيقي المبرر\". بيد أنه لا يوجد تعريف متفق عليه واحد من المعارف في الوقت الحاضر، ولا أي احتمال واحد، وأنه لا تزال هناك العديد من النظريات المتنافسة. كما تعرف المعرفة أيضا بأنها:\r\n\r\nتنقسم إلى فروع، تسمى فروع المعرفة، في حالات يمكن تلقينها أو إستنتاجها وحفظها في كتاب أو مقالة أو ورقة، تشمل جميع هذه الفروع بطريقة محايدة (أغلب الأحيان).\r\nوصف لحالة أو عملية لبعض الجوانب الحياتية بالنسبة لأشخاص أو مجموعات مستعدة لها، فمثلا إذا كنت \"أعرف\" أنها ستمطر، فإنني سوف آخذ مظلتي معي عند الخروج.\r\nوالمعرفة أيضاً هي ثمرة التقابل والاتصال بين الذات المدركة وموضوع مدرك، وتتميز من باقي معطيات الشعور، من حيث أنها تقوم في آن واحد على التقابل والاتحاد الوثيق بين هذين الطرفين.\r\nوقد قدم لنا الأستاذ الدكتور عبد الوهاب المسيري تعريفاً اجرائياً لكلمة معرفة وهو أقرب إلى الأذهان لدارس الفلسفة بقوله \"المعرفي هو الكلي والنهائي وتعبير الكلية هنا يفيد الشمول والعموم في حين أن النهائية للوجود تعنى غائيته وآخره وأقصى مايمكن أن يبلغه الشئ ويمكن التوصل للبعد المعرفي لأي خطاب أو أي ظاهرة من خلال دراسة ثلاثة عناصر أساسية:\r\n\r\nالإله\r\nالطبيعة\r\nالإنسان\r\n\r\nمحتويات\r\n1 الفرق بين البيانات والمعلومات والمعرفة\r\n2 الفرق بين العلم والمعرفة\r\n3 أنواع المعارف\r\n4 نشأة نظرية المعرفة عند اليونان\r\n5 تأثير المعرفة على القوة\r\n5.1 المعرفة سبيل القوة\r\n6 أقوال\r\n7 أثر المعرفة في التطور السريع\r\n8 حرب إلكترونية\r\n9 اقرأ أيضا\r\n10 مصادر\r\nالفرق بين البيانات والمعلومات والمعرفة\r\nالبيانات هي مجموعة من العناصر أو القيم التي لا تعطي معنى واضحا لأنها غير معالجة أو مرتبة أو منظمة بطريقة تساعد على فهمها.\r\n\r\nالمعلومات هي البيانات المعالجة والواضحة التي تؤدي إلى زيادة الحصيلة المعلوماتية للشخص إما عن طريق إضافة حقائق جديدة، أو التأكيد والتعديل على حقائق سابقة.\r\n\r\nأما المعرفة فتمثل مجموعة من القرارات أو الأعمال التي تعتمد على المعلومات، فالمعرفة مرتبطة بالسلوك الإنساني وتعامله مع المعلومات. وبالتالي فإن الشخص الذي لديهِ قدر من المعرفة هو من يعرف كيف يستخدم المعلومات المتوفرة لديه.', 1),
(78, 78, 'المَعرِفَة هي الإدراك والوعي وفهم الحقائق عن طريق العقل المجرد أو بطريقة اكتساب المعلومات بإجراء تجربة وتفسير نتائج التجربة أو تفسير خبر، أو من خلال التأمل في طبيعة الأشياء وتأمل النفس أو من خلال الإطلاع على تجارب الآخرين وقراءة استنتاجاتهم. إن المعرفة مرتبطة بالبديهة والبحث لاكتشاف المجهول وتطوير الذات وتطوير التقنيات.\r\n\r\nالمعرفة يحددها قاموس أوكسفورد الإنكليزي بأنها : (أ) الخبرات والمهارات المكتسبة من قبل شخص من خلال التجربة أو التعليم ؛ الفهم النظري أو العملي لموضوع، (ب) مجموع ما هو معروف في مجال معين ؛ الحقائق والمعلومات، الوعي أو الخبرة التي اكتسبتها من الواقع أو من القراءة أو المناقشة، (ج) المناقشات الفلسفية في بداية التاريخ مع أفلاطون صياغة المعرفة بأنها \"الإيمان الحقيقي المبرر\". بيد أنه لا يوجد تعريف متفق عليه واحد من المعارف في الوقت الحاضر، ولا أي احتمال واحد، وأنه لا تزال هناك العديد من النظريات المتنافسة. كما تعرف المعرفة أيضا بأنها:\r\n\r\nتنقسم إلى فروع، تسمى فروع المعرفة، في حالات يمكن تلقينها أو إستنتاجها وحفظها في كتاب أو مقالة أو ورقة، تشمل جميع هذه الفروع بطريقة محايدة (أغلب الأحيان).\r\nوصف لحالة أو عملية لبعض الجوانب الحياتية بالنسبة لأشخاص أو مجموعات مستعدة لها، فمثلا إذا كنت \"أعرف\" أنها ستمطر، فإنني سوف آخذ مظلتي معي عند الخروج.\r\nوالمعرفة أيضاً هي ثمرة التقابل والاتصال بين الذات المدركة وموضوع مدرك، وتتميز من باقي معطيات الشعور، من حيث أنها تقوم في آن واحد على التقابل والاتحاد الوثيق بين هذين الطرفين.\r\nوقد قدم لنا الأستاذ الدكتور عبد الوهاب المسيري تعريفاً اجرائياً لكلمة معرفة وهو أقرب إلى الأذهان لدارس الفلسفة بقوله \"المعرفي هو الكلي والنهائي وتعبير الكلية هنا يفيد الشمول والعموم في حين أن النهائية للوجود تعنى غائيته وآخره وأقصى مايمكن أن يبلغه الشئ ويمكن التوصل للبعد المعرفي لأي خطاب أو أي ظاهرة من خلال دراسة ثلاثة عناصر أساسية:\r\n\r\nالإله\r\nالطبيعة\r\nالإنسان\r\n\r\nمحتويات\r\n1 الفرق بين البيانات والمعلومات والمعرفة\r\n2 الفرق بين العلم والمعرفة\r\n3 أنواع المعارف\r\n4 نشأة نظرية المعرفة عند اليونان\r\n5 تأثير المعرفة على القوة\r\n5.1 المعرفة سبيل القوة\r\n6 أقوال\r\n7 أثر المعرفة في التطور السريع\r\n8 حرب إلكترونية\r\n9 اقرأ أيضا\r\n10 مصادر\r\nالفرق بين البيانات والمعلومات والمعرفة\r\nالبيانات هي مجموعة من العناصر أو القيم التي لا تعطي معنى واضحا لأنها غير معالجة أو مرتبة أو منظمة بطريقة تساعد على فهمها.\r\n\r\nالمعلومات هي البيانات المعالجة والواضحة التي تؤدي إلى زيادة الحصيلة المعلوماتية للشخص إما عن طريق إضافة حقائق جديدة، أو التأكيد والتعديل على حقائق سابقة.\r\n\r\nأما المعرفة فتمثل مجموعة من القرارات أو الأعمال التي تعتمد على المعلومات، فالمعرفة مرتبطة بالسلوك الإنساني وتعامله مع المعلومات. وبالتالي فإن الشخص الذي لديهِ قدر من المعرفة هو من يعرف كيف يستخدم المعلومات المتوفرة لديه.', 1),
(79, 79, 'we', 1),
(80, 80, 'a lot oa', 1),
(81, 81, 'It\'s a good job', 1),
(82, 82, 'Build an app both android and ios', 1),
(83, 83, 'Before we discuss what comprises a project description, it\'s essential to understand what we\'re trying to describe in the first place...', 1),
(84, 84, 'A project description is a high-level overview of why you\'re doing a project. The document explains a project\'s objectives and its essential qualities..', 1),
(85, 85, 'Lorem Ipsum is simply dummy text of the printing and typesetting industry. Lorem Ipsum has been the industry\'s standard dummy text ever since the 1500s, when an unknown printer took a galley of type and scrambled it to make a type specimen book. It has survived not only five centuries, but also the leap into electronic typesetting, remaining essentially unchanged. It was popularised in the 1960s with the release of Letraset sheets containing Lorem Ipsum passages, and more recently with desktop publishing software like Aldus PageMaker including versions of Lorem Ipsum.', 1),
(86, 86, 'Hello! I\'m looking for a talented PHP developer with experience in Mail Server/SMTP to join me in a project. The candidate should be familiar with building interfaces using HTML, CSS and Javascript, including integrating existing email protocols. In addition, the candidate should be competent with coding the necessary features without needing additional services related to Mail Server/SMTP.', 1),
(87, 87, 'I need to finish a 90% done Android Project with SIP Telephony. The past developer abandoned the project.', 1),
(88, 88, 'i need a wordpress developer to work on some of my projects\r\n\r\nwho know custom plugin and custom theme development.', 1),
(89, 89, 'I need to integrate chat features in website\r\n\r\nwe are using core php in technology', 1),
(90, 90, 'I am looking to hire Shopify developers for a Full-Time contractual job for 3-6 months.', 1),
(91, 91, 'Build pixel-perfect, buttery smooth UIs across both mobile platforms\r\n\r\nLeverage native APIs for deep integrations across both platforms\r\n\r\nDiagnose and fix bugs and performance bottlenecks for performance that feels native\r\n\r\nExperience using common design patterns. High standards for code quality, maintainability, and performance.', 1),
(92, 92, 'I need a developer to work on the existing WordPress websites which is already developed. Website is working but I need a couple of updates.', 1),
(93, 93, 'Right now, you are using a plugin to support some old code in this website’s jQuery JavaScript library. That code is deprecated, meaning it is basically obsolete and is losing the support of your themes and plugins and WordPress itself.\r\n\r\nThis plugin, called Enable jQuery Migrate Helper, is not a fix. It is a temporary solution to give your plugin and theme authors time to update.', 1),
(94, 94, 'I will provide the image and please create it as logo and favicon.', 1),
(95, 95, 'Graphic design for real estate project, creatives are required for ad campaigns, creatives should be based on a theme and should tell a story.', 1),
(96, 96, 'Lorem ipsum dolor sit amet consectetur adipiscing elit, vulputate eget lacinia egestas leo platea curabitur malesuada, semper volutpat iaculis arcu nullam pellentesque. Morbi blandit rhoncus dignissim malesuada phasellus per consequat felis mollis iaculis eleifend, faucibus urna nibh mus aliquam fringilla pharetra facilisis cras fames placerat, netus tortor diam porta parturient himenaeos ullamcorper accumsan dui dictumst.', 1),
(97, 97, 'fgsefgsdfg dsfg sdf gsdfg', 1),
(98, 98, 'Campaign conubia odio molestie in quisque integer semper, consequat platea nunc mauris nisi cursus fusce, leo dignissim erat litora orci. Vestibulum viverra quisque himenaeos dapibus convallis tempor, inceptos commodo turpis euismod libero dui, nunc hac aenean consequat cubilia. Gravida rhoncus aptent at ac pulvinar cum ultrices sollicitudin cursus quis, quam sociis tellus non quisque auctor donec lacinia montes hendrerit convallis, potenti augue imperdiet rutrum penatibus dictum est nullam duis. Viverra pellentesque cubilia lobortis ante non tortor, mattis iaculis hac accumsan convallis fusce scelerisque, praesent senectus auctor aenean laoreet.', 1),
(99, 99, 'Lorem ipsum dolor sit amet consectetur adipiscing elit tempus libero, volutpat erat tristique imperdiet sollicitudin aenean eget penatibus, nam porta blandit vel potenti eu ultrices class. Purus class mauris aliquet augue et montes varius ante dapibus, commodo mus bibendum penatibus arcu vestibulum vitae sapien tortor eget, donec netus ornare metus molestie mi porta accumsan.', NULL),
(100, 100, 'Set up payment and download interface for digital products.', 1),
(101, 101, 'i am looking for experienced Magento developer who can help us for regular tasks, bug fixes and new development.\r\n\r\nwe do have our technical team in city called Jaipur India and developer would work with them.\r\n\r\nit\'s for long term so looking for reliable person who can deliver good and timely.', 1),
(102, 102, 'I am in need of a website that serves an informational purpose. I am open to suggestions for the design and layout of the site. I am not sure if I need the website to be responsive for mobile devices or not.\r\n\r\nIdeal skills and experience:\r\n\r\n- HTML and CSS proficiency\r\n\r\n- Experience with designing informational websites\r\n\r\n- Familiarity with responsive design for mobile devices', 1),
(103, 103, 'I am looking for an expert Linux and Cpanel freelancer to help me with server setup and configuration for best performance and maximum concurrent users. We have 14 core server with 24GB Ram.\r\n\r\nCentos 7 is installed on Virtu mode\r\n\r\nTasks:\r\n\r\n- Setup and configuration of the server\r\n\r\n- Troubleshooting and maintenance of the server\r\n\r\n- Custom development and scripting as required\r\n\r\n- [login to view URL] settings should be done along with other settings for best php performance and mysql performance\r\n\r\n- Install Mariadb 10.4.29 and multi-php 7.4 to 8.10\r\n\r\nI require ongoing support after the initial setup and prefer regular maintenance from an expert freelancer.\r\n\r\nIdeal Skills and Experience:\r\n\r\n- Expertise in Linux and Cpanel\r\n\r\n- Experience in server setup and configuration\r\n\r\n- Strong troubleshooting and maintenance skills\r\n\r\n- Knowledge in custom development and scripting.\r\n\r\nIf you have the required skills and experience, please apply for the project.', 1),
(104, 104, 'We are seeking a talented and innovative Plugin Development Specialist to join our team. As a Plugin Development Specialist, you will be responsible for creating customized plugins to address business or industry-related challenges. In this role, you will work closely with clients to understand their specific needs, select appropriate solutions, and develop tailored plugins that provide the desired functionalities.\r\n\r\nResponsibilities:\r\n\r\n- Collaborate with clients to identify business or industry-related challenges that require plugin solutions.\r\n\r\n- Research and evaluate available solutions and plugins to address the identified challenges.\r\n\r\n- Select the most suitable solutions based on the specific requirements and desired outcomes.\r\n\r\n- Develop customized plugins by creating a prompt system that guides users through three questions relevant to their challenge.\r\n\r\n- Customize the chosen solutions by answering the questions, tailoring the plugins to address the exact issue at hand.\r\n\r\n- Ensure seamless integration of the developed plugins into the target application or system.\r\n\r\n- Conduct thorough testing and debugging to ensure optimal performance and compatibility of the plugins.\r\n\r\n- Provide technical support and troubleshooting assistance to clients or end-users in relation to the implemented plugins.\r\n\r\n- Stay updated on emerging technologies, programming languages, and best practices in plugin development.\r\n\r\n- Collaborate with cross-functional teams, including designers and project managers, to ensure successful plugin integration and deployment.\r\n\r\nSkills Needed:\r\n\r\n- Proficiency in plugin development for popular content management systems (CMS) or software frameworks.\r\n\r\n- Strong knowledge of programming languages such as JavaScript, Python, PHP, or other relevant languages.\r\n\r\n- Problem-solving skills to identify and address business or industry-related challenges effectively.\r\n\r\n- Ability to create a prompt system that guides users through three questions relevant to their challenge.\r\n\r\n- Customization skills to tailor the chosen solutions and plugins to address specific requirements.\r\n\r\n- Thorough testing and debugging capabilities to ensure optimal performance and compatibility of the developed plugins.\r\n\r\n- Strong communication skills to effectively collaborate with clients and stakeholders.\r\n\r\n- Attention to detail to ensure seamless integration of the developed plugins.\r\n\r\n- Adaptability and a passion for continuous learning to keep up with evolving plugin development technologies and trends.\r\n\r\n- Excellent time management skills to handle multiple projects simultaneously and meet project deadlines effectively.\r\n\r\nIf you have a passion for plugin development, problem-solving, and creating customized solutions, we invite you to join our team and contribute to cutting-edge projects that address industry challenges.\r\n\r\nTo apply, please submit your resume, a portfolio showcasing your plugin development projects, and a cover letter highlighting your experience and how you can contribute to our team\'s success.', 1),
(105, 105, 'I am looking for a skilled designer to refresh my current logo and create a minimalistic animation that aligns with my specific color and theme preferences. The ideal candidate should have experience in logo design and animation, and be able to deliver high-quality work in a timely manner. Key requirements include:\r\n\r\n- Refresh of existing logo to align with specific color and theme preferences\r\n\r\n- Creation of a minimalistic animation style for logo\r\n\r\n- Expertise in logo design and animation\r\n\r\n- Ability to deliver high-quality work in a timely manner.\r\n\r\nPlease read carefully before submitting your proposal.\r\n\r\nI’m looking for your help in refresh a logo, a news website. The design must be unique, minimalist and quite current.\r\n\r\nThe proposal must be for a fixed price, of the whole project, and must include.\r\n\r\n- 4 redesign proposals. Once chosen preferred design, we will require unlimited revisions\r\n\r\n- Unique logo for registration as a trade mark\r\n\r\n- Colour check\r\n\r\n- 300dpi+ (Maximum Print Quality)\r\n\r\n- 2000 x 2000px Files With JPG/PNG/PDF/AI/PSD/SVG Available\r\n\r\n- 3D mockup for presentation\r\n\r\n- Favicon\r\n\r\n- Editable files in all formats, color and negative.\r\n\r\n- Stationery design, such as business card, letterhead, email signature, mug image\r\n\r\n- Social media kit\r\n\r\n- Logo animation with 5 versions included in 4k, overlay text and sound effects\r\n\r\nWe would like the work to be finished in a week. Please add examples from previous work.', 1),
(106, 106, 'I am looking for an experienced Java expert to help me identify and resolve a series of errors in my Android Studio application. Specifically, I am getting a NullPointerException in the data binding compiler as well as a number of syntax and compilation errors. I haven\'t tried any solutions so far, as I am not an experienced programmer, but my application\'s complexity level is basic. So, I need somebody who can quickly work to identify and resolve these errors.', 1),
(107, 107, 'I am looking for an experienced Android app developer to make some changes to my food delivery app. The changes required include UI design, functionality improvements, and bug fixes. The app is currently built on the Android platform. As for the deadline, I am flexible and willing to discuss a timeline with the right candidate. Ideal skills/experience for this job include:\r\n\r\n- Strong proficiency in Android app development\r\n\r\n- Experience with UI design and implementation\r\n\r\n- Knowledge of mobile app functionality and best practices\r\n\r\n- Ability to identify and fix bugs in existing code\r\n\r\n- Excellent communication skills and ability to work collaboratively with team members.\r\n\r\nNote: You should do any other requirements regarding my android app', 1),
(108, 108, 'I am seeking a UX designer to improve the user experience of my website. The main goal of the project is to improve user experience. The platform is web-based, so experience designing for web is essential. The preferred design style is modern, with a focus on clean and simple aesthetics. Ideal skills and experience for the job include:\r\n\r\n- Strong understanding of user-centered design principles\r\n\r\n- Experience designing for web-based platforms\r\n\r\n- Experience with modern design styles\r\n\r\n- Ability to create wireframes and prototypes\r\n\r\n- Familiarity with design tools such as Sketch or Adobe XD or figma\r\n\r\n- Understanding of front-end development principles (HTML/CSS/JS) is a plus.', 1),
(109, 109, 'I need a skilled SEO marketer to help improve my website\'s ranking on search engines. Currently, my website is on the second page of search results and I want to move it to the first page. I am most interested in on-page optimization strategies to improve my website\'s content, structure, and HTML tags. I do not have specific keywords in mind, so I need someone who can provide me with suggestions based on my industry and target audience.\r\n\r\nIdeal skills and experience for this job include:\r\n\r\n- Proven track record of improving website rankings through on-page optimization strategies\r\n\r\n- Strong understanding of keyword research and analysis\r\n\r\n- Knowledge of HTML and website content structure\r\n\r\n- Experience with Google Analytics and other SEO tools\r\n\r\n- Excellent communication skills to provide regular updates and reports on progress.', 1),
(110, 110, 'The problem the project will address, a set of goals for the project, the overall objectives for the project, as well as a project plan that describes the activities the members will undertake.', 1),
(111, 111, 'Replace PDFjs inside (PDF Viewer plugin) with [login to view URL]', 1),
(112, 112, 'I am looking for a skilled WordPress developer who can help me resolve some technical SEO issues on my website. I am facing issues with pages getting deindexed and need someone who can help me identify the root cause of this problem.', 1),
(113, 113, 'Hello! I am looking for an experienced Website Developer Open Cart to develop the existing website and resolve the error. I have already purchased the domain and hosting for my website since 2 years.', 1),
(114, 114, 'I am looking for a UI website designer who can help me create a website that focuses on branding. I have specific preferences in terms of color scheme and design style, which I would like the designer to incorporate into the website. The website will primarily feature text and images, with no videos or interactive elements.', 1),
(115, 115, 'I am looking for a software designer to create a presentation tool for biological or medical purposes. This software should help to create beautiful, professional scientific figures in minutes. Software should be compatible with both Windows and Mac platforms.', 1),
(116, 116, 'I am looking for an experienced web developer who can help me upgrade and fix my blog/informational website within a week. The specific issue that needs to be fixed is broken links and pages.', 1);

-- --------------------------------------------------------

--
-- Table structure for table `pref_project_bids`
--

CREATE TABLE `pref_project_bids` (
  `bid_id` int(11) NOT NULL,
  `member_id` int(11) DEFAULT NULL,
  `organization_id` int(11) DEFAULT NULL,
  `project_id` int(11) NOT NULL,
  `bid_amount` float(10,2) NOT NULL,
  `bid_site_fee` float(6,2) NOT NULL COMMENT 'in percent',
  `bid_by_project` tinyint(1) NOT NULL,
  `bid_duration` varchar(15) DEFAULT NULL,
  `bid_details` text DEFAULT NULL,
  `bid_attachment` text DEFAULT NULL,
  `bid_date` datetime NOT NULL,
  `is_archive` tinyint(1) DEFAULT NULL,
  `is_shortlisted` tinyint(1) DEFAULT NULL,
  `is_interview` tinyint(1) DEFAULT NULL,
  `is_hired` tinyint(1) DEFAULT NULL
) ENGINE=InnoDB DEFAULT CHARSET=utf8;

--
-- Dumping data for table `pref_project_bids`
--

INSERT INTO `pref_project_bids` (`bid_id`, `member_id`, `organization_id`, `project_id`, `bid_amount`, `bid_site_fee`, `bid_by_project`, `bid_duration`, `bid_details`, `bid_attachment`, `bid_date`, `is_archive`, `is_shortlisted`, `is_interview`, `is_hired`) VALUES
(1, 8, NULL, 6, 1000.00, 5.00, 0, '12', 'this is a tst', '', '2018-11-29 00:00:00', NULL, 1, NULL, NULL),
(4, 1, NULL, 6, 350.00, 5.00, 0, '1To3month', 'Cover Letter\r\nCover Letter', '[{\"name\":\"originatesoft.png\",\"file\":\"5bf61af5ed9445f1cf313de7d7eb069a.png\"},{\"name\":\"originatesoft_logo_small.png\",\"file\":\"eb7694a379055b568d5a05bd762dbcd9.png\"}]', '2019-12-23 16:39:43', NULL, 1, NULL, 1),
(5, 1, NULL, 3, 20.00, 5.00, 0, NULL, 'test bid check', NULL, '2020-01-24 09:48:25', NULL, NULL, NULL, NULL),
(6, 16, NULL, 9, 700.00, 5.00, 0, 'Less1month', 'Hi \r\nWarm Greetings! \r\nWe have checked your job description also fully understand what you are looking for. You are looking to build a freelancer marketplace like Upwork along with buy sell gigs features like fiverr.\r\nWe have dedicated team for freelancer marketplace site. We have developed lots of similar concept sites. Please check below our related portfolio:\r\nWork Portfolio:\r\nhttp://gigger.se/\r\nhttps://safetyfreelancer.com/\r\nhttps://www.freelancenearme.com/\r\nhttps://khibraat.com/\r\nhttps://hiringcrowd.com/\r\nhttp://datadev.pt/\r\nhttps://www.vipleyo.com/edesk/\r\nhttps://prorenodeals.com/\r\nhttps://skillancer.com/\r\nhttps://www.flance.ee/\r\nhttps://fiksanbud.no/\r\nPlease share more details through private message. Looking ahead to go for a long term business relationship!  \r\nThanks with regards,\r\nAsim Patra', NULL, '2021-02-19 09:39:31', NULL, 0, NULL, 1),
(7, 1, NULL, 12, 20.00, 5.00, 0, NULL, 'testing', NULL, '2021-03-14 23:11:28', NULL, 0, NULL, 1),
(8, 16, NULL, 13, 90.00, 5.00, 0, 'Less1week', 'Hi (Name), \r\nWarm Greetings!  \r\nHope you are doing well.  \r\nI have read the job post that you have posted in and I’m interested to work on your project. My work portfolio includes successful clientele list. I have over 9 years of experience working as a web developer. Though my profile does not have much rating and review but, I believe that dedication and commitment are two qualities that have made me to be a success partner of clients across the globe. I would love to work on this project and help you to achieve success in your business goals. For any query you may feel free to get in touch with me.  \r\nMy Skills/Expertise and Work Portfolio:    \r\n-PHP, JavaScript, Java; \r\n- Core web: HTML5, CSS3, XML, JSON, jQuery;  \r\n- PHP frameworks: Yii, Laravel, Codeigniter;\r\n- JS frameworks: AngularJS, Vue.js; \r\n- OS: Linux, Windows;\r\n- Git, Composer, Vagrant Box;\r\n- SQL;\r\n- 3rd party API integration (Stripe, QuickBooks, UPS, FedEx, Google Maps, etc.) less  \r\nLooking forward to work with you very soon! \r\nThanks with regards,\r\nAsharam Pakhira', '[{\"name\":\"ResumeJiniaBanerjee.docx\",\"file\":\"e71aa79b9807c1a5a2d8e47a0c575a3e.docx\"},{\"name\":\"ResumeJyotirmayDas.pdf\",\"file\":\"1b03f5b1eeaf477666afe148ca1f3659.pdf\"}]', '2021-03-25 14:08:36', NULL, 0, NULL, 1),
(9, 1, NULL, 14, 9.00, 5.00, 0, NULL, 'testing this project', NULL, '2021-03-26 03:05:47', NULL, NULL, NULL, NULL),
(10, 1, NULL, 15, 20.00, 5.00, 0, NULL, 'testing things', NULL, '2021-03-27 12:32:02', NULL, 0, NULL, 1),
(11, 1, NULL, 17, 20.00, 5.00, 0, NULL, 'demo cover letter', NULL, '2021-03-31 00:14:41', NULL, 0, NULL, 1),
(12, 16, NULL, 19, 50.00, 10.00, 0, 'Less1week', 'Hi (Name), \r\nWarm Greetings!  \r\nHope you are doing well.  \r\nI have read the job post that you have posted in ……………….... and I’m interested to work on your project. My work portfolio includes successful clientele list. I have over 9 years of experience working as a web developer. Though my profile does not have much rating and review but, I believe that dedication and commitment are two qualities that have made me to be a success partner of clients across the globe. I would love to work on this project and help you to achieve success in your business goals. For any query you may feel free to get in touch with me.  \r\n \r\nMy Skills/Expertise and Work Portfolio:    \r\n-PHP, JavaScript, Java; \r\n- Core web: HTML5, CSS3, XML, JSON, jQuery;  \r\n- PHP frameworks: Yii, Laravel, Codeigniter;\r\n- JS frameworks: AngularJS, Vue.js; \r\n- OS: Linux, Windows;\r\n- Git, Composer, Vagrant Box;\r\n- SQL;\r\n- 3rd party API integration (Stripe, QuickBooks, UPS, FedEx, Google Maps, etc.) less  \r\n   \r\n  \r\nLooking forward to work with you very soon!', '[{\"name\":\"Resumedipanjandatta (1).doc\",\"file\":\"8787edb01fb1207af7fc9f468a091391.doc\"},{\"name\":\"Resumedipanjandatta (2).doc\",\"file\":\"8787edb01fb1207af7fc9f468a0913911.doc\"}]', '2021-04-06 12:40:14', NULL, 0, NULL, 1),
(13, 16, NULL, 20, 70.00, 10.00, 0, 'Less1week', 'Hi (Name), \r\nWarm Greetings!  \r\nHope you are doing well.  \r\nI have read the job post that you have posted in ……………….... and I’m interested to work on your project. My work portfolio includes successful clientele list. I have over 9 years of experience working as a web developer. Though my profile does not have much rating and review but, I believe that dedication and commitment are two qualities that have made me to be a success partner of clients across the globe. I would love to work on this project and help you to achieve success in your business goals. For any query you may feel free to get in touch with me.  \r\n \r\nMy Skills/Expertise and Work Portfolio:    \r\n-PHP, JavaScript, Java; \r\n- Core web: HTML5, CSS3, XML, JSON, jQuery;  \r\n- PHP frameworks: Yii, Laravel, Codeigniter;\r\n- JS frameworks: AngularJS, Vue.js; \r\n- OS: Linux, Windows;\r\n- Git, Composer, Vagrant Box;\r\n- SQL;\r\n- 3rd party API integration (Stripe, QuickBooks, UPS, FedEx, Google Maps, etc.) less  \r\n    \r\nLooking forward to work with you very soon! \r\nThanks with regards,\r\nAsharam Pakhira', '[{\"name\":\"ResumePradipGhatak.doc\",\"file\":\"8a3e25e4e42fef1e55be0591dd50da8e.doc\"}]', '2021-04-09 06:58:14', NULL, 0, NULL, 1),
(14, 16, NULL, 21, 75.00, 10.00, 0, 'Less1week', 'Hi , \r\nWarm Greetings!  \r\nHope you are doing well.  \r\nI have read the job post that you have posted in  and I’m interested to work on your project. My work portfolio includes successful clientele list. I have over 9 years of experience working as a web developer. Though my profile does not have much rating and review but, I believe that dedication and commitment are two qualities that have made me to be a success partner of clients across the globe. I would love to work on this project and help you to achieve success in your business goals. For any query you may feel free to get in touch with me.  \r\n \r\nMy Skills/Expertise and Work Portfolio:    \r\n-PHP, JavaScript, Java; \r\n- Core web: HTML5, CSS3, XML, JSON, jQuery;  \r\n- PHP frameworks: Yii, Laravel, Codeigniter;\r\n- JS frameworks: AngularJS, Vue.js; \r\n- OS: Linux, Windows;\r\n- Git, Composer, Vagrant Box;\r\n- SQL;\r\n- 3rd party API integration (Stripe, QuickBooks, UPS, FedEx, Google Maps, etc.) less  \r\n   \r\nLooking forward to work with you very soon!', '[{\"name\":\"ResumeAbhikChatterjee.doc\",\"file\":\"8f925f0a81059f1f10e69733480c25a9.doc\"}]', '2021-05-27 07:50:33', NULL, 0, NULL, 1),
(15, 16, NULL, 22, 10.00, 10.00, 0, NULL, 'Hello \r\n\r\nTest 123', NULL, '2021-06-10 16:08:08', NULL, NULL, 1, NULL),
(16, 16, NULL, 23, 75.00, 10.00, 0, 'Less1week', 'Hi (Name), \r\nWarm Greetings!  \r\nHope you are doing well.  \r\nI have read the job post that you have posted in ……………….... and I’m interested to work on your project. My work portfolio includes successful clientele list. I have over 9 years of experience working as a web developer. Though my profile does not have much rating and review but, I believe that dedication and commitment are two qualities that have made me to be a success partner of clients across the globe. I would love to work on this project and help you to achieve success in your business goals. For any query you may feel free to get in touch with me.  \r\n \r\nMy Skills/Expertise and Work Portfolio:    \r\n-PHP, JavaScript, Java; \r\n- Core web: HTML5, CSS3, XML, JSON, jQuery;  \r\n- PHP frameworks: Yii, Laravel, Codeigniter;\r\n- JS frameworks: AngularJS, Vue.js; \r\n- OS: Linux, Windows;\r\n- Git, Composer, Vagrant Box;\r\n- SQL;\r\n- 3rd party API integration (Stripe, QuickBooks, UPS, FedEx, Google Maps, etc.) less  \r\n   \r\n  \r\nLooking forward to work with you very soon! \r\n\r\n\r\nThanks with regards,\r\nAsharam Pakhira', '[{\"name\":\"ResumeKoelSaha (3).docx\",\"file\":\"f1a0ab49f332fd3cd3218f8dd08f1113.docx\"}]', '2021-06-11 13:50:39', NULL, 1, NULL, 1),
(17, 16, NULL, 24, 50.00, 10.00, 1, 'Less1week', 'WERE', NULL, '2021-06-15 15:20:59', NULL, NULL, NULL, NULL),
(18, 16, NULL, 27, 300.00, 10.00, 0, 'Less1week', 'dsfffffdf', '[{\"name\":\"186094548_151844443618919_4522828397817133479_n.jpg\",\"file\":\"7aca137df3a78c3f9329cfc63b8ebf07.jpg\"}]', '2021-07-07 16:57:40', NULL, 0, NULL, 1),
(19, 1, NULL, 16, 40.00, 7.00, 0, NULL, '............................................................', NULL, '2021-09-13 15:40:08', NULL, NULL, 1, NULL),
(20, 1, NULL, 29, 80.00, 7.00, 0, '1To3month', 'dssddsfsdaf', NULL, '2021-09-14 07:18:57', NULL, NULL, 1, NULL),
(21, 16, NULL, 29, 10.00, 10.00, 1, 'Less1week', 'hi', NULL, '2021-12-04 11:33:45', NULL, NULL, 1, NULL),
(22, 16, NULL, 31, 60.00, 10.00, 0, 'Less1week', 'What is Lorem Ipsum?\r\nLorem Ipsum is simply dummy text of the printing and typesetting industry. Lorem Ipsum has been the industry\'s standard dummy text ever since the 1500s, when an unknown printer took a galley of type and scrambled it to make a type specimen book. It has survived not only five centuries, but also the leap into electronic typesetting, remaining essentially unchanged. It was popularised in the 1960s with the release of Letraset sheets containing Lorem Ipsum passages, and more recently with desktop publishing software like Aldus PageMaker including versions of Lorem Ipsum.\r\n\r\nWhy do we use it?\r\nIt is a long established fact that a reader will be distracted by the readable content of a page when looking at its layout. The point of using Lorem Ipsum is that it has a more-or-less normal distribution of letters, as opposed to using \'Content here, content here\', making it look like readable English. Many desktop publishing packages and web page editors now use Lorem Ipsum as their default model text, and a search for \'lorem ipsum\' will uncover many web sites still in their infancy. Various versions have evolved over the years, sometimes by accident, sometimes on purpose (injected humour and the like).\r\n\r\n\r\nWhere does it come from?\r\nContrary to popular belief, Lorem Ipsum is not simply random text. It has roots in a piece of classical Latin literature from 45 BC, making it over 2000 years old. Richard McClintock, a Latin professor at Hampden-Sydney College in Virginia, looked up one of the more obscure Latin words, consectetur, from a Lorem Ipsum passage, and going through the cites of the word in classical literature, discovered the undoubtable source. Lorem Ipsum comes from sections 1.10.32 and 1.10.33 of \"de Finibus Bonorum et Malorum\" (The Extremes of Good and Evil) by Cicero, written in 45 BC. This book is a treatise on the theory of ethics, very popular during the Renaissance. The first line of Lorem Ipsum, \"Lorem ipsum dolor sit amet..\", comes from a line in section 1.10.32', '[{\"name\":\"Resume-samir-mandal.docx\",\"file\":\"6bd06f3527fe3965760f1ad979ee4bb3.docx\"}]', '2021-12-07 15:19:40', NULL, 0, NULL, 1),
(23, 1, NULL, 36, 12.00, 10.00, 0, 'Less1week', 'The standard Lorem Ipsum passage, used since the 1500s\r\n\"Lorem ipsum dolor sit amet, consectetur adipiscing elit, sed do eiusmod tempor incididunt ut labore et dolore magna aliqua. Ut enim ad minim veniam, quis nostrud exercitation ullamco laboris nisi ut aliquip ex ea commodo consequat. Duis aute irure dolor in reprehenderit in voluptate velit esse cillum dolore eu fugiat nulla pariatur. Excepteur sint occaecat cupidatat non proident, sunt in culpa qui officia deserunt mollit anim id est laborum.\"\r\n\r\nSection 1.10.32 of \"de Finibus Bonorum et Malorum\", written by Cicero in 45 BC\r\n\"Sed ut perspiciatis unde omnis iste natus error sit voluptatem accusantium doloremque laudantium, totam rem aperiam, eaque ipsa quae ab illo inventore veritatis et quasi architecto beatae vitae dicta sunt explicabo. Nemo enim ipsam voluptatem quia voluptas sit aspernatur aut odit aut fugit, sed quia consequuntur magni dolores eos qui ratione voluptatem sequi nesciunt. Neque porro quisquam est, qui dolorem ipsum quia dolor sit amet, consectetur, adipisci velit, sed quia non numquam eius modi tempora incidunt ut labore et dolore magnam aliquam quaerat voluptatem. Ut enim ad minima veniam, quis nostrum exercitationem ullam corporis suscipit laboriosam, nisi ut aliquid ex ea commodi consequatur? Quis autem vel eum iure reprehenderit qui in ea voluptate velit esse quam nihil molestiae consequatur, vel illum qui dolorem eum fugiat quo voluptas nulla pariatur?\"\r\n\r\n1914 translation by H. Rackham\r\n\"But I must explain to you how all this mistaken idea of denouncing pleasure and praising pain was born and I will give you a complete account of the system, and expound the actual teachings of the great explorer of the truth, the master-builder of human happiness. No one rejects, dislikes, or avoids pleasure itself, because it is pleasure, but because those who do not know how to pursue pleasure rationally encounter consequences that are extremely painful. Nor again is there anyone who loves or pursues or desires to obtain pain of itself, because it is pain, but because occasionally circumstances occur in which toil and pain can procure him some great pleasure. To take a trivial example, which of us ever undertakes laborious physical exercise, except to obtain some advantage from it? But who has any right to find fault with a man who chooses to enjoy a pleasure that has no annoying consequences, or one who avoids a pain that produces no resultant pleasure?\"\r\n\r\nSection 1.10.33 of \"de Finibus Bonorum et Malorum\", written by Cicero in 45 BC\r\n\"At vero eos et accusamus et iusto odio dignissimos ducimus qui blanditiis praesentium voluptatum deleniti atque corrupti quos dolores et quas molestias excepturi sint occaecati cupiditate non provident, similique sunt in culpa qui officia deserunt mollitia animi, id est laborum et dolorum fuga. Et harum quidem rerum facilis est et expedita distinctio. Nam libero tempore, cum soluta nobis est eligendi optio cumque nihil impedit quo minus id quod maxime placeat facere possimus, omnis voluptas assumenda est, omnis dolor repellendus. Temporibus autem quibusdam et aut officiis debitis aut rerum necessitatibus saepe eveniet ut et voluptates repudiandae sint et molestiae non recusandae. Itaque earum rerum hic tenetur a sapiente delectus, ut aut reiciendis voluptatibus maiores alias consequatur aut perferendis doloribus asperiores repellat.\"\r\n\r\n1914 translation by H. Rackham\r\n\"On the other hand, we denounce with righteous indignation and dislike men who are so beguiled and demoralized by the charms of pleasure of the moment, so blinded by desire, that they cannot foresee the pain and trouble that are bound to ensue; and equal blame belongs to those who fail in their duty through weakness of will, which is the same as saying through shrinking from toil and pain. These cases are perfectly simple and easy to distinguish. In a free hour, when our power of choice is untrammelled and when nothing prevents our being able to do what we like best, every pleasure is to be welcomed and every pain avoided. But in certain circumstances and owing to the claims of duty or the obligations of business it will frequently occur that pleasures have to be repudiated and annoyances accepted. The wise man therefore always holds in these matters to this principle of selection: he rejects pleasures to secure other greater pleasures, or else he endures pains to avoid worse pains.\"', NULL, '2022-02-09 05:09:50', NULL, 0, NULL, 1),
(24, 1, NULL, 37, 14.00, 10.00, 0, NULL, '\"Lorem ipsum dolor sit amet, consectetur adipiscing elit, sed do eiusmod tempor incididunt ut labore et dolore magna aliqua. Ut enim ad minim veniam, quis nostrud exercitation ullamco laboris nisi ut aliquip ex ea commodo consequat. Duis aute irure dolor in reprehenderit in voluptate velit esse cillum dolore eu fugiat nulla pariatur. Excepteur sint occaecat cupidatat non proident, sunt in culpa qui officia deserunt mollit anim id est laborum.\"', NULL, '2022-02-09 05:34:59', NULL, 1, NULL, 1),
(25, 1, NULL, 38, 12.00, 10.00, 1, 'Less1month', 'qwertyuiop', NULL, '2022-02-10 00:56:12', NULL, 0, NULL, 1),
(26, 1, NULL, 39, 15.00, 10.00, 0, NULL, 'Lorem ipsum dolor sit amet, consectetur adipiscing elit. Curabitur fermentum et mi vitae posuere. Pellentesque in magna vitae nisi semper ullamcorper sed non orci. Praesent luctus ultrices ligula eu ullamcorper. Etiam hendrerit, dolor quis pharetra pulvinar, odio purus interdum elit, quis gravida velit eros ut ex. Vivamus vel consequat purus. Nam aliquam nec quam eu luctus. Phasellus sit amet est felis. Sed at aliquam felis, id elementum arcu. Curabitur eget sagittis nisl. Nullam egestas eleifend velit. Suspendisse eu malesuada urna. Vivamus feugiat justo et velit porta tincidunt.', NULL, '2022-02-12 07:34:24', NULL, 0, NULL, 1),
(27, 1, NULL, 40, 56.00, 10.00, 0, 'Less1week', 'Lorem ipsum dolor sit amet, consectetur adipiscing elit. Curabitur fermentum et mi vitae posuere. Pellentesque in magna vitae nisi semper ullamcorper sed non orci. Praesent luctus ultrices ligula eu ullamcorper. Etiam hendrerit, dolor quis pharetra pulvinar, odio purus interdum elit, quis gravida velit eros ut ex. Vivamus vel consequat purus. Nam aliquam nec quam eu luctus. Phasellus sit amet est felis. Sed at aliquam felis, id elementum arcu. Curabitur eget sagittis nisl. Nullam egestas eleifend velit. Suspendisse eu malesuada urna. Vivamus feugiat justo et velit porta tincidunt.', '[{\"name\":\"Avatar-Women.png\",\"file\":\"1de7e891a07e4560ce0236b527f4004d.png\"}]', '2022-02-12 08:56:30', NULL, NULL, 1, NULL),
(28, 1, NULL, 41, 18.00, 10.00, 0, 'Less1week', 'Lorem ipsum dolor sit amet, consectetur adipiscing elit. Integer posuere ac velit sit amet porttitor. Ut cursus justo vitae porta posuere. Maecenas scelerisque libero augue. Donec at pellentesque magna, at fermentum turpis. Curabitur felis turpis, tempus id mi at, euismod dapibus ligula. Ut eu odio eu magna pulvinar facilisis. Integer et justo ornare, sollicitudin orci at, dictum nisl. Donec non feugiat velit.', '[{\"name\":\"Avatar-Women.png\",\"file\":\"f0b93134fd0d5ed170d9249fdc5a52a0.png\"}]', '2022-02-15 00:55:44', NULL, 0, NULL, 1),
(29, 1, NULL, 43, 770.00, 10.00, 0, 'Less1month', 'لا يوجد', '[{\"name\":\"sss.jpg\",\"file\":\"899d3d17d8900ac395fa7c2a146ca1e9.jpg\"}]', '2022-03-22 17:47:01', NULL, NULL, 1, NULL),
(30, 1, NULL, 44, 50000.00, 10.00, 1, 'Less1month', 'tesing', NULL, '2022-02-25 09:58:47', NULL, NULL, NULL, NULL),
(31, 16, NULL, 42, 5050.00, 10.00, 1, 'Less1week', 'hhjjjjjjjjji', NULL, '2022-03-03 09:50:21', NULL, NULL, NULL, NULL),
(32, 16, NULL, 45, 40.00, 10.00, 1, 'Less1week', 'I agree', NULL, '2022-03-03 10:14:04', NULL, 0, NULL, 1),
(33, 16, NULL, 46, 80.00, 10.00, 1, 'Less1week', 'I agreeer', NULL, '2022-03-03 10:37:53', NULL, 0, NULL, 1),
(34, 33, NULL, 46, 70.00, 10.00, 1, 'Less1week', 'I agree', NULL, '2022-03-03 12:32:47', NULL, 0, NULL, 1),
(35, 1, NULL, 47, 5.00, 10.00, 0, 'Less1week', 'sBdARN ebsfmn xdghm zsdadfb zsf n', NULL, '2022-03-11 06:41:29', NULL, 0, NULL, 1),
(36, 16, NULL, 48, 25.00, 10.00, 0, NULL, 'This is a cover letterqqqqqqqqqqqqqqqqqqqqqqqqqqqqqqqqqqqqqqqqqqqqqqqqqqqqqqqqqqqqqqqqqqqqqqqqqqqqqqqqqThis is a cover letterqqqqqqqqqqqqqqqqqqqqqqqqqqqqqqqqqqqqqqqqqqqqqqqqqqqqqqqqqqqqqqqqqqqqqqqqqqqqqqqqqThis is a cover letterqqqqqqqqqqqqqqqqqqqqqqqqqqqqqqqqqqqqqqqqqqqqqqqqqqqqqqqqqqqqqqqqqqqqqqqqqqqqqqqqqThis is a cover letterqqqqqqqqqqqqqqqqqqqqqqqqqqqqqqqqqqqqqqqqqqqqqqqqqqqqqqqqqqqqqqqqqqqqqqqqqqqqqqqqqThis is a cover letterqqqqqqqqqqqqqqqqqqqqqqqqqqqqqqqqqqqqqqqqqqqqqqqqqqqqqqqqqqqqqqqqqqqqqqqqqqqqqqqqqThis is a cover letterqqqqqqqqqqqqqqqqqqqqqqqqqqqqqqqqqqqqqqqqqqqqqqqqqqqqqqqqqqqqqqqqqqqqqqqqqqqqqqqqqThis is a cover letterqqqqqqqqqqqqqqqqqqqqqqqqqqqqqqqqqqqqqqqqqqqqqqqqqqqqqqqqqqqqqqqqqqqqqqqqqqqqqqqqqThis is a cover letterqqqqqqqqqqqqqqqqqqqqqqqqqqqqqqqqqqqqqqqqqqqqqqqqqqqqqqqqqqqqqqqqqqqqqqqqqqqqqqqqqThis is a cover letterqqqqqqqqqqqqqqqqqqqqqqqqqqqqqqqqqqqqqqqqqqqqqqqqqqqqqqqqqqqqqqqqqqqqqqqqqqqqqqqqqThis is a cover letterqqqqqqqqqqqqqqqqqqqqqqqqqqqqqqqqqqqqqqqqqqqqqqqqqqqqqqqqqqqqqqqqqqqqqqqqqqqqqqqqqThis is a cover letterqqqqqqqqqqqqqqqqqqqqqqqqqqqqqqqqqqqqqqqqqqqqqqqqqqqqqqqqqqqqqqqqqqqqqqqqqqqqqqqqqThis is a cover letterqqqqqqqqqqqqqqqqqqqqqqqqqqqqqqqqqqqqqqqqqqqqqqqqqqqqqqqqqqqqqqqqqqqqqqqqqqqqqqqqqThis is a cover letterqqqqqqqqqqqqqqqqqqqqqqqqqqqqqqqqqqqqqqqqqqqqqqqqqqqqqqqqqqqqqqqqqqqqqqqqqqqqqqqqqThis is a cover letterqqqqqqqqqqqqqqqqqqqqqqqqqqqqqqqqqqqqqqqqqqqqqqqqqqqqqqqqqqqqqqqqqqqqqqqqqqqqqqqqqThis is a cover letterqqqqqqqqqqqqqqqqqqqqqqqqqqqqqqqqqqqqqqqqqqqqqqqqqqqqqqqqqqqqqqqqqqqqqqqqqqqqqqqqqThis is a cover letterqqqqqqqqqqqqqqqqqqqqqqqqqqqqqqqqqqqqqqqqqqqqqqqqqqqqqqqqqqqqqqqqqqqqqqqqqqqqqqqqqThis is a cover letterqqqqqqqqqqqqqqqqqqqqqqqqqqqqqqqqqqqqqqqqqqqqqqqqqqqqqqqqqqqqqqqqqqqqqqqqqqqqqqqqqThis is a cover letterqqqqqqqqqqqqqqqqqqqqqqqqqqqqqqqqqqqqqqqqqqqqqqqqqqqqqqqqqqqqqqqqqqqqqqqqqqqqqqqqqThis is a cover letterqqqqqqqqqqqqqqqqqqqqqqqqqqqqqqqqqqqqqqqqqqqqqqqqqqqqqqqqqqqqqqqqqqqqqqqqqqqqqqqqqThis is a cover letterqqqqqqqqqqqqqqqqqqqqqqqqqqqqqqqqqqqqqqqqqqqqqqqqqqqqqqqqqqqqqqqqqqqqqqqqqqqqqqqqqThis is a cover letterqqqqqqqqqqqqqqqqqqqqqqqqqqqqqqqqqqqqqqqqqqqqqqqqqqqqqqqqqqqqqqqqqqqqqqqqqqqqqqqqqThis is a cover letterqqqqqqqqqqqqqqqqqqqqqqqqqqqqqqqqqqqqqqqqqqqqqqqqqqqqqqqqqqqqqqqqqqqqqqqqqqqqqqqqqThis is a cover letterqqqqqqqqqqqqqqqqqqqqqqqqqqqqqqqqqqqqqqqqqqqqqqqqqqqqqqqqqqqqqqqqqqqqqqqqqqqqqqqqqThis is a cover letterqqqqqqqqqqqqqqqqqqqqqqqqqqqqqqqqqqqqqqqqqqqqqqqqqqqqqqqqqqqqqqqqqqqqqqqqqqqqqqqqqThis is a cover letterqqqqqqqqqqqqqqqqqqqqqqqqqqqqqqqqqqqqqqqqqqqqqqqqqqqqqqqqqqqqqqqqqqqqqqqqqqqqqqqqqThis is a cover letterqqqqqqqqqqqqqqqqqqqqqqqqqqqqqqqqqqqqqqqqqqqqqqqqqqqqqqqqqqqqqqqqqqqqqqqqqqqqqqqqqThis is a cover letterqqqqqqqqqqqqqqqqqqqqqqqqqqqqqqqqqqqqqqqqqqqqqqqqqqqqqqqqqqqqqqqqqqqqqqqqqqqqqqqqqThis is a cover letterqqqqqqqqqqqqqqqqqqqqqqqqqqqqqqqqqqqqqqqqqqqqqqqqqqqqqqqqqqqqqqqqqqqqqqqqqqqqqqqqqThis is a cover letterqqqqqqqqqqqqqqqqqqqqqqqqqqqqqqqqqqqqqqqqqqqqqqqqqqqqqqqqqqqqqqqqqqqqqqqqqqqqqqqqqThis is a cover letterqqqqqqqqqqqqqqqqqqqqqqqqqqqqqqqqqqqqqqqqqqqqqqqqqqqqqqqqqqqqqqqqqqqqqqqqqqqqqqqqqThis is a cover letterqqqqqqqqqqqqqqqqqqqqqqqqqqqqqqqqqqqqqqqqqqqqqqqqqqqqqqqqqqqqqqqqqqqqqqqqqqqqqqqqqThis is a cover letterqqqqqqqqqqqqqqqqqqqqqqqqqqqqqqqqqqqqqqqqqqqqqqqqqqqqqqqqqqqqqqqqqqqqqqqqqqqqqqqqqThis is a cover letterqqqqqqqqqqqqqqqqqqqqqqqqqqqqqqqqqqqqqqqqqqqqqqqqqqqqqqqqqqqqqqqqqqqqqqqqqqqqqqqqqThis is a cover letterqqqqqqqqqqqqqqqqqqqqqqqqqqqqqqqqqqqqqqqqqqqqqqqqqqqqqqqqqqqqqqqqqqqqqqqqqqqqqqqqqThis is a cover letterqqqqqqqqqqqqqqqqqqqqqqqqqqqqqqqqqqqqqqqqqqqqqqqqqqqqqqqqqqqqqqqqqqqqqqqqqqqqqqqqqThis is a cover letterqqqqqqqqqqqqqqqqqqqqqqqqqqqqqqqqqqqqqqqqqqqqqqqqqqqqqqqqqqqqqqqqqqqqqqqqqqqqqqqqqThis is a cover letterqqqqqqqqqqqqqqqqqqqqqqqqqqqqqqqqqqqqqqqqqqqqqqqqqqqqqqqqqqqqqqqqqqqqqqqqqqqqqqqqqThis is a cover letterqqqqqqqqqqqqqqqqqqqqqqqqqqqqqqqqqqqqqqqqqqqqqqqqqqqqqqqqqqqqqqqqqqqqqqqqqqqqqqqqqThis is a cover letterqqqqqqqqqqqqqqqqqqqqqqqqqqqqqqqqqqqqqqqqqqqqqqqqqqqqqqqqqqqqqqqqqqqqqqqqqqqqqqqqqThis is a cover letterqqqqqqqqqqqqqqqqqqqqqqqqqqqqqqqqqqqqqqqqqqqqqqqqqqqqqqqqqqqqqqqqqqqqqqqqqqqqqqqqqThis is a cover letterqqqqqqqqqqqqqqqqqqqqqqqqqqqqqqqqqqqqqqqqqqqqqqqqqqqqqqqqqqqqqqqqqqqqqqqqqqqqqqqqqThis is a cover letterqqqqqqqqqqqqqqqqqqqqqqqqqqqqqqqqqqqqqqqqqqqqqqqqqqqqqqqqqqqqqqqqqqqqqqqqqqqqqqqqqThis is a cover letterqqqqqqqqqqqqqqqqqqqqqqqqqqqqqqqqqqqqqqqqqqqqqqqqqqqqqqqqqqqqqqqqqqqqqqqqqqqqqqqqqThis is a cover letterqqqqqqqqqqqqqqqqqqqqqqqqqqqqqqqqqqqqqqqqqqqqqqqqqqqqqqqqqqqqqqqqqqqqqqqqqqqqqqqqqThis is a cover letterqqqqqqqqqqqqqqqqqqqqqqqqqqqqqqqqqqqqqqqqqqqqqqqqqqqqqqqqqqqqqqqqqqqqqqqqqqqqqqqqqThis is a cover letterqqqqqqqqqqqqqqqqqqqqqqqqqqqqqqqqqqqqqqqqqqqqqqqqqqqqqqqqqqqqqqqqqqqqqqqqqqqqqqqqqThis is a cover letterqqqqqqqqqqqqqqqqqqqqqqqqqqqqqqqqqqqqqqqqqqqqqqqqqqqqqqqqqqqqqqqqqqqqqqqqqqqqqqqqqThis is a cover letterqqqqqqqqqqqqqqqqqqqqqqqqqqqqqqqqqqqqqqqqqqqqqqqqqqqqqqqqqqqqqqqqqqqqqqqqqqqqqqqqqThis is a cover letterqqqqqqqqqqqqqqqqqqqqqqqqqqqqqqqqqqqqqqqqqqqqqqqqqqqqqqqqqqqqqqqqqqqqqqqqqqqqqqqqqThis is a cover letterqqqqqqqqqqqqqqqqqqqqqqqqqqqqqqqqqqqqqqqqqqqqqqqqqqqqqqqqqqqqqqqqqqqqqqqqqqqqqqqqqThis is a cover letterqqqqqqqqqqqqqqqqqqqqqqqqqqqqqqqqqqqqqqqqqqqqqqqqqqqqqqqqqqqqqqqqqqqqqqqqqqqqqqqqqThis is a cover letterqqqqqqqqqqqqqqqqqqqqqqqqqqqqqqqqqqqqqqqqqqqqqqqqqqqqqqqqqqqqqqqqqqqqqqqqqqqqqqqqqThis is a cover letterqqqqqqqqqqqqqqqqqqqqqqqqqqqqqqqqqqqqqqqqqqqqqqqqqqqqqqqqqqqqqqqqqqqqqqqqqqqqqqqqqThis is a cover letterqqqqqqqqqqqqqqqqqqqqqqqqqqqqqqqqqqqqqqqqqqqqqqqqqqqqqqqqqqqqqqqqqqqqqqqqqqqqqqqqqThis is a cover letterqqqqqqqqqqqqqqqqqqqqqqqqqqqqqqqqqqqqqqqqqqqqqqqqqqqqqqqqqqqqqqqqqqqqqqqqqqqqqqqqqThis is a cover letterqqqqqqqqqqqqqqqqqqqqqqqqqqqqqqqqqqqqqqqqqqqqqqqqqqqqqqqqqqqqqqqqqqqqqqqqqqqqqqqqqThis is a cover letterqqqqqqqqqqqqqqqqqqqqqqqqqqqqqqqqqqqqqqqqqqqqqqqqqqqqqqqqqqqqqqqqqqqqqqqqqqqqqqqqqThis is a cover letterqqqqqqqqqqqqqqqqqqqqqqqqqqqqqqqqqqqqqqqqqqqqqqqqqqqqqqqqqqqqqqqqqqqqqqqqqqqqqqqqqThis is a cover letterqqqqqqqqqqqqqqqqqqqqqqqqqqqqqqqqqqqqqqqqqqqqqqqqqqqqqqqqqqqqqqqqqqqqqqqqqqqqqqqqqThis is a cover letterqqqqqqqqqqqqqqqqqqqqqqqqqqqqqqqqqqqqqqqqqqqqqqqqqqqqqqqqqqqqqqqqqqqqqqqqqqqqqqqqqThis is a cover letterqqqqqqqqqqqqqqqqqqqqqqqqqqqqqqqqqqqqqqqqqqqqqqqqqqqqqqqqqqqqqqqqqqqqqqqqqqqqqqqqqThis is a cover letterqqqqqqqqqqqqqqqqqqqqqqqqqqqqqqqqqqqqqqqqqqqqqqqqqqqqqqqqqqqqqqqqqqqqqqqqqqqqqqqqqThis is a cover letterqqqqqqqqqqqqqqqqqqqqqqqqqqqqqqqqqqqqqqqqqqqqqqqqqqqqqqqqqqqqqqqqqqqqqqqqqqqqqqqqqThis is a cover letterqqqqqqqqqqqqqqqqqqqqqqqqqqqqqqqqqqqqqqqqqqqqqqqqqqqqqqqqqqqqqqqqqqqqqqqqqqqqqqqqqThis is a cover letterqqqqqqqqqqqqqqqqqqqqqqqqqqqqqqqqqqqqqqqqqqqqqqqqqqqqqqqqqqqqqqqqqqqqqqqqqqqqqqqqqThis is a cover letterqqqqqqqqqqqqqqqqqqqqqqqqqqqqqqqqqqqqqqqqqqqqqqqqqqqqqqqqqqqqqqqqqqqqqqqqqqqqqqqqqThis is a cover letterqqqqqqqqqqqqqqqqqqqqqqqqqqqqqqqqqqqqqqqqqqqqqqqqqqqqqqqqqqqqqqqqqqqqqqqqqqqqqqqqqThis is a cover letterqqqqqqqqqqqqqqqqqqqqqqqqqqqqqqqqqqqqqqqqqqqqqqqqqqqqqqqqqqqqqqqqqqqqqqqqqqqqqqqqqThis is a cover letterqqqqqqqqqqqqqqqqqqqqqqqqqqqqqqqqqqqqqqqqqqqqqqqqqqqqqqqqqqqqqqqqqqqqqqqqqqqqqqqqqThis is a cover letterqqqqqqqqqqqqqqqqqqqqqqqqqqqqqqqqqqqqqqqqqqqqqqqqqqqqqqqqqqqqqqqqqqqqqqqqqqqqqqqqqThis is a cover letterqqqqqqqqqqqqqqqqqqqqqqqqqqqqqqqqqqqqqqqqqqqqqqqqqqqqqqqqqqqqqqqqqqqqqqqqqqqqqqqqqThis is a cover letterqqqqqqqqqqqqqqqqqqqqqqqqqqqqqqqqqqqqqqqqqqqqqqqqqqqqqqqqqqqqqqqqqqqqqqqqqqqqqqqqqThis is a cover letterqqqqqqqqqqqqqqqqqqqqqqqqqqqqqqqqqqqqqqqqqqqqqqqqqqqqqqqqqqqqqqqqqqqqqqqqqqqqqqqqqThis is a cover letterqqqqqqqqqqqqqqqqqqqqqqqqqqqqqqqqqqqqqqqqqqqqqqqqqqqqqqqqqqqqqqqqqqqqqqqqqqqqqqqqqThis is a cover letterqqqqqqqqqqqqqqqqqqqqqqqqqqqqqqqqqqqqqqqqqqqqqqqqqqqqqqqqqqqqqqqqqqqqqqqqqqqqqqqqqThis is a cover letterqqqqqqqqqqqqqqqqqqqqqqqqqqqqqqqqqqqqqqqqqqqqqqqqqqqqqqqqqqqqqqqqqqqqqqqqqqqqqqqqqThis is a cover letterqqqqqqqqqqqqqqqqqqqqqqqqqqqqqqqqqqqqqqqqqqqqqqqqqqqqqqqqqqqqqqqqqqqqqqqqqqqqqqqqqThis is a cover letterqqqqqqqqqqqqqqqqqqqqqqqqqqqqqqqqqqqqqqqqqqqqqqqqqqqqqqqqqqqqqqqqqqqqqqqqqqqqqqqqqThis is a cover letterqqqqqqqqqqqqqqqqqqqqqqqqqqqqqqqqqqqqqqqqqqqqqqqqqqqqqqqqqqqqqqqqqqqqqqqqqqqqqqqqqThis is a cover letterqqqqqqqqqqqqqqqqqqqqqqqqqqqqqqqqqqqqqqqqqqqqqqqqqqqqqqqqqqqqqqqqqqqqqqqqqqqqqqqqqThis is a cover letterqqqqqqqqqqqqqqqqqqqqqqqqqqqqqqqqqqqqqqqqqqqqqqqqqqqqqqqqqqqqqqqqqqqqqqqqqqqqqqqqqThis is a cover letterqqqqqqqqqqqqqqqqqqqqqqqqqqqqqqqqqqqqqqqqqqqqqqqqqqqqqqqqqqqqqqqqqqqqqqqqqqqqqqqqqThis is a cover letterqqqqqqqqqqqqqqqqqqqqqqqqqqqqqqqqqqqqqqqqqqqqqqqqqqqqqqqqqqqqqqqqqqqqqqqqqqqqqqqqqThis is a cover letterqqqqqqqqqqqqqqqqqqqqqqqqqqqqqqqqqqqqqqqqqqqqqqqqqqqqqqqqqqqqqqqqqqqqqqqqqqqqqqqqqThis is a cover letterqqqqqqqqqqqqqqqqqqqqqqqqqqqqqqqqqqqqqqqqqqqqqqqqqqqqqqqqqqqqqqqqqqqqqqqqqqqqqqqqqThis is a cover letterqqqqqqqqqqqqqqqqqqqqqqqqqqqqqqqqqqqqqqqqqqqqqqqqqqqqqqqqqqqqqqqqqqqqqqqqqqqqqqqqqThis is a cover letterqqqqqqqqqqqqqqqqqqqqqqqqqqqqqqqqqqqqqqqqqqqqqqqqqqqqqqqqqqqqqqqqqqqqqqqqqqqqqqqqqThis is a cover letterqqqqqqqqqqqqqqqqqqqqqqqqqqqqqqqqqqqqqqqqqqqqqqqqqqqqqqqqqqqqqqqqqqqqqqqqqqqqqqqqqThis is a cover letterqqqqqqqqqqqqqqqqqqqqqqqqqqqqqqqqqqqqqqqqqqqqqqqqqqqqqqqqqqqqqqqqqqqqqqqqqqqqqqqqqThis is a cover letterqqqqqqqqqqqqqqqqqqqqqqqqqqqqqqqqqqqqqqqqqqqqqqqqqqqqqqqqqqqqqqqqqqqqqqqqqqqqqqqqqThis is a cover letterqqqqqqqqqqqqqqqqqqqqqqqqqqqqqqqqqqqqqqqqqqqqqqqqqqqqqqqqqqqqqqqqqqqqqqqqqqqqqqqqqThis is a cover letterqqqqqqqqqqqqqqqqqqqqqqqqqqqqqqqqqqqqqqqqqqqqqqqqqqqqqqqqqqqqqqqqqqqqqqqqqqqqqqqqqThis is a cover letterqqqqqqqqqqqqqqqqqqqqqqqqqqqqqqqqqqqqqqqqqqqqqqqqqqqqqqqqqqqqqqqqqqqqqqqqqqqqqqqqqThis is a cover letterqqqqqqqqqqqqqqqqqqqqqqqqqqqqqqqqqqqqqqqqqqqqqqqqqqqqqqqqqqqqqqqqqqqqqqqqqqqqqqqqqThis is a cover letterqqqqqqqqqqqqqqqqqqqqqqqqqqqqqqqqqqqqqqqqqqqqqqqqqqqqqqqqqqqqqqqqqqqqqqqqqqqqqqqqqThis is a cover letterqqqqqqqqqqqqqqqqqqqqqqqqqqqqqqqqqqqqqqqqqqqqqqqqqqqqqqqqqqqqqqqqqqqqqqqqqqqqqqqqqThis is a cover letterqqqqqqqqqqqqqqqqqqqqqqqqqqqqqqqqqqqqqqqqqqqqqqqqqqqqqqqqqqqqqqqqqqqqqqqqqqqqqqqqqThis is a cover letterqqqqqqqqqqqqqqqqqqqqqqqqqqqqqqqqqqqqqqqqqqqqqqqqqqqqqqqqqqqqqqqqqqqqqqqqqqqqqqqqqThis is a cover letterqqqqqqqqqqqqqqqqqqqqqqqqqqqqqqqqqqqqqqqqqqqqqqqqqqqqqqqqqqqqqqqqqqqqqqqqqqqqqqqqqThis is a cover letterqqqqqqqqqqqqqqqqqqqqqqqqqqqqqqqqqqqqqqqqqqqqqqqqqqqqqqqqqqqqqqqqqqqqqqqqqqqqqqqqqThis is a cover letterqqqqqqqqqqqqqqqqqqqqqqqqqqqqqqqqqqqqqqqqqqqqqqqqqqqqqqqqqqqqqqqqqqqqqqqqqqqqqqqqqThis is a cover letterqqqqqqqqqqqqqqqqqqqqqqqqqqqqqqqqqqqqqqqqqqqqqqqqqqqqqqqqqqqqqqqqqqqqqqqqqqqqqqqqqThis is a cover letterqqqqqqqqqqqqqqqqqqqqqqqqqqqqqqqqqqqqqqqqqqqqqqqqqqqqqqqqqqqqqqqqqqqqqqqqqqqqqqqqqThis is a cover letterqqqqqqqqqqqqqqqqqqqqqqqqqqqqqqqqqqqqqqqqqqqqqqqqqqqqqqqqqqqqqqqqqqqqqqqqqqqqqqqqqjkhfdwjhfjhfjehjehfjhgfjhThis is a cover letterqqqqqqqqqqqqqqqqqqqqqqqqqqqqqqqqqqqqqqqqqqqqqqqqqqqqqqqqqqqqqqqqqqqqqqqqqqqqqqqqqThis is a cover letterqqqqqqqqqqqqqqqqqqqqqqqqqqqqqqqqqqqqqqqqqqqqqqqqqqqqqqqqqqqqqqqqqqqqqqqqqqqqqqqqqThis is a cover letterqqqqqqqqqqqqqqqqqqqqqqqqqqqqqqqqqqqqqqqqqqqqqqqqqqqqqqqqqqqqqqqqqqqqqqqqqqqqqqqqqThis is a cover letterqqqqqqqqqqqqqqqqqqqqqqqqqqqqqqqqqqqqqqqqqqqqqqqqqqqqqqqqqqqqqqqqqqqqqqqqqqqqqqqqqThis is a cover letterqqqqqqqqqqqqqqqqqqqqqqqqqqqqqqqqqqqqqqqqqqqqqqqqqqqqqqqqqqqqqqqqqqqqqqqqqqqqqqqqqThis is a cover letterqqqqqqqqqqqqqqqqqqqqqqqqqqqqqqqqqqqqqqqqqqqqqqqqqqqqqqqqqqqqqqqqqqqqqqqqqqqqqqqqqThis is a cover letterqqqqqqqqqqqqqqqqqqqqqqqqqqqqqqqqqqqqqqqqqqqqqqqqqqqqqqqqqqqqqqqqqqqqqqqqqqqqqqqqqThis is a cover letterqqqqqqqqqqqqqqqqqqqqqqqqqqqqqqqqqqqqqqqqqqqqqqqqqqqqqqqqqqqqqqqqqqqqqqqqqqqqqqqqqThis is a cover letterqqqqqqqqqqqqqqqqqqqqqqqqqqqqqqqqqqqqqqqqqqqqqqqqqqqqqqqqqqqqqqqqqqqqqqqqqqqqqqqqqThis is a cover letterqqqqqqqqqqqqqqqqqqqqqqqqqqqqqqqqqqqqqqqqqqqqqqqqqqqqqqqqqqqqqqqqqqqqqqqqqqqqqqqqqThis is a cover letterqqqqqqqqqqqqqqqqqqqqqqqqqqqqqqqqqqqqqqqqqqqqqqqqqqqqqqqqqqqqqqqqqqqqqqqqqqqqqqqqqThis is a cover letterqqqqqqqqqqqqqqqqqqqqqqqqqqqqqqqqqqqqqqqqqqqqqqqqqqqqqqqqqqqqqqqqqqqqqqqqqqqqqqqqqThis is a cover letterqqqqqqqqqqqqqqqqqqqqqqqqqqqqqqqqqqqqqqqqqqqqqqqqqqqqqqqqqqqqqqqqqqqqqqqqqqqqqqqqqThis is a cover letterqqqqqqqqqqqqqqqqqqqqqqqqqqqqqqqqqqqqqqqqqqqqqqqqqqqqqqqqqqqqqqqqqqqqqqqqqqqqqqqqqThis is a cover letterqqqqqqqqqqqqqqqqqqqqqqqqqqqqqqqqqqqqqqqqqqqqqqqqqqqqqqqqqqqqqqqqqqqqqqqqqqqqqqqqqThis is a cover letterqqqqqqqqqqqqqqqqqqqqqqqqqqqqqqqqqqqqqqqqqqqqqqqqqqqqqqqqqqqqqqqqqqqqqqqqqqqqqqqqqThis is a cover letterqqqqqqqqqqqqqqqqqqqqqqqqqqqqqqqqqqqqqqqqqqqqqqqqqqqqqqqqqqqqqqqqqqqqqqqqqqqqqqqqqThis is a cover letterqqqqqqqqqqqqqqqqqqqqqqqqqqqqqqqqqqqqqqqqqqqqqqqqqqqqqqqqqqqqqqqqqqqqqqqqqqqqqqqqqThis is a cover letterqqqqqqqqqqqqqqqqqqqqqqqqqqqqqqqqqqqqqqqqqqqqqqqqqqqqqqqqqqqqqqqqqqqqqqqqqqqqqqqqqThis is a cover letterqqqqqqqqqqqqqqqqqqqqqqqqqqqqqqqqqqqqqqqqqqqqqqqqqqqqqqqqqqqqqqqqqqqqqqqqqqqqqqqqqThis is a cover letterqqqqqqqqqqqqqqqqqqqqqqqqqqqqqqqqqqqqqqqqqqqqqqqqqqqqqqqqqqqqqqqqqqqqqqqqqqqqqqqqqThis is a cover letterqqqqqqqqqqqqqqqqqqqqqqqqqqqqqqqqqqqqqqqqqqqqqqqqqqqqqqqqqqqqqqqqqqqqqqqqqqqqqqqqqThis is a cover letterqqqqqqqqqqqqqqqqqqqqqqqqqqqqqqqqqqqqqqqqqqqqqqqqqqqqqqqqqqqqqqqqqqqqqqqqqqqqqqqqqThis is a cover letterqqqqqqqqqqqqqqqqqqqqqqqqqqqqqqqqqqqqqqqqqqqqqqqqqqqqqqqqqqqqqqqqqqqqqqqqqqqqqqqqqThis is a cover letterqqqqqqqqqqqqqqqqqqqqqqqqqqqqqqqqqqqqqqqqqqqqqqqqqqqqqqqqqqqqqqqqqqqqqqqqqqqqqqqqqThis is a cover letterqqqqqqqqqqqqqqqqqqqqqqqqqqqqqqqqqqqqqqqqqqqqqqqqqqqqqqqqqqqqqqqqqqqqqqqqqqqqqqqqqThis is a cover letterqqqqqqqqqqqqqqqqqqqqqqqqqqqqqqqqqqqqqqqqqqqqqqqqqqqqqqqqqqqqqqqqqqqqqqqqqqqqqqqqqThis is a cover letterqqqqqqqqqqqqqqqqqqqqqqqqqqqqqqqqqqqqqqqqqqqqqqqqqqqqqqqqqqqqqqqqqqqqqqqqqqqqqqqqqThis is a cover letterqqqqqqqqqqqqqqqqqqqqqqqqqqqqqqqqqqqqqqqqqqqqqqqqqqqqqqqqqqqqqqqqqqqqqqqqqqqqqqqqqThis is a cover letterqqqqqqqqqqqqqqqqqqqqqqqqqqqqqqqqqqqqqqqqqqqqqqqqqqqqqqqqqqqqqqqqqqqqqqqqqqqqqqqqqThis is a cover letterqqqqqqqqqqqqqqqqqqqqqqqqqqqqqqqqqqqqqqqqqqqqqqqqqqqqqqqqqqqqqqqqqqqqqqqqqqqqqqqqqThis is a cover letterqqqqqqqqqqqqqqqqqqqqqqqqqqqqqqqqqqqqqqqqqqqqqqqqqqqqqqqqqqqqqqqqqqqqqqqqqqqqqqqqqThis is a cover letterqqqqqqqqqqqqqqqqqqqqqqqqqqqqqqqqqqqqqqqqqqqqqqqqqqqqqqqqqqqqqqqqqqqqqqqqqqqqqqqqqThis is a cover letterqqqqqqqqqqqqqqqqqqqqqqqqqqqqqqqqqqqqqqqqqqqqqqqqqqqqqqqqqqqqqqqqqqqqqqqqqqqqqqqqqThis is a cover letterqqqqqqqqqqqqqqqqqqqqqqqqqqqqqqqqqqqqqqqqqqqqqqqqqqqqqqqqqqqqqqqqqqqqqqqqqqqqqqqqqThis is a cover letterqqqqqqqqqqqqqqqqqqqqqqqqqqqqqqqqqqqqqqqqqqqqqqqqqqqqqqqqqqqqqqqqqqqqqqqqqqqqqqqqqThis is a cover letterqqqqqqqqqqqqqqqqqqqqqqqqqqqqqqqqqqqqqqqqqqqqqqqqqqqqqqqqqqqqqqqqqqqqqqqqqqqqqqqqqThis is a cover letterqqqqqqqqqqqqqqqqqqqqqqqqqqqqqqqqqqqqqqqqqqqqqqqqqqqqqqqqqqqqqqqqqqqqqqqqqqqqqqqqqThis is a cover letterqqqqqqqqqqqqqqqqqqqqqqqqqqqqqqqqqqqqqqqqqqqqqqqqqqqqqqqqqqqqqqqqqqqqqqqqqqqqqqqqqThis is a cover letterqqqqqqqqqqqqqqqqqqqqqqqqqqqqqqqqqqqqqqqqqqqqqqqqqqqqqqqqqqqqqqqqqqqqqqqqqqqqqqqqqThis is a cover letterqqqqqqqqqqqqqqqqqqqqqqqqqqqqqqqqqqqqqqqqqqqqqqqqqqqqqqqqqqqqqqqqqqqqqqqqqqqqqqqqqThis is a cover letterqqqqqqqqqqqqqqqqqqqqqqqqqqqqqqqqqqqqqqqqqqqqqqqqqqqqqqqqqqqqqqqqqqqqqqqqqqqqqqqqqThis is a cover letterqqqqqqqqqqqqqqqqqqqqqqqqqqqqqqqqqqqqqqqqqqqqqqqqqqqqqqqqqqqqqqqqqqqqqqqqqqqqqqqqqThis is a cover letterqqqqqqqqqqqqqqqqqqqqqqqqqqqqqqqqqqqqqqqqqqqqqqqqqqqqqqqqqqqqqqqqqqqqqqqqqqqqqqqqqThis is a cover letterqqqqqqqqqqqqqqqqqqqqqqqqqqqqqqqqqqqqqqqqqqqqqqqqqqqqqqqqqqqqqqqqqqqqqqqqqqqqqqqqqThis is a cover letterqqqqqqqqqqqqqqqqqqqqqqqqqqqqqqqqqqqqqqqqqqqqqqqqqqqqqqqqqqqqqqqqqqqqqqqqqqqqqqqqqThis is a cover letterqqqqqqqqqqqqqqqqqqqqqqqqqqqqqqqqqqqqqqqqqqqqqqqqqqqqqqqqqqqqqqqqqqqqqqqqqqqqqqqqqThis is a cover letterqqqqqqqqqqqqqqqqqqqqqqqqqqqqqqqqqqqqqqqqqqqqqqqqqqqqqqqqqqqqqqqqqqqqqqqqqqqqqqqqqThis is a cover letterqqqqqqqqqqqqqqqqqqqqqqqqqqqqqqqqqqqqqqqqqqqqqqqqqqqqqqqqqqqqqqqqqqqqqqqqqqqqqqqqqThis is a cover letterqqqqqqqqqqqqqqqqqqqqqqqqqqqqqqqqqqqqqqqqqqqqqqqqqqqqqqqqqqqqqqqqqqqqqqqqqqqqqqqqqThis is a cover letterqqqqqqqqqqqqqqqqqqqqqqqqqqqqqqqqqqqqqqqqqqqqqqqqqqqqqqqqqqqqqqqqqqqqqqqqqqqqqqqqqThis is a cover letterqqqqqqqqqqqqqqqqqqqqqqqqqqqqqqqqqqqqqqqqqqqqqqqqqqqqqqqqqqqqqqqqqqqqqqqqqqqqqqqqqThis is a cover letterqqqqqqqqqqqqqqqqqqqqqqqqqqqqqqqqqqqqqqqqqqqqqqqqqqqqqqqqqqqqqqqqqqqqqqqqqqqqqqqqqThis is a cover letterqqqqqqqqqqqqqqqqqqqqqqqqqqqqqqqqqqqqqqqqqqqqqqqqqqqqqqqqqqqqqqqqqqqqqqqqqqqqqqqqqThis is a cover letterqqqqqqqqqqqqqqqqqqqqqqqqqqqqqqqqqqqqqqqqqqqqqqqqqqqqqqqqqqqqqqqqqqqqqqqqqqqqqqqqqThis is a cover letterqqqqqqqqqqqqqqqqqqqqqqqqqqqqqqqqqqqqqqqqqqqqqqqqqqqqqqqqqqqqqqqqqqqqqqqqqqqqqqqqqThis is a cover letterqqqqqqqqqqqqqqqqqqqqqqqqqqqqqqqqqqqqqqqqqqqqqqqqqqqqqqqqqqqqqqqqqqqqqqqqqqqqqqqqqThis is a cover letterqqqqqqqqqqqqqqqqqqqqqqqqqqqqqqqqqqqqqqqqqqqqqqqqqqqqqqqqqqqqqqqqqqqqqqqqqqqqqqqqqThis is a cover letterqqqqqqqqqqqqqqqqqqqqqqqqqqqqqqqqqqqqqqqqqqqqqqqqqqqqqqqqqqqqqqqqqqqqqqqqqqqqqqqqqThis is a cover letterqqqqqqqqqqqqqqqqqqqqqqqqqqqqqqqqqqqqqqqqqqqqqqqqqqqqqqqqqqqqqqqqqqqqqqqqqqqqqqqqqThis is a cover letterqqqqqqqqqqqqqqqqqqqqqqqqqqqqqqqqqqqqqqqqqqqqqqqqqqqqqqqqqqqqqqqqqqqqqqqqqqqqqqqqqThis is a cover letterqqqqqqqqqqqqqqqqqqqqqqqqqqqqqqqqqqqqqqqqqqqqqqqqqqqqqqqqqqqqqqqqqqqqqqqqqqqqqqqqqThis is a cover letterqqqqqqqqqqqqqqqqqqqqqqqqqqqqqqqqqqqqqqqqqqqqqqqqqqqqqqqqqqqqqqqqqqqqqqqqqqqqqqqqqThis is a cover letterqqqqqqqqqqqqqqqqqqqqqqqqqqqqqqqqqqqqqqqqqqqqqqqqqqqqqqqqqqqqqqqqqqqqqqqqqqqqqqqqqThis is a cover letterqqqqqqqqqqqqqqqqqqqqqqqqqqqqqqqqqqqqqqqqqqqqqqqqqqqqqqqqqqqqqqqqqqqqqqqqqqqqqqqqqThis is a cover letterqqqqqqqqqqqqqqqqqqqqqqqqqqqqqqqqqqqqqqqqqqqqqqqqqqqqqqqqqqqqqqqqqqqqqqqqqqqqqqqqqThis is a cover letterqqqqqqqqqqqqqqqqqqqqqqqqqqqqqqqqqqqqqqqqqqqqqqqqqqqqqqqqqqqqqqqqqqqqqqqqqqqqqqqqqThis is a cover letterqqqqqqqqqqqqqqqqqqqqqqqqqqqqqqqqqqqqqqqqqqqqqqqqqqqqqqqqqqqqqqqqqqqqqqqqqqqqqqqqqThis is a cover letterqqqqqqqqqqqqqqqqqqqqqqqqqqqqqqqqqqqqqqqqqqqqqqqqqqqqqqqqqqqqqqqqqqqqqqqqqqqqqqqqqThis is a cover letterqqqqqqqqqqqqqqqqqqqqqqqqqqqqqqqqqqqqqqqqqqqqqqqqqqqqqqqqqqqqqqqqqqqqqqqqqqqqqqqqqThis is a cover letterqqqqqqqqqqqqqqqqqqqqqqqqqqqqqqqqqqqqqqqqqqqqqqqqqqqqqqqqqqqqqqqqqqqqqqqqqqqqqqqqqThis is a cover letterqqqqqqqqqqqqqqqqqqqqqqqqqqqqqqqqqqqqqqqqqqqqqqqqqqqqqqqqqqqqqqqqqqqqqqqqqqqqqqqqqThis is a cover letterqqqqqqqqqqqqqqqqqqqqqqqqqqqqqqqqqqqqqqqqqqqqqqqqqqqqqqqqqqqqqqqqqqqqqqqqqqqqqqqqqThis is a cover letterqqqqqqqqqqqqqqqqqqqqqqqqqqqqqqqqqqqqqqqqqqqqqqqqqqqqqqqqqqqqqqqqqqqqqqqqqqqqqqqqqThis is a cover letterqqqqqqqqqqqqqqqqqqqqqqqqqqqqqqqqqqqqqqqqqqqqqqqqqqqqqqqqqqqqqqqqqqqqqqqqqqqqqqqqqThis is a cover letterqqqqqqqqqqqqqqqqqqqqqqqqqqqqqqqqqqqqqqqqqqqqqqqqqqqqqqqqqqqqqqqqqqqqqqqqqqqqqqqqqThis is a cover letterqqqqqqqqqqqqqqqqqqqqqqqqqqqqqqqqqqqqqqqqqqqqqqqqqqqqqqqqqqqqqqqqqqqqqqqqqqqqqqqqqThis is a cover letterqqqqqqqqqqqqqqqqqqqqqqqqqqqqqqqqqqqqqqqqqqqqqqqqqqqqqqqqqqqqqqqqqqqqqqqqqqqqqqqqqThis is a cover letterqqqqqqqqqqqqqqqqqqqqqqqqqqqqqqqqqqqqqqqqqqqqqqqqqqqqqqqqqqqqqqqqqqqqqqqqqqqqqqqqqThis is a cover letterqqqqqqqqqqqqqqqqqqqqqqqqqqqqqqqqqqqqqqqqqqqqqqqqqqqqqqqqqqqqqqqqqqqqqqqqqqqqqqqqqThis is a cover letterqqqqqqqqqqqqqqqqqqqqqqqqqqqqqqqqqqqqqqqqqqqqqqqqqqqqqqqqqqqqqqqqqqqqqqqqqqqqqqqqqThis is a cover letterqqqqqqqqqqqqqqqqqqqqqqqqqqqqqqqqqqqqqqqqqqqqqqqqqqqqqqqqqqqqqqqqqqqqqqqqqqqqqqqqqThis is a cover letterqqqqqqqqqqqqqqqqqqqqqqqqqqqqqqqqqqqqqqqqqqqqqqqqqqqqqqqqqqqqqqqqqqqqqqqqqqqqqqqqqThis is a cover letterqqqqqqqqqqqqqqqqqqqqqqqqqqqqqqqqqqqqqqqqqqqqqqqqqqqqqqqqqqqqqqqqqqqqqqqqqqqqqqqqqThis is a cover letterqqqqqqqqqqqqqqqqqqqqqqqqqqqqqqqqqqqqqqqqqqqqqqqqqqqqqqqqqqqqqqqqqqqqqqqqqqqqqqqqqThis is a cover letterqqqqqqqqqqqqqqqqqqqqqqqqqqqqqqqqqqqqqqqqqqqqqqqqqqqqqqqqqqqqqqqqqqqqqqqqqqqqqqqqqThis is a cover letterqqqqqqqqqqqqqqqqqqqqqqqqqqqqqqqqqqqqqqqqqqqqqqqqqqqqqqqqqqqqqqqqqqqqqqqqqqqqqqqqqThis is a cover letterqqqqqqqqqqqqqqqqqqqqqqqqqqqqqqqqqqqqqqqqqqqqqqqqqqqqqqqqqqqqqqqqqqqqqqqqqqqqqqqqqThis is a cover letterqqqqqqqqqqqqqqqqqqqqqqqqqqqqqqqqqqqqqqqqqqqqqqqqqqqqqqqqqqqqqqqqqqqqqqqqqqqqqqqqqThis is a cover letterqqqqqqqqqqqqqqqqqqqqqqqqqqqqqqqqqqqqqqqqqqqqqqqqqqqqqqqqqqqqqqqqqqqqqqqqqqqqqqqqqThis is a cover letterqqqqqqqqqqqqqqqqqqqqqqqqqqqqqqqqqqqqqqqqqqqqqqqqqqqqqqqqqqqqqqqqqqqqqqqqqqqqqqqqqThis is a cover letterqqqqqqqqqqqqqqqqqqqqqqqqqqqqqqqqqqqqqqqqqqqqqqqqqqqqqqqqqqqqqqqqqqqqqqqqqqqqqqqqqThis is a cover letterqqqqqqqqqqqqqqqqqqqqqqqqqqqqqqqqqqqqqqqqqqqqqqqqqqqqqqqqqqqqqqqqqqqqqqqqqqqqqqqqqThis is a cover letterqqqqqqqqqqqqqqqqqqqqqqqqqqqqqqqqqqqqqqqqqqqqqqqqqqqqqqqqqqqqqqqqqqqqqqqqqqqqqqqqqThis is a cover letterqqqqqqqqqqqqqqqqqqqqqqqqqqqqqqqqqqqqqqqqqqqqqqqqqqqqqqqqqqqqqqqqqqqqqqqqqqqqqqqqqThis is a cover letterqqqqqqqqqqqqqqqqqqqqqqqqqqqqqqqqqqqqqqqqqqqqqqqqqqqqqqqqqqqqqqqqqqqqqqqqqqqqqqqqqThis is a cover letterqqqqqqqqqqqqqqqqqqqqqqqqqqqqqqqqqqqqqqqqqqqqqqqqqqqqqqqqqqqqqqqqqqqqqqqqqqqqqqqqqThis is a cover letterqqqqqqqqqqqqqqqqqqqqqqqqqqqqqqqqqqqqqqqqqqqqqqqqqqqqqqqqqqqqqqqqqqqqqqqqqqqqqqqqqThis is a cover letterqqqqqqqqqqqqqqqqqqqqqqqqqqqqqqqqqqqqqqqqqqqqqqqqqqqqqqqqqqqqqqqqqqqqqqqqqqqqqqqqqThis is a cover letterqqqqqqqqqqqqqqqqqqqqqqqqqqqqqqqqqqqqqqqqqqqqqqqqqqqqqqqqqqqqqqqqqqqqqqqqqqqqqqqqqThis is a cover letterqqqqqqqqqqqqqqqqqqqqqqqqqqqqqqqqqqqqqqqqqqqqqqqqqqqqqqqqqqqqqqqqqqqqqqqqqqqqqqqqqThis is a cover letterqqqqqqqqqqqqqqqqqqqqqqqqqqqqqqqqqqqqqqqqqqqqqqqqqqqqqqqqqqqqqqqqqqqqqqqqqqqqqqqqqThis is a cover letterqqqqqqqqqqqqqqqqqqqqqqqqqqqqqqqqqqqqqqqqqqqqqqqqqqqqqqqqqqqqqqqqqqqqqqqqqqqqqqqqqThis is a cover letterqqqqqqqqqqqqqqqqqqqqqqqqqqqqqqqqqqqqqqqqqqqqqqqqqqqqqqqqqqqqqqqqqqqqqqqqqqqqqqqqqThis is a cover letterqqqqqqqqqqqqqqqqqqqqqqqqqqqqqqqqqqqqqqqqqqqqqqqqqqqqqqqqqqqqqqqqqqqqqqqqqqqqqqqqqThis is a cover letterqqqqqqqqqqqqqqqqqqqqqqqqqqqqqqqqqqqqqqqqqqqqqqqqqqqqqqqqqqqqqqqqqqqqqqqqqqqqqqqqqThis is a cover letterqqqqqqqqqqqqqqqqqqqqqqqqqqqqqqqqqqqqqqqqqqqqqqqqqqqqqqqqqqqqqqqqqqqqqqqqqqqqqqqqqThis is a cover letterqqqqqqqqqqqqqqqqqqqqqqqqqqqqqqqqqqqqqqqqqqqqqqqqqqqqqqqqqqqqqqqqqqqqqqqqqqqqqqqqqThis is a cover letterqqqqqqqqqqqqqqqqqqqqqqqqqqqqqqqqqqqqqqqqqqqqqqqqqqqqqqqqqqqqqqqqqqqqqqqqqqqqqqqqqThis is a cover letterqqqqqqqqqqqqqqqqqqqqqqqqqqqqqqqqqqqqqqqqqqqqqqqqqqqqqqqqqqqqqqqqqqqqqqqqqqqqqqqqqThis is a cover letterqqqqqqqqqqqqqqqqqqqqqqqqqqqqqqqqqqqqqqqqqqqqqqqqqqqqqqqqqqqqqqqqqqqqqqqqqqqqqqqqqThis is a cover letterqqqqqqqqqqqqqqqqqqqqqqqqqqqqqqqqqqqqqqqqqqqqqqqqqqqqqqqqqqqqqqqqqqqqqqqqqqqqqqqqqThis is a cover letterqqqqqqqqqqqqqqqqqqqqqqqqqqqqqqqqqqqqqqqqqqqqqqqqqqqqqqqqqqqqqqqqqqqqqqqqqqqqqqqqqThis is a cover letterqqqqqqqqqqqqqqqqqqqqqqqqqqqqqqqqqqqqqqqqqqqqqqqqqqqqqqqqqqqqqqqqqqqqqqqqqqqqqqqqqThis is a cover letterqqqqqqqqqqqqqqqqqqqqqqqqqqqqqqqqqqqqqqqqqqqqqqqqqqqqqqqqqqqqqqqqqqqqqqqqqqqqqqqqqThis is a cover letterqqqqqqqqqqqqqqqqqqqqqqqqqqqqqqqqqqqqqqqqqqqqqqqqqqqqqqqqqqqqqqqqqqqqqqqqqqqqqqqqqThis is a cover letterqqqqqqqqqqqqqqqqqqqqqqqqqqqqqqqqqqqqqqqqqqqqqqqqqqqqqqqqqqqqqqqqqqqqqqqqqqqqqqqqqjhwjhfwejhfwjehfwjhfffffffffffffff', NULL, '2022-03-15 19:02:06', NULL, NULL, NULL, NULL),
(37, 1, NULL, 50, 100.00, 10.00, 0, 'Less1week', 'CoverLetterCoverLetterCoverLetterCoverLetterCoverLetterCoverLetterCoverLetterCoverLetterCoverLetterCoverLetterCoverLetterCoverLetterCoverLetterCoverLetterCoverLetterCoverLetterCoverLetterCoverLetterCoverLetterCoverLetterCoverLetterCoverLetterCoverLetterCoverLetterCoverLetterCoverLetterCoverLetterCoverLetterCoverLetterCoverLetter', NULL, '2022-03-24 01:34:55', NULL, 0, NULL, 1),
(38, 1, NULL, 51, 60.00, 10.00, 1, 'Less1week', 'this is my cover letter', NULL, '2022-03-25 06:20:18', NULL, NULL, 1, 1),
(39, 1, NULL, 52, 50.00, 10.00, 0, 'Less1week', 'This is my cover letter', NULL, '2022-03-28 14:20:03', NULL, 0, NULL, 1),
(40, 1, NULL, 48, 0.00, 10.00, 0, NULL, 'hi hi hi', NULL, '2022-04-04 14:11:56', NULL, NULL, NULL, NULL),
(41, 1, NULL, 53, 10.00, 10.00, 1, 'Less1week', NULL, NULL, '2022-04-06 04:44:21', NULL, 0, NULL, 1),
(42, 1, NULL, 54, 10.00, 10.00, 1, 'Less1week', 'edqd', NULL, '2022-04-11 03:51:04', NULL, 1, NULL, NULL),
(43, 1, NULL, 55, 33.00, 10.00, 0, 'Less1week', 'edferf4r', NULL, '2022-04-12 09:43:08', NULL, NULL, 1, 1),
(44, 1, NULL, 57, 10.00, 10.00, 0, NULL, 'dfsdf sfsdf sf sd', NULL, '2022-05-18 16:18:01', NULL, NULL, 1, NULL),
(45, 16, NULL, 58, 150.00, 10.00, 0, NULL, 'i wuill get this done', NULL, '2022-05-26 13:54:09', NULL, 0, NULL, 1),
(46, 16, NULL, 56, 75.00, 10.00, 0, 'Less1week', 'What is Lorem Ipsum?\r\nLorem Ipsum is simply dummy text of the printing and typesetting industry. Lorem Ipsum has been the industry\'s standard dummy text ever since the 1500s, when an unknown printer took a galley of type and scrambled it to make a type specimen book. It has survived not only five centuries, but also the leap into electronic typesetting, remaining essentially unchanged. It was popularised in the 1960s with the release of Letraset sheets containing Lorem Ipsum passages, and more recently with desktop publishing software like Aldus PageMaker including versions of Lorem Ipsum.', NULL, '2022-05-27 08:13:57', NULL, 0, NULL, 1),
(47, 16, NULL, 62, 78.00, 10.00, 1, 'Less1week', 'أعلنت جائزة الملك عبدالله بن عبدالعزيز العالمية للترجمة, أسماء الفائزين بدورتها العاشرة للعام 1443هـ - 2021م، حيث قرر مجلس أمناء الجائزة بعد استعراض تقرير اللجنة العلمية للجائزة منح الجائزة في فروعها الستة وهي: جائزة الترجمة في فرع: جهود المؤسسات والهيئات, والترجمة في فرع العلوم الطبيعية من اللغة العربية إلى اللغات الأخرى, والترجمة في فرع العلوم الطبيعية من اللغات الأخرى إلى اللغة العربية, والترجمة في فرع العلوم الإنسانية من اللغات الأخرى إلى اللغة العربية, والترجمة في فرع العلوم الإنسانية من اللغة العربية إلى اللغات الأخرى, والترجمة في فرع جهود الأفراد .', NULL, '2022-06-23 01:46:26', NULL, NULL, 1, NULL),
(48, 41, NULL, 62, 615.00, 10.00, 1, 'Less1week', 'test new', NULL, '2022-06-18 07:35:03', NULL, NULL, 1, 1),
(49, 44, NULL, 62, 122.00, 10.00, 0, '1To3month', 'test', NULL, '2022-06-15 10:51:33', NULL, NULL, NULL, 1),
(50, 1, NULL, 68, 1.00, 10.00, 0, NULL, '12345', NULL, '2022-07-16 23:09:14', NULL, NULL, 1, NULL),
(51, 15, NULL, 69, 50.00, 10.00, 1, 'Less1week', 'Lorem Ipsum is simply dummy text of the printing and typesetting industry. Lorem Ipsum has been the industry\'s standard dummy text ever since the 1500s, when an unknown printer took a galley of type and scrambled it to make a type specimen book. It has survived not only five centuries, but also the leap into electronic typesetting, remaining essentially unchanged. It was popularised in the 1960s with the release of Letraset sheets containing Lorem Ipsum passages, and more recently with desktop publishing software like Aldus PageMaker including versions of Lorem Ipsum', NULL, '2022-07-17 03:10:40', NULL, 0, NULL, 1),
(52, 41, NULL, 68, 0.00, 10.00, 0, NULL, 'test', NULL, '2022-07-18 11:12:58', NULL, NULL, NULL, NULL),
(53, 1, NULL, 71, 200.00, 10.00, 1, 'Less1month', 'dfasdfadf', NULL, '2022-07-24 19:49:39', NULL, 0, NULL, 1),
(54, 1, NULL, 74, 100.00, 10.00, 0, NULL, 'knjn,jv.hj', NULL, '2022-08-08 12:02:14', NULL, NULL, 1, 1),
(55, 1, NULL, 81, 20.00, 10.00, 0, NULL, 'yes', NULL, '2022-10-18 13:21:47', NULL, 0, NULL, 1),
(56, 16, NULL, 81, 20.00, 10.00, 0, NULL, 'yes', NULL, '2022-10-18 13:26:26', NULL, NULL, 1, 1),
(57, 16, NULL, 82, 30.00, 7.00, 0, NULL, 'cvnhbvjnvbj', NULL, '2023-05-08 04:59:08', NULL, NULL, 1, NULL),
(58, 16, NULL, 86, 14.00, 7.00, 0, NULL, 'Hey,\r\nI am a professional web programmer with 8 years of experience.\r\n\r\nI can do this job for you since i have all the skills which is necessary for the job to be completed.\r\n\r\nI have successfully delivered and launched many projects using PHP, Java Script', NULL, '2023-03-17 11:33:57', NULL, 1, NULL, NULL),
(59, 16, NULL, 90, 210.00, 7.00, 0, '1To3month', 'Lets start the project after confirm the agreement..', NULL, '2023-03-17 12:43:33', NULL, NULL, NULL, NULL),
(60, 16, NULL, 89, 99.00, 7.00, 1, 'Less1month', 'lets start work', NULL, '2023-03-17 13:08:54', NULL, NULL, NULL, NULL),
(61, 16, NULL, 93, 30.00, 7.00, 1, '1To3month', 'lets start work after confirmation', NULL, '2023-03-17 13:21:42', NULL, 0, NULL, 1),
(62, 16, NULL, 94, 10.00, 7.00, 0, NULL, 'lets start after confirmation of project..', NULL, '2023-03-17 13:35:15', NULL, 1, NULL, 1),
(63, 16, NULL, 95, 105.00, 7.00, 1, '1To3month', 'lets start after confirmation of project..', NULL, '2023-05-03 13:45:50', NULL, NULL, NULL, NULL),
(64, 73, NULL, 99, 50.00, 10.00, 0, 'Less1week', NULL, NULL, '2023-05-18 05:55:13', NULL, NULL, NULL, NULL),
(65, 15, NULL, 87, 200.00, 10.00, 0, 'Less1month', 'dfkdf dkd dfd dnkdf dfk', '[{\"name\":\"education.jpg\",\"file\":\"558af9d1bbe0419c7ecb35d482746831.jpg\"}]', '2023-06-09 06:22:05', NULL, NULL, NULL, NULL),
(66, 16, NULL, 101, 20.00, 10.00, 0, NULL, 'A cover letter can be an effective method of attracting hiring managers\' attention when applying for freelance work. Your cover letter should outline the specialized skills and qualifications you have that enable you to perform the role effectively.', '[{\"name\":\"casebook-upwork.docx\",\"file\":\"ce6a34ab29768f31b0273a2e2a863285.docx\"}]', '2023-06-13 07:33:30', NULL, 0, NULL, 1),
(67, 16, NULL, 104, 200.00, 10.00, 0, '1To3month', 'A cover letter can be an effective method of attracting hiring managers\' attention when applying for freelance work. Your cover letter should outline the specialized skills and qualifications you have that enable you to perform the role effectively.', '[{\"name\":\"casebook-upwork.docx\",\"file\":\"885a76552a767777732bc079acad271d.docx\"}]', '2023-06-13 07:44:08', NULL, 0, NULL, 1),
(68, 16, NULL, 102, 120.00, 10.00, 0, 'Less1month', 'A cover letter can be an effective method of attracting hiring managers\' attention when applying for freelance work. Your cover letter should outline the specialized skills and qualifications you have that enable you to perform the role effectively.', '[{\"name\":\"casebook-upwork.docx\",\"file\":\"32fc074fa5502bb4fbe09f50369e97e5.docx\"}]', '2023-06-13 07:57:33', NULL, 1, NULL, 1);
INSERT INTO `pref_project_bids` (`bid_id`, `member_id`, `organization_id`, `project_id`, `bid_amount`, `bid_site_fee`, `bid_by_project`, `bid_duration`, `bid_details`, `bid_attachment`, `bid_date`, `is_archive`, `is_shortlisted`, `is_interview`, `is_hired`) VALUES
(69, 16, NULL, 109, 35.00, 10.00, 0, NULL, 'The best part is that this online app offers its services for free! You can create and download your resume in PDF format without spending a dime. The user-friendly interface makes it easy to navigate and add your details, work experience, education, and other relevant information in just a few clicks.', '[{\"name\":\"casebook-upwork.docx\",\"file\":\"81f003e16c29b42442892cca20e037f1.docx\"}]', '2023-06-14 06:47:37', NULL, 0, NULL, 1),
(70, 16, NULL, 108, 130.00, 10.00, 0, 'Less1month', 'The best part is that this online app offers its services for free! You can create and download your resume in PDF format without spending a dime. The user-friendly interface makes it easy to navigate and add your details, work experience, education, and other relevant information in just a few clicks.', '[{\"name\":\"casebook-upwork.docx\",\"file\":\"89b095590648d72d41d5a79e45b69b8c.docx\"}]', '2023-06-14 07:06:27', NULL, 0, NULL, 1),
(71, 16, NULL, 107, 50.00, 10.00, 0, NULL, 'The best part is that this online app offers its services for free! You can create and download your resume in PDF format without spending a dime. The user-friendly interface makes it easy to navigate and add your details, work experience, education, and other relevant information in just a few clicks.', '[{\"name\":\"casebook-upwork.docx\",\"file\":\"ef839ee8b8988d033bfb1c1c260cf585.docx\"}]', '2023-06-14 07:36:38', NULL, 0, NULL, 1),
(72, 16, NULL, 110, 125.00, 10.00, 0, '1To3month', 'Perhaps the most challenging part of the job application process is writing an effective cover letter. And yes, you should send one. Even if only one in two cover letters gets read.', '[{\"name\":\"casebook-upwork.docx\",\"file\":\"38bdc8e686ce3cf0825031927f37ccaf.docx\"}]', '2023-06-14 11:19:27', NULL, 0, NULL, 1),
(73, 16, NULL, 111, 40.00, 10.00, 0, NULL, 'If at all possible, reach out to the hiring manager or someone else you know at the company before writing your cover letter, advises Lees. You can send an email or a LinkedIn message', NULL, '2023-06-14 12:02:37', NULL, 0, NULL, 1),
(74, 16, NULL, 113, 24.00, 10.00, 0, NULL, 'You’ve just graduated and you’re ready to take on the world. But where do you start? The Job Search of course and that one document that can make or break your chances of Landing you your dream Job is your Resume, CV, and Cover Letter.', NULL, '2023-06-15 06:45:34', NULL, 0, NULL, 1),
(75, 16, NULL, 114, 100.00, 10.00, 1, '1To3month', 'You’ve just graduated and you’re ready to take on the world. But where do you start? The Job Search of course and that one document that can make or break your chances of Landing you your dream Job is your Resume, CV, and Cover Letter.', NULL, '2023-06-15 07:15:50', NULL, 0, NULL, 1),
(76, 16, NULL, 116, 130.00, 10.00, 0, '1To3month', 'You’ve just graduated and you’re ready to take on the world. But where do you start? The Job Search of course and that one document that can make or break your chances of Landing you your dream Job is your Resume, CV, and Cover Letter. Download Fully Editable Sample Now below. Our professional Resume Designs are proven to land interviews. Download free Resume/CV and Cover Letter Templates.', NULL, '2023-06-15 09:29:07', NULL, 0, NULL, 1);

-- --------------------------------------------------------

--
-- Table structure for table `pref_project_bid_answer`
--

CREATE TABLE `pref_project_bid_answer` (
  `bid_id` int(11) NOT NULL,
  `question_id` int(11) NOT NULL,
  `question_answer` text DEFAULT NULL
) ENGINE=InnoDB DEFAULT CHARSET=utf8;

--
-- Dumping data for table `pref_project_bid_answer`
--

INSERT INTO `pref_project_bid_answer` (`bid_id`, `question_id`, `question_answer`) VALUES
(3, 3, 'Answer'),
(4, 3, 'answer test'),
(5, 1, 'ans1'),
(5, 2, 'ans2'),
(5, 3, 'ans3'),
(6, 5, '5 Years'),
(7, 7, '2'),
(8, 8, 'Yes'),
(11, 9, 'yes ill send a demo'),
(12, 8, 'Yes'),
(13, 8, 'Yes'),
(14, 8, 'Yes'),
(14, 10, '10'),
(15, 11, 'Test'),
(16, 8, 'Yes'),
(16, 12, '8'),
(18, 14, 'fgdfdfdf'),
(18, 15, 'sfsdfds'),
(22, 8, 'Yes'),
(22, 16, '10'),
(27, 18, 'Integer ultrices eu nibh sit amet ullamcorper. Nunc porta eros ut lacus viverra ullamcorper. '),
(28, 18, 'Integer ultrices eu nibh sit amet ullamcorper. Nunc porta eros ut lacus viverra ullamcorper. '),
(30, 19, '1 year'),
(36, 20, 'test answer '),
(39, 21, 'It is something.'),
(40, 20, 'hellpp'),
(44, 24, 'test'),
(51, 8, 'Yes'),
(53, 29, '5'),
(55, 33, 'yes'),
(56, 33, 'yes'),
(60, 36, 'no'),
(57, 34, 'xgbcvh'),
(65, 35, 'yes i am a experience android developer');

-- --------------------------------------------------------

--
-- Table structure for table `pref_project_bid_interview`
--

CREATE TABLE `pref_project_bid_interview` (
  `bid_interview_id` int(11) NOT NULL,
  `bid_id` int(11) DEFAULT NULL,
  `interview_date_time` datetime DEFAULT NULL,
  `interview_message` varchar(255) DEFAULT NULL,
  `is_accepted` tinyint(1) NOT NULL
) ENGINE=InnoDB DEFAULT CHARSET=utf8;

-- --------------------------------------------------------

--
-- Table structure for table `pref_project_bid_invitation`
--

CREATE TABLE `pref_project_bid_invitation` (
  `invitation_id` int(11) NOT NULL,
  `project_id` int(11) DEFAULT NULL,
  `invite_email` varchar(75) DEFAULT NULL,
  `user_id` int(11) DEFAULT NULL,
  `invite_date` datetime DEFAULT NULL
) ENGINE=InnoDB DEFAULT CHARSET=utf8;

--
-- Dumping data for table `pref_project_bid_invitation`
--

INSERT INTO `pref_project_bid_invitation` (`invitation_id`, `project_id`, `invite_email`, `user_id`, `invite_date`) VALUES
(1, 9, 'asimpatra24@gmail.com', 16, '2021-02-19 09:34:50'),
(2, 12, 'asish9735@gmail.com', 1, '2021-03-27 12:28:30'),
(3, 16, 'asish9735@gmail.com', 1, '2021-03-29 08:03:58'),
(4, 22, 'asimpatra24@gmail.com', 16, '2021-06-14 16:55:47'),
(5, 27, 'asimpatra24@gmail.com', 16, '2021-07-07 16:55:56'),
(6, 19, 'asimpatra24@gmail.com', 16, '2021-08-08 16:12:17'),
(7, 29, 'asish9735_per@gmail.com', 15, '2021-10-01 10:36:39'),
(8, 30, 'asimpatra@gmail.com', 17, '2021-11-12 22:18:44'),
(9, 30, 'asish9735_per@gmail.com', 15, '2021-11-12 22:18:59'),
(10, 30, 'asimpatra@gmail.com', 17, '2021-11-12 22:25:06'),
(11, 29, 'asimpatra24@gmail.com', 16, '2021-12-04 11:32:46'),
(12, 33, 'harshularorax@gmail.com', NULL, '2021-12-30 16:17:16'),
(13, 33, 'asimpatra24@gmail.com', 16, '2022-01-12 21:24:39'),
(14, 46, 'asimpatra24@gmail.com', 16, '2022-03-03 10:36:16'),
(15, 44, 'asish9735@gmail.com', 1, '2022-03-11 06:15:22'),
(16, 43, 'asish9735@gmail.com', 1, '2022-03-12 07:14:07'),
(17, 12, 'asish9735@gmail.com', 1, '2022-03-12 07:16:51'),
(18, 51, 'dcsharma1991@gmail.com', 4, '2022-03-31 05:06:37'),
(19, 53, 'asimpatra24@gmail.com', 16, '2022-04-06 04:37:20'),
(20, 53, 'asish9735_per@gmail.com', 15, '2022-04-06 04:37:34'),
(21, 53, 'safgg@gmail.com', 35, '2022-04-06 04:54:59'),
(22, 54, 'asimpatra24@gmail.com', 16, '2022-04-11 03:41:05'),
(23, 55, 'asish9735_per@gmail.com', 15, '2022-04-12 09:29:05'),
(24, 55, 'asish9735_per@gmail.com', 15, '2022-04-12 09:35:39'),
(25, 54, 'asimpatra24@gmail.com', 16, '2022-05-10 08:48:56'),
(26, 62, '4saudii@gmail.com', 41, '2022-06-15 10:49:56'),
(27, 62, '4saudii255@gmail.com', 44, '2022-06-15 11:05:47'),
(28, 58, 'asish9735@gmail.com', 1, '2022-06-15 20:38:28'),
(29, 60, 'dcsharma1991@gmail.com', 4, '2022-06-25 22:09:24'),
(30, 65, '11@gmail.com', 44, '2022-06-28 07:42:57'),
(31, 66, '4saudii2000@gmail.com', 49, '2022-07-13 10:23:36'),
(32, 75, 'asish9735@gmail.com', 1, '2022-08-26 00:47:24'),
(33, 76, 'asish9735@gmail.com', 1, '2022-08-26 02:27:58'),
(34, 81, 'asish9735@gmail.com', 1, '2022-10-18 13:20:36'),
(35, 81, '123@qq.com', 70, '2022-10-18 13:23:11'),
(36, 81, 'asimpatra24@gmail.com', 16, '2022-10-18 13:25:57'),
(37, 58, 'abc@gmail.com', NULL, '2023-02-03 06:09:32'),
(38, 81, 'dcsharma1991@gmail.com', 4, '2023-02-03 06:47:37'),
(39, 82, 'asish9735_per@gmail.com', 15, '2023-02-03 06:58:36'),
(40, 81, 'abc@yahoomail.com', NULL, '2023-02-03 07:18:14'),
(41, 82, 'asish9735@gmail.com', 1, '2023-02-03 10:39:41'),
(42, 82, 'asish9735@gmail.com', 1, '2023-02-03 11:51:22'),
(43, 87, 'asimpatra24@gmail.com', 16, '2023-03-17 11:52:58'),
(44, 94, 'asimpatra24@gmail.com', 16, '2023-03-17 13:31:32'),
(45, 95, 'asimpatra24@gmail.com', 16, '2023-03-17 13:52:27'),
(46, 94, 'mutabb@ssmasesd.com', 68, '2023-05-03 01:59:57'),
(47, 96, 'asimpatra24@gmail.com', 16, '2023-05-04 02:14:37'),
(48, 96, 'asish9735_per@gmail.com', 15, '2023-05-05 09:30:06'),
(49, 96, 'asish9735@gmail.com', 1, '2023-05-05 09:30:28'),
(50, 104, 'asimpatra24@gmail.com', 16, '2023-06-13 07:54:02'),
(51, 104, 'asimpatra24@gmail.com', 16, '2023-06-13 07:54:22'),
(52, 102, 'asimpatra24@gmail.com', 16, '2023-06-13 07:55:57'),
(53, 114, 'asimpatra24@gmail.com', 16, '2023-06-15 07:11:03');

-- --------------------------------------------------------

--
-- Table structure for table `pref_project_bid_milestones`
--

CREATE TABLE `pref_project_bid_milestones` (
  `bid_milestone_id` int(11) NOT NULL,
  `bid_id` int(11) NOT NULL,
  `bid_milestone_title` varchar(200) NOT NULL,
  `bid_milestone_due_date` date DEFAULT NULL,
  `bid_milestone_amount` float(10,2) NOT NULL
) ENGINE=InnoDB DEFAULT CHARSET=utf8;

--
-- Dumping data for table `pref_project_bid_milestones`
--

INSERT INTO `pref_project_bid_milestones` (`bid_milestone_id`, `bid_id`, `bid_milestone_title`, `bid_milestone_due_date`, `bid_milestone_amount`) VALUES
(1, 1, 'm1', '2018-11-30', 300.00),
(2, 1, 'm2', '2018-12-02', 300.00),
(3, 1, 'm3', '2018-12-09', 400.00),
(4, 2, 'm1', '2019-12-23', 150.00),
(5, 2, 'm2', '2020-12-23', 100.00),
(6, 3, 'm1', '2019-12-23', 150.00),
(7, 3, 'm2', '2020-12-23', 100.00),
(1577115583, 4, 'm1', '2019-12-23', 100.00),
(1577115584, 4, 'm2', '2019-12-24', 50.00),
(1577115584, 4, 'm3', '2019-12-25', 125.00),
(1577115584, 4, 'm4', '2019-12-26', 75.00),
(1613727571, 6, 'UI/UX', '2021-02-19', 300.00),
(1613727571, 6, 'First milestone', '2021-02-20', 200.00),
(1613727571, 6, 'Second', '2021-02-21', 200.00),
(1616681316, 8, 'UI/UX', '2021-03-25', 30.00),
(1616681316, 8, 'First milestone', '2021-03-26', 40.00),
(1616681316, 8, 'Second milestone', '2021-03-27', 20.00),
(1617712814, 12, 'UI/UX', '2021-04-06', 20.00),
(1617712814, 12, 'First milestone', '2021-04-06', 30.00),
(1617951494, 13, 'UI/UX', '2021-04-09', 30.00),
(1617951494, 13, 'First milestone', '2021-04-09', 40.00),
(1622101833, 14, 'First milestone', '2021-05-28', 30.00),
(1622101833, 14, 'Second milestone', '2021-05-28', 20.00),
(1622101833, 14, 'Third milestone', '2021-05-28', 25.00),
(1623419439, 16, 'UI/UX', '2021-06-11', 30.00),
(1623419439, 16, 'First milestone', '2021-06-12', 20.00),
(1623419439, 16, 'Second Milestone', '2021-06-13', 25.00),
(1625677060, 18, 'Milestone 1', '2021-07-09', 100.00),
(1625677060, 18, 'Milestone 2', '2021-07-10', 100.00),
(1625677060, 18, 'Milestone 3', '2021-07-11', 100.00),
(1631603937, 20, 'Mile1', '2021-09-23', 40.00),
(1631603937, 20, 'Mile2', '2021-09-30', 40.00),
(1638890380, 22, 'UI/UX', '2021-12-08', 30.00),
(1638890380, 22, 'First milestone', '2021-12-09', 10.00),
(1638890380, 22, 'Second Milestone', '2021-12-08', 20.00),
(1644383390, 23, 'Milestone 1 ', '2022-02-10', 6.00),
(1644383390, 23, 'Milestone 2', '2022-02-11', 6.00),
(1644656190, 27, 'Milestone 1 ', '2022-02-13', 28.00),
(1644656190, 27, 'Milestone 2', '2022-02-14', 28.00),
(1644886544, 28, 'Milestone 1 ', '2022-02-16', 10.00),
(1644886544, 28, 'Milestone 2', '2022-02-16', 8.00),
(1646980889, 35, '1', '2022-03-11', 2.00),
(1646980889, 35, '2', '2022-03-12', 3.00),
(1647971221, 29, '1', '2022-03-22', 50.00),
(1647971221, 29, '2', '2022-03-23', 40.00),
(1647971221, 29, '3', '2022-03-23', 180.00),
(1647971221, 29, '4', '2022-03-24', 500.00),
(1648085695, 37, 'Milestone 1 ', '2022-03-24', 50.00),
(1648085695, 37, 'Milestone 2', '2022-03-24', 50.00),
(1648477203, 39, 'Milestone 1 ', '2022-03-29', 25.00),
(1648477203, 39, 'Milestone 2', '2022-03-30', 25.00),
(1649756588, 43, 'swxewd', '0000-00-00', 33.00),
(1653639237, 46, 'UI/UX', '2022-05-28', 25.00),
(1653639237, 46, 'First Milestone', '2022-05-28', 25.00),
(1653639237, 46, 'Second Milestone', '2022-05-28', 25.00),
(1655290293, 49, 'Please verify your document. Click here to verify', '2022-06-15', 122.00),
(1679057013, 59, '1 st payment after completion 40% project', '2023-04-03', 210.00),
(1684389313, 64, 'tdfsgdfsg', '2023-05-20', 50.00),
(1686291725, 65, 'i will complete this project by 3 milestone', '2023-06-30', 200.00),
(1686642248, 67, '1st Payment', '2023-06-21', 70.00),
(1686642248, 67, '2nd Payment', '2023-06-30', 80.00),
(1686642248, 67, '3rd Payment', '2023-07-10', 50.00),
(1686643053, 68, '1st installment', '2023-06-21', 50.00),
(1686643053, 68, '2nd installment', '2023-06-29', 40.00),
(1686643053, 68, '3rd installment', '2023-07-10', 30.00),
(1686726387, 70, '1st installment', '2023-06-21', 40.00),
(1686726387, 70, '2nd Installment', '2023-06-29', 50.00),
(1686726387, 70, '3rd Installment', '2023-07-12', 40.00),
(1686741567, 72, '1st Payment', '2023-06-22', 40.00),
(1686741567, 72, '2nd Payment', '2023-06-30', 30.00),
(1686741567, 72, '3 rd Payment', '2023-07-10', 25.00),
(1686741567, 72, '4 th Payment', '2023-07-17', 30.00),
(1686821347, 76, '1st Payment', '2023-06-18', 50.00),
(1686821347, 76, '2nd Payment', '2023-06-27', 40.00),
(1686821347, 76, '3rd Payment', '2023-07-08', 40.00);

-- --------------------------------------------------------

--
-- Table structure for table `pref_project_category`
--

CREATE TABLE `pref_project_category` (
  `project_id` int(11) DEFAULT NULL,
  `category_id` int(11) DEFAULT NULL,
  `category_subchild_id` int(11) DEFAULT NULL
) ENGINE=InnoDB DEFAULT CHARSET=utf8;

--
-- Dumping data for table `pref_project_category`
--

INSERT INTO `pref_project_category` (`project_id`, `category_id`, `category_subchild_id`) VALUES
(1, 1, 2),
(2, 1, 1),
(3, 1, 1),
(4, 1, 1),
(5, 1, 1),
(6, 1, 1),
(7, 1, 1),
(8, 2, 3),
(9, 2, 4),
(10, 2, 4),
(11, 1, 2),
(12, 1, 2),
(13, 1, 1),
(14, 1, 1),
(15, 1, 2),
(16, 2, 4),
(17, 1, 1),
(18, 2, 4),
(19, 2, 4),
(20, 2, 4),
(21, 1, 1),
(22, 2, 3),
(23, 1, 2),
(24, 1, 2),
(25, 1, 2),
(26, 1, 1),
(27, 1, 1),
(28, 1, 1),
(29, 1, 2),
(30, 2, 3),
(31, 2, 4),
(32, 2, 3),
(33, 2, 3),
(34, 2, 3),
(35, 2, 3),
(36, 7, 5),
(37, 7, 5),
(38, 7, 5),
(39, 7, 5),
(40, 1, 2),
(41, 7, 5),
(42, 2, 3),
(43, 1, 1),
(44, 1, 1),
(45, 2, 4),
(46, 1, 1),
(47, 7, 5),
(48, 1, 1),
(49, 2, 4),
(50, 1, 1),
(51, 1, 2),
(52, 1, 1),
(53, 1, 2),
(54, 1, 6),
(55, 1, 6),
(56, 1, 1),
(57, 1, 2),
(58, 2, 4),
(59, 1, 7),
(60, 2, 3),
(61, 2, 3),
(62, 1, 6),
(63, 2, 3),
(64, 1, 2),
(65, 1, 1),
(66, 2, 3),
(67, 1, 7),
(68, 1, 1),
(69, 2, 4),
(70, 1, 1),
(71, 1, 1),
(72, 2, 3),
(73, 1, 6),
(74, 1, 1),
(75, 1, 1),
(76, 1, 1),
(77, 1, 2),
(78, 1, 2),
(79, 1, 2),
(80, 1, 1),
(81, 1, 1),
(82, 1, 2),
(83, 2, 3),
(84, 2, 3),
(85, 1, 1),
(86, 1, 1),
(87, 1, 1),
(88, 1, 1),
(89, 1, 1),
(90, 1, 1),
(91, 1, 2),
(92, 1, 1),
(93, 1, 1),
(94, 5, 8),
(95, 5, 8),
(96, 1, 7),
(97, 5, 8),
(98, 1, 7),
(99, 14, 10),
(100, 1, 1),
(101, 2, 4),
(102, 1, 7),
(103, 1, 1),
(104, 2, 4),
(105, 1, 7),
(106, 5, 8),
(107, 1, 2),
(108, 5, 8),
(109, 14, 10),
(110, 1, 1),
(111, 1, 1),
(112, 1, 1),
(113, 1, 1),
(114, 5, 8),
(115, 5, 8),
(116, 1, 2);

-- --------------------------------------------------------

--
-- Table structure for table `pref_project_contract`
--

CREATE TABLE `pref_project_contract` (
  `contract_id` int(11) NOT NULL,
  `project_id` int(11) DEFAULT NULL,
  `contractor_id` int(11) NOT NULL,
  `bid_id` int(11) DEFAULT NULL,
  `contract_title` varchar(250) NOT NULL,
  `contract_amount` float(10,2) DEFAULT NULL,
  `is_hourly` tinyint(1) NOT NULL,
  `is_pause` tinyint(1) NOT NULL,
  `contract_date` datetime DEFAULT NULL,
  `is_contract_ended` tinyint(1) NOT NULL,
  `contract_end_date` datetime DEFAULT NULL,
  `offer_by` int(11) NOT NULL,
  `contract_status` tinyint(1) NOT NULL
) ENGINE=InnoDB DEFAULT CHARSET=utf8;

--
-- Dumping data for table `pref_project_contract`
--

INSERT INTO `pref_project_contract` (`contract_id`, `project_id`, `contractor_id`, `bid_id`, `contract_title`, `contract_amount`, `is_hourly`, `is_pause`, `contract_date`, `is_contract_ended`, `contract_end_date`, `offer_by`, `contract_status`) VALUES
(1, 6, 1, 4, 'Contract Test 1', 100.00, 0, 0, '2020-01-08 09:58:50', 1, '2020-01-21 00:00:00', 11, 1),
(2, 6, 1, 4, 'Name of your project', 12.00, 1, 0, '2020-01-14 08:09:21', 0, NULL, 11, 1),
(3, 6, 1, 4, 'New contarct 2', 20.00, 0, 0, '2020-01-24 10:47:22', 1, '2020-01-24 00:00:00', 11, 1),
(4, 6, 1, 4, 'Dispute Contract Check', 100.00, 0, 0, '2020-01-25 10:22:55', 1, '2020-01-25 13:20:57', 11, 1),
(5, 6, 1, 4, 'dispute test', 30.00, 0, 0, '2020-01-25 13:23:00', 0, NULL, 11, 1),
(6, 6, 1, 4, 'notification check', 10.00, 0, 0, '2020-01-29 10:54:17', 1, '2020-01-29 12:25:52', 11, 1),
(7, 6, 1, 4, 'New contract check', 10.00, 0, 0, '2020-01-29 12:27:01', 0, NULL, 11, 1),
(8, 9, 16, 6, 'Cryptocurrency Expert Needed For Freelancer Marketplace', 100.00, 0, 0, '2021-02-19 09:43:28', 1, '2021-06-18 19:33:45', 11, 1),
(9, 12, 1, 7, 'Android develop', 20.00, 1, 0, '2021-03-14 23:18:10', 1, '2021-03-14 23:39:21', 11, 1),
(10, 13, 16, 8, 'Create a website with recomendations system&#40;AI&#41; on django', 300.00, 0, 0, '2021-03-25 14:18:38', 0, NULL, 11, 1),
(11, 15, 1, 10, 'Web development site', 20.00, 1, 0, '2021-03-27 12:34:42', 0, NULL, 11, 1),
(12, 16, 16, NULL, 'Technical Support', 12.00, 1, 0, '2021-03-29 08:05:02', 0, NULL, 11, 1),
(13, 14, 16, NULL, 'Web development site', 12.00, 1, 0, '2021-03-31 00:03:24', 0, NULL, 11, 1),
(14, 17, 1, 11, 'Website creation_Raja', 20.00, 1, 0, '2021-03-31 00:17:47', 0, NULL, 11, 1),
(15, 19, 16, 12, 'Contract: Create Static Samples of PDF and EMail Layouts', 50.00, 0, 0, '2021-04-06 12:44:15', 1, '2021-04-06 13:02:01', 11, 1),
(16, 19, 16, 12, 'Hourly: Create Static Samples of PDF and EMail Layouts', 12.00, 1, 0, '2021-04-06 13:08:41', 1, '2021-04-06 13:23:05', 11, 1),
(17, 20, 16, 13, 'Contract: Need some one to integrate a telegram chat bot with the WordPress website', 100.00, 0, 0, '2021-04-09 07:08:39', 1, '2021-04-09 07:23:05', 11, 1),
(18, 12, 1, 7, 'Android develop', 10.00, 0, 0, '2021-04-15 10:44:20', 0, NULL, 11, 1),
(19, 21, 16, 14, 'Contract PHP Developer for MVCL', 60.00, 0, 0, '2021-05-27 07:58:50', 1, '2021-05-27 08:39:26', 11, 1),
(20, 23, 16, 16, 'Contract: Convert Byte Array to String and Back in Java', 68.00, 0, 0, '2021-06-11 13:58:54', 1, '2021-06-11 14:30:59', 11, 1),
(21, 22, 1, NULL, 'Customer Service Agent', 12.00, 1, 0, '2021-06-12 12:58:56', 0, NULL, 11, 2),
(22, 23, 16, 16, 'Convert Byte Array to String and Back in Java', 5.00, 1, 0, '2021-06-25 14:11:50', 0, NULL, 11, 1),
(23, 27, 16, 18, 'Contract : I need webdesigner - 01', 100.00, 0, 0, '2021-07-07 17:01:13', 0, NULL, 11, 1),
(24, 31, 16, 22, 'Contact title Woocommerce expert required for payment system modification', 50.00, 0, 0, '2021-12-07 15:30:10', 1, '2021-12-07 16:06:44', 11, 1),
(25, 31, 1, NULL, 'Woocommerce expert required for payment system modification', 100.00, 0, 0, '2021-12-30 16:14:40', 0, NULL, 11, 2),
(26, 36, 1, 23, 'Blog Post Mini Storage', 11.00, 0, 0, '2022-02-09 05:19:04', 1, '2022-02-09 05:24:13', 11, 1),
(27, 37, 1, 24, 'Content writer - food category', 14.00, 1, 0, '2022-02-09 05:37:06', 1, '2022-02-09 13:25:33', 11, 1),
(28, 38, 1, 25, 'Project ABC', 11.00, 0, 0, '2022-02-10 01:00:59', 0, NULL, 11, 2),
(29, 38, 1, 25, 'Project ABC', 15.00, 0, 0, '2022-02-10 01:02:20', 0, NULL, 11, 1),
(30, 39, 1, 26, 'Fashion Blog Content Writing', 8.00, 1, 0, '2022-02-12 12:41:38', 1, '2022-03-13 05:45:42', 11, 1),
(31, 41, 1, 28, 'Project A Contract', 18.00, 0, 0, '2022-02-15 01:02:16', 0, NULL, 11, 1),
(32, 45, 16, 32, 'Neew wordpress deveploper', 30.00, 0, 0, '2022-03-03 10:19:49', 1, '2022-03-03 10:49:13', 32, 1),
(33, 46, 16, 33, 'Laravel dvlpr', 70.00, 0, 0, '2022-03-03 10:39:14', 0, NULL, 32, 1),
(34, 46, 33, 34, 'Laravel dvlpr', 70.00, 0, 0, '2022-03-03 12:34:31', 1, '2022-03-03 12:38:38', 32, 1),
(35, 47, 1, 35, 'Project 1', 5.00, 0, 0, '2022-03-11 06:42:58', 1, '2022-03-22 18:09:31', 11, 1),
(36, 47, 1, 35, 'Project 1', 120.00, 0, 0, '2022-03-22 18:35:55', 0, NULL, 11, 1),
(37, 50, 1, 37, 'Blog Writer In Need', 100.00, 0, 0, '2022-03-24 02:19:57', 0, NULL, 11, 1),
(38, 51, 1, 38, 'PROJECT BLOG ADVERTISING', 60.00, 0, 0, '2022-03-25 06:21:49', 0, NULL, 11, 1),
(39, 52, 1, 39, 'Project Example', 50.00, 0, 0, '2022-03-28 14:38:29', 1, '2022-04-11 01:56:18', 11, 1),
(40, 53, 1, 41, 'Test design', 10.00, 0, 0, '2022-04-06 04:51:43', 0, NULL, 11, 1),
(41, 53, 15, NULL, 'Test design', 2.00, 0, 0, '2022-04-11 01:20:39', 0, NULL, 11, 0),
(42, 54, 16, NULL, 'Test 2', 5.00, 0, 0, '2022-04-11 03:42:22', 0, NULL, 11, 2),
(43, 55, 1, NULL, 'ERFBRGTBH', 100.00, 0, 0, '2022-04-12 09:36:33', 0, NULL, 11, 1),
(44, 55, 1, 43, 'ERFBRGTBH', 22.00, 0, 0, '2022-04-12 09:44:12', 0, NULL, 11, 1),
(45, 58, 16, 45, 'Software Developer', 150.00, 1, 0, '2022-05-27 07:28:17', 1, '2023-02-03 10:15:41', 11, 1),
(46, 56, 16, 46, 'Widget Platform--Contract', 70.00, 0, 0, '2022-05-27 08:18:10', 0, NULL, 11, 1),
(47, 60, 33, NULL, 'Test', 50.00, 0, 0, '2022-06-09 18:41:36', 0, NULL, 11, 0),
(48, 62, 44, NULL, 'HADI PROJECT', 1.00, 1, 0, '2022-06-15 10:35:04', 0, NULL, 42, 1),
(49, 62, 44, NULL, 'HADI PROJECT', 1.00, 1, 0, '2022-06-15 10:49:20', 0, NULL, 42, 0),
(50, 62, 44, 49, 'HADI PROJECT', 1.00, 1, 1, '2022-06-15 11:21:30', 1, '2022-06-15 11:24:58', 42, 1),
(51, 62, 44, 49, 'HADI PROJECT', 2.00, 1, 0, '2022-06-18 07:04:58', 0, NULL, 42, 1),
(52, 62, 41, 48, 'HADI PROJECT', 1.00, 1, 0, '2022-06-18 07:40:02', 1, '2022-07-18 11:43:32', 42, 1),
(53, 69, 15, 51, 'Contract---Filter/Sort Firebase Realtime Database', 20.00, 0, 0, '2022-07-17 03:11:43', 0, NULL, 11, 1),
(54, 71, 1, 53, 'PHP DEVELOPER', 200.00, 0, 0, '2022-07-24 19:52:00', 1, '2022-07-24 19:55:43', 11, 1),
(55, 65, 1, NULL, 'Test Project', 12.00, 1, 1, '2022-07-24 19:54:10', 0, NULL, 11, 1),
(56, 74, 1, 54, 'Test', 100.00, 1, 0, '2022-08-08 12:03:18', 1, '2022-08-08 12:11:26', 11, 1),
(57, 58, 16, 45, 'Software Developer', 20.00, 1, 0, '2022-08-24 23:55:41', 0, NULL, 11, 1),
(58, 58, 16, 45, 'Software Developer', 11.00, 0, 0, '2022-08-25 00:12:20', 0, NULL, 11, 1),
(59, 81, 1, 55, 'Build a website', 20.00, 1, 0, '2022-10-18 13:27:06', 0, NULL, 11, 1),
(60, 81, 16, 56, 'Build a website', 20.00, 1, 0, '2022-10-18 13:27:20', 0, NULL, 11, 1),
(61, 81, 16, 56, 'Build a website', 200.00, 0, 0, '2023-02-02 09:45:30', 0, NULL, 11, 0),
(62, 81, 16, 56, 'Build a website', 200.00, 0, 0, '2023-02-02 09:45:31', 0, NULL, 11, 0),
(63, 81, 16, 56, 'Build a website1', 20.00, 1, 0, '2023-02-02 09:46:51', 0, NULL, 11, 0),
(64, 81, 16, 56, 'Build a website1', 20.00, 1, 0, '2023-02-02 09:46:52', 0, NULL, 11, 0),
(65, 81, 16, 56, 'Build a website1', 100.00, 0, 0, '2023-02-02 09:51:05', 0, NULL, 11, 0),
(66, 81, 16, 56, 'Build a website1', 20.00, 1, 0, '2023-02-02 09:51:17', 0, NULL, 11, 0),
(67, 81, 16, 56, 'Build a website1', 20.00, 1, 0, '2023-02-02 09:51:18', 0, NULL, 11, 0),
(68, 81, 16, 56, 'Build a website1', 20.00, 1, 0, '2023-02-02 09:51:19', 0, NULL, 11, 1),
(69, 81, 1, 55, 'Build a website', 20.00, 1, 0, '2023-02-02 13:46:43', 0, NULL, 11, 0),
(70, 81, 1, 55, 'Build a website', 20.00, 1, 0, '2023-02-02 13:50:44', 0, NULL, 11, 0),
(71, 81, 1, 55, 'Build a website', 20.00, 1, 0, '2023-02-03 06:22:35', 0, NULL, 11, 0),
(72, 81, 16, 56, 'Build a website', 20.00, 1, 0, '2023-02-03 11:49:09', 0, NULL, 11, 1),
(73, 81, 1, 55, 'Build a website', 20.00, 1, 0, '2023-02-03 12:12:19', 0, NULL, 11, 0),
(74, 81, 1, 55, 'Build a website', 20.00, 1, 1, '2023-02-03 12:14:11', 0, NULL, 11, 1),
(75, 58, 16, 45, 'Software Developer', 150.00, 1, 0, '2023-02-03 12:50:43', 0, NULL, 11, 0),
(76, 93, 16, 61, 'Need to fix a jquery migrate issue', 25.00, 0, 0, '2023-03-17 13:23:11', 0, NULL, 11, 2),
(77, 94, 16, 62, 'Looking for a logo creating', 10.00, 1, 0, '2023-03-17 13:39:29', 1, '2023-03-17 13:41:16', 11, 1),
(78, 101, 16, 66, 'Magento developer for regular tasks', 20.00, 1, 0, '2023-06-13 07:35:59', 0, NULL, 11, 1),
(79, 104, 16, 67, 'Plugin Development Specialist', 120.00, 0, 0, '2023-06-13 07:51:13', 0, NULL, 11, 1),
(80, 102, 16, 68, 'HTML & CSS', 120.00, 0, 0, '2023-06-13 08:04:43', 1, '2023-06-13 08:07:14', 11, 1),
(81, 109, 16, 69, 'SEO marketing', 35.00, 1, 1, '2023-06-14 06:50:29', 1, '2023-06-14 06:53:51', 11, 1),
(82, 108, 16, 70, 'Looking for a UX designer', 130.00, 0, 0, '2023-06-14 07:10:40', 0, NULL, 11, 1),
(83, 107, 16, 71, 'Android app changes', 50.00, 1, 0, '2023-06-14 07:38:49', 0, NULL, 11, 2),
(84, 107, 16, 71, 'Android app changes', 50.00, 1, 0, '2023-06-14 07:50:19', 1, '2023-06-14 10:00:44', 11, 1),
(85, 110, 16, 72, 'I need website developer/designer for fashion website', 125.00, 0, 0, '2023-06-14 11:24:25', 1, '2023-06-14 11:34:15', 11, 1),
(86, 111, 16, 73, 'Develop Wordpress plugin', 40.00, 1, 0, '2023-06-14 12:04:07', 0, NULL, 11, 1),
(87, 113, 16, 74, 'Website Developer Open Cart', 22.00, 1, 1, '2023-06-15 06:49:27', 1, '2023-06-15 07:05:45', 11, 1),
(88, 114, 16, 75, 'UI Website Designer', 100.00, 0, 0, '2023-06-15 07:22:14', 0, NULL, 11, 1),
(89, 116, 16, 76, 'Need to Upgrade and Fix Website', 130.00, 0, 0, '2023-06-15 09:39:05', 0, NULL, 11, 1);

-- --------------------------------------------------------

--
-- Table structure for table `pref_project_contract_dispute`
--

CREATE TABLE `pref_project_contract_dispute` (
  `project_contract_dispute_id` int(11) NOT NULL,
  `contract_id` int(11) NOT NULL,
  `contract_milestone_id` int(11) DEFAULT NULL,
  `dispute_status` tinyint(1) NOT NULL,
  `dispute_date` datetime NOT NULL,
  `dispute_reason` text DEFAULT NULL,
  `disputed_amount` decimal(10,2) NOT NULL,
  `commission_amount` decimal(10,2) NOT NULL,
  `owner_amount` decimal(10,2) NOT NULL,
  `contractor_amount` decimal(10,2) NOT NULL,
  `is_send_to_admin` tinyint(1) NOT NULL
) ENGINE=InnoDB DEFAULT CHARSET=utf8;

--
-- Dumping data for table `pref_project_contract_dispute`
--

INSERT INTO `pref_project_contract_dispute` (`project_contract_dispute_id`, `contract_id`, `contract_milestone_id`, `dispute_status`, `dispute_date`, `dispute_reason`, `disputed_amount`, `commission_amount`, `owner_amount`, `contractor_amount`, `is_send_to_admin`) VALUES
(1, 5, 8, 1, '2020-01-25 15:57:50', NULL, '10.00', '0.50', '9.00', '0.50', 0),
(2, 6, 11, 1, '2020-01-29 11:49:56', NULL, '5.00', '0.25', '2.00', '2.75', 0),
(3, 7, 12, 0, '2020-01-29 12:27:51', NULL, '10.00', '0.00', '0.00', '0.00', 0),
(4, 19, 21, 1, '2021-05-27 08:30:45', NULL, '20.00', '2.00', '8.00', '10.00', 0),
(5, 20, 24, 1, '2021-06-11 14:19:28', NULL, '25.00', '2.50', '5.00', '17.50', 0),
(6, 24, 28, 1, '2021-12-07 16:00:03', NULL, '20.00', '2.00', '10.00', '8.00', 0),
(7, 31, 34, 1, '2022-02-15 12:38:56', NULL, '8.00', '0.80', '7.20', '0.00', 1),
(8, 35, 38, 1, '2022-03-11 06:50:21', NULL, '2.00', '0.20', '0.00', '1.80', 0),
(9, 37, 42, 1, '2022-03-24 02:26:56', NULL, '50.00', '5.00', '0.00', '45.00', 0),
(10, 37, 43, 1, '2022-03-24 05:57:47', NULL, '50.00', '5.00', '22.50', '22.50', 1),
(11, 39, 46, 1, '2022-03-28 14:56:46', NULL, '25.00', '2.50', '0.00', '22.50', 0),
(12, 82, 68, 1, '2023-06-14 08:19:54', NULL, '40.00', '4.00', '20.00', '16.00', 0),
(13, 82, 69, 0, '2023-06-14 09:33:48', NULL, '50.00', '0.00', '0.00', '0.00', 0),
(14, 89, 74, 0, '2023-06-15 09:45:04', NULL, '40.00', '0.00', '0.00', '0.00', 1),
(15, 89, 75, 0, '2023-06-15 10:06:55', NULL, '50.00', '0.00', '0.00', '0.00', 0),
(16, 89, 76, 0, '2023-12-29 06:54:49', NULL, '40.00', '0.00', '0.00', '0.00', 0);

-- --------------------------------------------------------

--
-- Table structure for table `pref_project_contract_dispute_submission`
--

CREATE TABLE `pref_project_contract_dispute_submission` (
  `submission_id` int(11) NOT NULL,
  `project_contract_dispute_id` int(11) NOT NULL,
  `contract_milestone_id` int(11) DEFAULT NULL,
  `submitted_by` int(11) NOT NULL,
  `submission_description` varchar(250) DEFAULT NULL,
  `submission_attachment` text DEFAULT NULL,
  `submission_date` datetime DEFAULT NULL,
  `is_approved` tinyint(1) NOT NULL,
  `commission_amount` decimal(10,2) NOT NULL,
  `owner_amount` decimal(10,2) NOT NULL,
  `contractor_amount` decimal(10,2) NOT NULL
) ENGINE=InnoDB DEFAULT CHARSET=utf8;

--
-- Dumping data for table `pref_project_contract_dispute_submission`
--

INSERT INTO `pref_project_contract_dispute_submission` (`submission_id`, `project_contract_dispute_id`, `contract_milestone_id`, `submitted_by`, `submission_description`, `submission_attachment`, `submission_date`, `is_approved`, `commission_amount`, `owner_amount`, `contractor_amount`) VALUES
(1, 1, 8, 11, 'test', NULL, '2020-01-28 19:29:00', 2, '0.50', '9.50', '0.00'),
(2, 1, 8, 11, 'If you are using checkboxes (or other fields) that have multiple options, don’t forget to leave an empty bracket after each option, so that all selections will be added to the POST array', '[{\"name\":\"originatesoft.png\",\"file\":\"a4640abe35362f3563c9f42e28f61809.png\"},{\"name\":\"originatesoft_logo_small.png\",\"file\":\"a4640abe35362f3563c9f42e28f618091.png\"}]', '2020-01-28 19:40:43', 1, '0.50', '9.00', '0.50'),
(3, 2, 11, 11, 'test check', NULL, '2020-01-29 12:03:53', 2, '0.25', '2.00', '2.75'),
(4, 2, 11, 11, 'test check', NULL, '2020-01-29 12:04:30', 2, '0.25', '2.00', '2.75'),
(5, 2, 11, 11, 'test m', NULL, '2020-01-29 12:06:50', 1, '0.25', '2.00', '2.75'),
(6, 4, 21, 11, 'As you did not completed task as my expectation', NULL, '2021-05-27 08:33:15', 2, '2.00', '10.00', '8.00'),
(7, 4, 21, 16, 'This should be accepted', NULL, '2021-05-27 08:34:22', 1, '2.00', '8.00', '10.00'),
(8, 5, 24, 11, 'I believe that dedication and commitment are two qualities that have made me to be a success partner of clients across the globe. I would love to work on this project and help you to achieve success in your business goals. For any query you may feel ', '[{\"name\":\"ResumeAmitabhDasgupta.doc\",\"file\":\"3a2ba285f7c4659cbce321de765cf286.doc\"}]', '2021-06-11 14:22:53', 2, '2.50', '12.50', '10.00'),
(9, 5, 24, 16, 'I believe that dedication and commitment are two qualities that have made me to be a success partner of clients across the globe. I would love to work on this project and help you to achieve success in your business goals. For any query you may feel ', '[{\"name\":\"19d4f79002c047ff174250bed4cbd6da.png\",\"file\":\"3353aa02f59bde70117eb0f617576265.png\"}]', '2021-06-11 14:24:13', 1, '2.50', '5.00', '17.50'),
(10, 6, 28, 16, 'Lorem Ipsum is simply dummy text of the printing and typesetting industry. Lorem Ipsum has been the industry\'s standard dummy text ever since the 1500s, when an unknown printer took a galley of type and scrambled it to make a type specimen book. It h', NULL, '2021-12-07 16:01:41', 2, '2.00', '8.00', '10.00'),
(11, 6, 28, 11, 'It is a long established fact that a reader will be distracted by the readable content of a page when looking at its layout. The point of using Lorem Ipsum is that it has a more-or-less normal distribution of letters, as opposed to using', NULL, '2021-12-07 16:02:54', 1, '2.00', '10.00', '8.00'),
(12, 8, 38, 1, 'شكرا', NULL, '2022-03-22 17:51:12', 1, '0.20', '0.00', '1.80'),
(13, 7, 34, 1, 'Okay. I understand', NULL, '2022-03-24 01:08:59', 0, '0.80', '7.20', '0.00'),
(14, 9, 42, 1, 'Here is another submission', '[{\"name\":\"icons8-right-arrow-50.png\",\"file\":\"2a75ae9ff90b6a67a355372beb689096.png\"}]', '2022-03-24 02:27:59', 2, '5.00', '0.00', '45.00'),
(15, 9, 42, 1, 'version 2', '[{\"name\":\"icons8-right-arrow-50.png\",\"file\":\"a692c08aedafe400c35ea91e06b0d709.png\"}]', '2022-03-24 03:02:19', 1, '5.00', '0.00', '45.00'),
(16, 10, 43, 1, 'this is my revision', '[{\"name\":\"icons8-trash-32.png\",\"file\":\"c78e496d5576f6b67fb062a9fcf05980.png\"}]', '2022-03-24 05:58:49', 0, '5.00', '0.00', '45.00'),
(17, 11, 46, 1, 'lorem ipsum', '[{\"name\":\"icons8-trash-32.png\",\"file\":\"a1f57bdc89fac3b81f9ea915d0db3370.png\"}]', '2022-03-28 14:59:37', 1, '2.50', '0.00', '22.50'),
(18, 12, 68, 16, 'Project descriptions provide the following details to the applicants: the problem the project will address, a set of goals for the project, the overall objectives for the project, as well as a project plan that describes the activities the members wi', '[{\"name\":\"casebook-upwork.docx\",\"file\":\"fdb4a21bd6b0e10fb575c1058e4ce18b.docx\"}]', '2023-06-14 10:13:13', 2, '4.00', '16.00', '20.00'),
(19, 12, 68, 11, 'Project descriptions provide the following details to the applicants: the problem the project will address, a set of goals for the project, the overall objectives for the project, as well as a project plan that describes the activities the members wi', '[{\"name\":\"casebook-upwork.docx\",\"file\":\"545117941453a1a10809697d1ca50dc7.docx\"}]', '2023-06-14 10:16:43', 1, '4.00', '20.00', '16.00');

-- --------------------------------------------------------

--
-- Table structure for table `pref_project_contract_hour_log`
--

CREATE TABLE `pref_project_contract_hour_log` (
  `log_id` int(11) NOT NULL,
  `contract_id` int(11) NOT NULL,
  `log_title` varchar(250) NOT NULL,
  `start_time` date NOT NULL,
  `end_time` date NOT NULL,
  `reg_date` datetime NOT NULL,
  `task_id` int(11) DEFAULT NULL,
  `total_time_worked` int(11) NOT NULL,
  `reject_reason` varchar(250) NOT NULL,
  `log_status` tinyint(1) NOT NULL,
  `invoice_id` int(11) DEFAULT NULL
) ENGINE=InnoDB DEFAULT CHARSET=utf8;

--
-- Dumping data for table `pref_project_contract_hour_log`
--

INSERT INTO `pref_project_contract_hour_log` (`log_id`, `contract_id`, `log_title`, `start_time`, `end_time`, `reg_date`, `task_id`, `total_time_worked`, `reject_reason`, `log_status`, `invoice_id`) VALUES
(1, 2, 'Login page', '2020-01-13', '2020-01-13', '2020-01-14 14:03:52', NULL, 65, '', 2, NULL),
(2, 2, 'Sign up page', '2020-01-14', '2020-01-14', '2020-01-14 14:42:52', NULL, 20, 'required', 2, NULL),
(3, 2, 'Sign up', '2020-01-14', '2020-01-14', '2020-01-14 15:10:12', NULL, 80, '', 1, 9),
(4, 2, 'login update', '2020-01-14', '2020-01-14', '2020-01-14 15:10:37', NULL, 20, 'test reason', 2, NULL),
(5, 2, 'Header update', '2020-01-14', '2020-01-14', '2020-01-14 15:12:01', NULL, 30, 'test', 2, NULL),
(6, 2, 'test page', '2020-01-14', '2020-01-14', '2020-01-14 16:40:05', NULL, 21, '', 1, 9),
(7, 2, 'test new', '2020-01-15', '2020-01-15', '2020-01-15 16:53:38', NULL, 90, '', 1, 2),
(8, 2, 'SEO content post', '2020-01-29', '2020-01-29', '2020-01-29 13:07:05', NULL, 60, 'Work  not done', 2, NULL),
(9, 16, 'SignUp page', '2021-04-06', '2021-04-06', '2021-04-06 13:12:28', NULL, 150, '', 1, 19),
(10, 16, 'Login page design', '2021-04-05', '2021-04-05', '2021-04-06 13:15:05', NULL, 150, '', 1, 19),
(11, 27, 'Title 1', '2022-02-09', '2022-02-09', '2022-02-09 05:39:17', NULL, 120, 'still lacking some modifications', 2, NULL),
(12, 27, 'milestone 1', '2022-02-09', '2022-02-09', '2022-02-09 13:06:22', NULL, 120, '', 1, 31),
(13, 27, 'milestone 2', '2022-02-09', '2022-02-09', '2022-02-09 13:21:11', NULL, 60, '', 1, 32),
(14, 30, 'First Draft', '2022-02-12', '2022-02-12', '2022-02-12 13:01:34', NULL, 45, '', 1, 34),
(15, 30, '2', '2022-03-13', '2022-03-13', '2022-03-13 02:51:06', NULL, 60, 'its not what i asked for', 2, NULL),
(16, 30, 'Revised', '2022-03-13', '2022-03-13', '2022-03-13 03:00:51', NULL, 60, '', 1, 38),
(17, 55, 'l', '2022-07-24', '2022-07-24', '2022-07-24 19:54:48', NULL, 61, '', 1, NULL),
(18, 57, 'One hour work', '2022-08-24', '2022-08-24', '2022-08-24 23:58:42', NULL, 60, 'Not', 2, NULL),
(19, 57, 'Test', '2022-08-25', '2022-08-25', '2022-08-25 00:03:48', NULL, 61, '', 1, NULL),
(20, 60, 'work', '2022-10-18', '2022-10-18', '2022-10-18 13:35:27', NULL, 630, '', 1, NULL),
(21, 59, 'ttt', '2022-10-18', '2022-10-18', '2022-10-18 14:56:47', NULL, 300, '', 1, 48),
(22, 59, 'asda', '2022-11-30', '2022-11-30', '2022-11-30 16:59:42', NULL, 600, '', 1, NULL),
(23, 84, 'jhkj', '2023-05-15', '2023-06-12', '2023-06-14 09:51:35', NULL, 1500, '', 0, NULL),
(24, 86, 'Project Submit', '2023-05-23', '2023-06-06', '2023-06-14 12:06:39', NULL, 6600, '', 1, NULL),
(25, 86, 'gjhgj', '2023-06-14', '2023-06-14', '2023-06-14 12:33:50', NULL, 2400, '', 1, 55),
(26, 87, 'Website Developer Open Cart', '2023-05-24', '2023-06-15', '2023-06-15 06:52:01', NULL, 1500, '', 1, 56);

-- --------------------------------------------------------

--
-- Table structure for table `pref_project_contract_hour_log_info`
--

CREATE TABLE `pref_project_contract_hour_log_info` (
  `log_id` int(11) NOT NULL,
  `log_attachment` text DEFAULT NULL,
  `log_details` text DEFAULT NULL
) ENGINE=InnoDB DEFAULT CHARSET=utf8;

--
-- Dumping data for table `pref_project_contract_hour_log_info`
--

INSERT INTO `pref_project_contract_hour_log_info` (`log_id`, `log_attachment`, `log_details`) VALUES
(1, '[{\"name\":\"originatesoft.png\",\"file\":\"f71861f0e94a27bbd92e9018e38e6fd4.png\"},{\"name\":\"originatesoft_logo_small.png\",\"file\":\"f71861f0e94a27bbd92e9018e38e6fd41.png\"}]', 'The only thing I\'ve seen is to link two of them together like this.'),
(3, NULL, ''),
(4, NULL, ''),
(5, NULL, ''),
(6, NULL, 'test page'),
(7, NULL, ''),
(8, NULL, 'SEO content post'),
(9, '[{\"name\":\"ResumeAsisGhosh.docx\",\"file\":\"e9df854a35f7d381272a07ddb29c93cb.docx\"}]', 'I have completed design of signUp page'),
(10, '[{\"name\":\"10479891_Screenshot_20201115-114058_Chrome.jpg\",\"file\":\"b1df20f57189e296b9fdec8a430ad0dd.jpg\"},{\"name\":\"a34b74ac-6705-4a4b-91d9-6145baf588bf.jpg\",\"file\":\"b1df20f57189e296b9fdec8a430ad0dd1.jpg\"}]', 'I have completed login page design'),
(11, '[{\"name\":\"trek.jpg\",\"file\":\"b4878d235564e8a0b5a5e36c5108ee6c.jpg\"}]', '\"Lorem ipsum dolor sit amet, consectetur adipiscing elit, sed do eiusmod tempor incididunt ut labore et dolore magna aliqua. Ut enim ad minim veniam, quis nostrud exercitation ullamco laboris nisi ut aliquip ex ea commodo consequat. Duis aute irure dolor in reprehenderit in voluptate velit esse cillum dolore eu fugiat nulla pariatur. Excepteur sint occaecat cupidatat non proident, sunt in culpa qui officia deserunt mollit anim id est laborum.\"'),
(12, '[{\"name\":\"star-trek-enterprise-ncc-d-wallpaper.png\",\"file\":\"6dedde59e70c55519a02a0a743ba2419.png\"}]', 'Lorem ipsum dolor sit amet, consectetur adipiscing elit. Ut luctus diam in leo mattis, id consequat mauris gravida. Morbi fermentum hendrerit arcu nec facilisis. Praesent tempor nunc et elit hendrerit pulvinar. Pellentesque commodo consectetur lectus, ac interdum ex tempus et. Donec ac purus malesuada, tempus nulla vel, sollicitudin dolor. Proin bibendum, nunc quis ultricies viverra, dui eros maximus enim, sit amet maximus magna libero eget mi. Integer ultricies ullamcorper condimentum. In cursus volutpat ipsum eget mattis. Proin ac varius elit. Donec quis lacus tempus tellus aliquam aliquet ut a tellus. Praesent ut finibus turpis. Cras gravida pharetra cursus. Mauris ut mollis tortor.'),
(13, NULL, 'Lorem ipsum dolor sit amet, consectetur adipiscing elit. Ut luctus diam in leo mattis, id consequat mauris gravida. Morbi fermentum hendrerit arcu nec facilisis. Praesent tempor nunc et elit hendrerit pulvinar. Pellentesque commodo consectetur lectus, ac interdum ex tempus et. Donec ac purus malesuada, tempus nulla vel, sollicitudin dolor. Proin bibendum, nunc quis ultricies viverra, dui eros maximus enim, sit amet maximus magna libero eget mi. Integer ultricies ullamcorper condimentum. In cursus volutpat ipsum eget mattis. Proin ac varius elit. Donec quis lacus tempus tellus aliquam aliquet ut a tellus. Praesent ut finibus turpis. Cras gravida pharetra cursus. Mauris ut mollis tortor.'),
(14, '[{\"name\":\"dashboard.png\",\"file\":\"31af2bad443c577a42bf4aaf53655598.png\"}]', 'Cras iaculis blandit massa vitae consectetur. Orci varius natoque penatibus et magnis dis parturient montes, nascetur ridiculus mus. Donec at vehicula metus, sed fringilla neque. Fusce pulvinar at elit et viverra. Cras in nibh risus. Mauris nibh urna, volutpat ut nisi eget, ultricies pretium lacus. Nulla bibendum odio id quam accumsan, eu varius nisi auctor.'),
(15, '[{\"name\":\"icons8-trash-32.png\",\"file\":\"5b7dd87150bc94459c0245dfdcbd6c9a.png\"}]', 'absdefghijkl'),
(16, '[{\"name\":\"icons8-trash-32.png\",\"file\":\"04282de265b9acc8fe06e2ba6a3ab61c.png\"}]', 'asdvsdbab'),
(17, NULL, 'jkk'),
(18, '[{\"name\":\"Screenshot_20220823-025124_Gallery.jpg\",\"file\":\"2f95a324c7f1568052598dfae5d9b412.jpg\"}]', 'This is only one hour work.'),
(19, NULL, 'Test'),
(20, NULL, 'work'),
(21, NULL, 'ttt'),
(22, NULL, 'asda'),
(23, '[{\"name\":\"casebook-upwork.docx\",\"file\":\"e9d0909459e15d0197ccb06ba124ff12.docx\"}]', 'ghkjhk'),
(24, NULL, 'Project descriptions provide the following details to the applicants: the problem the project will address, a set of goals for the project, the overall objectives for the project, as well as a project plan that describes the activities the members will undertake.'),
(25, NULL, 'ghjkhgk'),
(26, '[{\"name\":\"casebook-upwork.docx\",\"file\":\"1676f9751a1d5171c4e09969997518c0.docx\"}]', 'I am looking for a UI website designer who can help me create a website that focuses on branding. I have specific preferences in terms of color scheme and design style, which I would like the designer to incorporate into the website.');

-- --------------------------------------------------------

--
-- Table structure for table `pref_project_contract_invoice`
--

CREATE TABLE `pref_project_contract_invoice` (
  `project_contract_invoice_id` int(11) NOT NULL,
  `project_id` int(11) NOT NULL,
  `invoice_id` int(11) NOT NULL,
  `contract_id` int(11) NOT NULL
) ENGINE=InnoDB DEFAULT CHARSET=utf8;

--
-- Dumping data for table `pref_project_contract_invoice`
--

INSERT INTO `pref_project_contract_invoice` (`project_contract_invoice_id`, `project_id`, `invoice_id`, `contract_id`) VALUES
(1, 6, 1, 2),
(2, 6, 2, 2),
(3, 6, 3, 2),
(4, 6, 4, 2),
(5, 6, 5, 2),
(6, 6, 6, 1),
(7, 6, 7, 1),
(8, 6, 8, 3),
(9, 6, 9, 2),
(10, 6, 10, 4),
(11, 6, 11, 4),
(12, 6, 12, 5),
(13, 6, 13, 6),
(14, 6, 14, 6),
(15, 9, 15, 8),
(16, 13, 16, 10),
(17, 19, 17, 15),
(18, 19, 18, 15),
(19, 19, 19, 16),
(20, 20, 20, 17),
(21, 21, 21, 19),
(22, 21, 22, 19),
(23, 21, 23, 19),
(24, 23, 24, 20),
(25, 23, 25, 20),
(26, 23, 26, 20),
(27, 31, 27, 24),
(28, 31, 28, 24),
(29, 31, 29, 24),
(30, 36, 30, 26),
(31, 37, 31, 27),
(32, 37, 32, 27),
(33, 38, 33, 29),
(34, 39, 34, 30),
(35, 41, 35, 31),
(36, 45, 36, 32),
(37, 46, 37, 34),
(38, 39, 38, 30),
(39, 47, 39, 35),
(40, 47, 40, 36),
(41, 41, 41, 31),
(42, 50, 42, 37),
(43, 50, 43, 37),
(44, 52, 44, 39),
(45, 52, 45, 39),
(46, 56, 46, 46),
(47, 71, 47, 54),
(48, 81, 48, 59),
(49, 102, 49, 80),
(50, 108, 50, 82),
(51, 108, 51, 82),
(52, 110, 52, 85),
(53, 110, 53, 85),
(54, 110, 54, 85),
(55, 111, 55, 86),
(56, 113, 56, 87),
(57, 116, 57, 89);

-- --------------------------------------------------------

--
-- Table structure for table `pref_project_contract_milestone`
--

CREATE TABLE `pref_project_contract_milestone` (
  `contract_milestone_id` int(11) NOT NULL,
  `contract_id` int(11) DEFAULT NULL,
  `is_escrow` tinyint(1) NOT NULL,
  `milestone_title` varchar(250) NOT NULL,
  `milestone_amount` float(10,2) NOT NULL,
  `milestone_create_date` datetime NOT NULL,
  `milestone_due_date` date DEFAULT NULL,
  `is_approved` tinyint(1) NOT NULL,
  `is_change_request` tinyint(1) NOT NULL,
  `approved_date` datetime DEFAULT NULL
) ENGINE=InnoDB DEFAULT CHARSET=utf8;

--
-- Dumping data for table `pref_project_contract_milestone`
--

INSERT INTO `pref_project_contract_milestone` (`contract_milestone_id`, `contract_id`, `is_escrow`, `milestone_title`, `milestone_amount`, `milestone_create_date`, `milestone_due_date`, `is_approved`, `is_change_request`, `approved_date`) VALUES
(1, 1, 1, 'Design Layout', 10.00, '2020-01-08 09:58:51', '2020-01-15', 1, 0, '2020-01-08 10:03:17'),
(2, 1, 1, 'Make Html Complete', 30.00, '2020-01-08 09:58:51', '2020-01-25', 1, 0, '2020-01-20 11:40:07'),
(3, 1, 1, 'Make website Dynamic', 60.00, '2020-01-08 09:58:51', '2020-01-30', 1, 0, '2020-01-20 15:28:45'),
(4, 3, 1, 'New contarct 2', 20.00, '2020-01-24 10:47:22', '2020-01-31', 1, 0, '2020-01-24 10:49:44'),
(5, 4, 1, 'part1', 40.00, '2020-01-25 10:22:55', '2020-01-30', 1, 0, '2020-01-25 12:52:30'),
(6, 4, 1, 'part2', 30.00, '2020-01-25 10:22:55', '2020-01-30', 1, 0, '2020-01-25 12:53:33'),
(7, 4, 0, 'part3', 30.00, '2020-01-25 10:22:55', '2020-01-30', 0, 0, NULL),
(8, 5, 1, 'p1', 10.00, '2020-01-25 13:23:00', '2020-01-31', 1, 0, '2020-01-28 21:53:42'),
(9, 5, 0, 'p2', 20.00, '2020-01-25 13:23:00', '2020-01-31', 0, 0, NULL),
(10, 6, 1, 'milestone 1', 5.00, '2020-01-29 10:54:17', '2020-01-30', 1, 0, '2020-01-29 11:37:28'),
(11, 6, 1, 'milestone 2', 5.00, '2020-01-29 10:54:18', '2020-01-31', 1, 0, '2020-01-29 12:15:58'),
(12, 7, 1, 'New contract check', 10.00, '2020-01-29 12:27:01', '2020-01-31', 0, 0, NULL),
(13, 8, 1, 'Cryptocurrency Expert Needed For Freelancer Marketplace', 100.00, '2021-02-19 09:43:28', '2021-02-20', 1, 0, '2021-02-19 09:45:07'),
(14, 10, 1, 'Create a website with recomendations system&#40;AI&#41; on django', 300.00, '2021-03-25 14:18:38', '2021-03-26', 1, 0, '2021-03-25 14:28:41'),
(15, 15, 1, 'UI/UX', 30.00, '2021-04-06 12:44:15', '2021-04-06', 1, 0, '2021-04-06 12:56:31'),
(16, 15, 1, 'First milestone', 20.00, '2021-04-06 12:44:15', '2021-04-07', 1, 0, '2021-04-06 12:59:58'),
(17, 17, 1, 'Contract: Need some one to integrate a telegram chat bot with the WordPress website', 100.00, '2021-04-09 07:08:39', '2021-04-09', 1, 0, '2021-04-09 07:18:29'),
(18, 18, 1, 'Android develop', 10.00, '2021-04-15 10:44:20', '2021-04-15', 0, 0, NULL),
(19, 19, 1, 'First milestone', 30.00, '2021-05-27 07:58:50', '2021-05-27', 1, 0, '2021-05-27 08:11:09'),
(20, 19, 1, 'Second milestone', 10.00, '2021-05-27 07:58:50', '2021-05-28', 1, 0, '2021-05-27 08:20:29'),
(21, 19, 1, 'Third milestone', 20.00, '2021-05-27 07:58:50', '2021-05-29', 1, 0, '2021-05-27 08:38:04'),
(22, 20, 1, 'UI/UX', 20.00, '2021-06-11 13:58:54', '2021-06-11', 1, 0, '2021-06-11 14:09:33'),
(23, 20, 1, 'First milestone', 23.00, '2021-06-11 13:58:54', '2021-06-11', 1, 0, '2021-06-11 14:12:33'),
(24, 20, 1, 'Second Milestone', 25.00, '2021-06-11 13:58:54', '2021-06-11', 1, 0, '2021-06-11 14:30:30'),
(25, 23, 1, 'Milestone 1', 100.00, '2021-07-07 17:01:13', '2021-07-09', 0, 0, NULL),
(26, 24, 1, 'UI/UX', 20.00, '2021-12-07 15:30:10', '2021-12-07', 1, 0, '2021-12-07 15:39:23'),
(27, 24, 1, 'First milestone', 10.00, '2021-12-07 15:30:10', '2021-12-08', 1, 0, '2021-12-07 16:05:54'),
(28, 24, 1, 'Second Milestone', 20.00, '2021-12-07 15:30:10', '2021-12-09', 1, 0, '2021-12-07 16:03:15'),
(29, 25, 1, 'Woocommerce expert required for payment system modification', 100.00, '2021-12-30 16:14:40', '2021-12-31', 0, 0, NULL),
(30, 26, 1, 'Blog Post Mini Storage', 11.00, '2022-02-09 05:19:04', '2022-02-13', 1, 0, '2022-02-09 05:23:19'),
(31, 28, 1, 'Project ABC', 11.00, '2022-02-10 01:00:59', '2022-02-13', 0, 0, NULL),
(32, 29, 1, 'Project ABC', 15.00, '2022-02-10 01:02:20', '2022-02-13', 1, 0, '2022-02-12 00:38:06'),
(33, 31, 1, 'Milestone 1 ', 10.00, '2022-02-15 01:02:16', '2022-02-16', 1, 0, '2022-02-15 02:32:24'),
(34, 31, 1, 'Milestone 2 ', 8.00, '2022-02-15 01:02:16', '2022-02-17', 1, 0, '2022-03-24 06:48:35'),
(35, 32, 1, 'Neew wordpress deveploper', 30.00, '2022-03-03 10:19:49', '2022-03-03', 1, 0, '2022-03-03 10:22:23'),
(36, 33, 1, 'Laravel dvlpr', 70.00, '2022-03-03 10:39:14', '2022-03-03', 0, 0, NULL),
(37, 34, 1, 'Laravel dvlpr', 70.00, '2022-03-03 12:34:31', '2022-03-03', 1, 0, '2022-03-03 12:36:27'),
(38, 35, 1, '1', 2.00, '2022-03-11 06:42:58', '2022-03-11', 1, 0, '2022-03-22 17:54:11'),
(39, 35, 0, '2', 3.00, '2022-03-11 06:42:58', '2022-03-12', 0, 0, NULL),
(40, 36, 1, 'شحن', 50.00, '2022-03-22 18:35:55', '2022-03-22', 1, 0, '2022-03-22 18:44:07'),
(41, 36, 0, 'شحن', 70.00, '2022-03-22 18:35:55', '2022-03-23', 0, 0, NULL),
(42, 37, 1, 'Milestone 1 ', 50.00, '2022-03-24 02:19:57', '2022-03-24', 1, 0, '2022-03-24 03:04:20'),
(43, 37, 1, 'Milestone 2', 50.00, '2022-03-24 02:19:57', '2022-03-24', 1, 0, '2022-03-24 11:36:32'),
(44, 38, 1, 'PROJECT BLOG ADVERTISING', 60.00, '2022-03-25 06:21:49', '2022-03-28', 0, 0, NULL),
(45, 39, 1, 'Milestone 1 ', 25.00, '2022-03-28 14:38:29', '2022-03-29', 1, 0, '2022-03-28 14:49:30'),
(46, 39, 1, 'Milestone 2 ', 25.00, '2022-03-28 14:38:29', '2022-03-30', 1, 0, '2022-03-28 15:02:18'),
(47, 40, 1, 'Test design', 10.00, '2022-04-06 04:51:43', '2022-04-07', 0, 0, NULL),
(48, 41, 1, 'Test design', 2.00, '2022-04-11 01:20:39', '2022-04-12', 0, 0, NULL),
(49, 42, 1, 'Test 2', 5.00, '2022-04-11 03:42:22', '2022-04-12', 0, 0, NULL),
(50, 43, 1, 'ERFBRGTBH', 100.00, '2022-04-12 09:36:33', '2022-04-13', 0, 0, NULL),
(51, 44, 1, 'ERFBRGTBH', 22.00, '2022-04-12 09:44:12', '2022-04-15', 0, 0, NULL),
(52, 46, 1, 'UI/UX', 30.00, '2022-05-27 08:18:10', '2022-05-27', 1, 0, '2022-05-27 08:23:31'),
(53, 46, 0, 'First Milestone', 20.00, '2022-05-27 08:18:10', '2022-05-27', 0, 0, NULL),
(54, 46, 0, 'Second Milestone', 20.00, '2022-05-27 08:18:10', '2022-05-27', 0, 0, NULL),
(55, 47, 1, 'Test', 50.00, '2022-06-09 18:41:36', '2022-06-10', 0, 0, NULL),
(56, 53, 1, 'Contract---Filter/Sort Firebase Realtime Database', 20.00, '2022-07-17 03:11:43', '2022-07-17', 0, 0, NULL),
(57, 54, 1, 'PHP DEVELOPER', 200.00, '2022-07-24 19:52:00', '2022-07-25', 1, 0, '2022-07-24 19:53:31'),
(58, 58, 1, 'Software Developer', 11.00, '2022-08-25 00:12:20', '2022-08-25', 0, 0, NULL),
(59, 61, 1, 'Build a website', 200.00, '2023-02-02 09:45:30', '2023-02-10', 0, 0, NULL),
(60, 62, 1, 'Build a website', 200.00, '2023-02-02 09:45:31', '2023-02-10', 0, 0, NULL),
(61, 65, 1, 'Build a website1', 100.00, '2023-02-02 09:51:05', '2023-02-09', 0, 0, NULL),
(62, 76, 1, 'Need to fix a jquery migrate issue', 25.00, '2023-03-17 13:23:11', '2023-04-15', 0, 0, NULL),
(63, 79, 1, 'Plugin Development Specialist', 120.00, '2023-06-13 07:51:13', '2023-06-28', 0, 0, NULL),
(64, 80, 1, '1 st installment', 50.00, '2023-06-13 08:04:43', '2023-06-20', 1, 0, '2023-06-13 08:06:07'),
(65, 80, 0, '2nd installment', 40.00, '2023-06-13 08:04:43', '2023-06-29', 0, 0, NULL),
(66, 80, 0, '3rd installment', 30.00, '2023-06-13 08:04:43', '2023-07-11', 0, 0, NULL),
(67, 82, 1, '1st Installment', 40.00, '2023-06-14 07:10:40', '2023-06-22', 1, 0, '2023-06-14 08:06:18'),
(68, 82, 1, '2nd installment', 40.00, '2023-06-14 07:10:40', '2023-06-30', 1, 0, '2023-06-14 10:17:35'),
(69, 82, 1, '3rd installment', 50.00, '2023-06-14 07:10:40', '2023-07-12', 0, 0, NULL),
(70, 85, 1, '1st payment', 30.00, '2023-06-14 11:24:25', '2023-06-22', 1, 0, '2023-06-14 11:27:01'),
(71, 85, 1, '2nd Payment', 50.00, '2023-06-14 11:24:25', '2023-07-03', 1, 0, '2023-06-14 11:29:55'),
(72, 85, 1, '3rd Payment', 45.00, '2023-06-14 11:24:25', '2023-07-11', 1, 0, '2023-06-14 11:32:41'),
(73, 88, 1, 'UI Website Designer', 100.00, '2023-06-15 07:22:14', '2023-07-12', 0, 0, NULL),
(74, 89, 1, '1st Payment', 40.00, '2023-06-15 09:39:05', '2023-06-15', 1, 0, '2023-06-15 09:54:38'),
(75, 89, 1, '2nd Payment', 50.00, '2023-06-15 09:39:05', '2023-06-27', 0, 0, NULL),
(76, 89, 1, '3rd Payment', 40.00, '2023-06-15 09:39:05', '2023-07-12', 0, 0, NULL);

-- --------------------------------------------------------

--
-- Table structure for table `pref_project_contract_milestone_submission`
--

CREATE TABLE `pref_project_contract_milestone_submission` (
  `submission_id` int(11) NOT NULL,
  `contract_milestone_id` int(11) DEFAULT NULL,
  `submission_description` varchar(250) DEFAULT NULL,
  `submission_attachment` text DEFAULT NULL,
  `submission_date` datetime DEFAULT NULL,
  `is_approved` tinyint(1) NOT NULL,
  `update_date` datetime DEFAULT NULL,
  `change_reason` varchar(250) DEFAULT NULL
) ENGINE=InnoDB DEFAULT CHARSET=utf8;

--
-- Dumping data for table `pref_project_contract_milestone_submission`
--

INSERT INTO `pref_project_contract_milestone_submission` (`submission_id`, `contract_milestone_id`, `submission_description`, `submission_attachment`, `submission_date`, `is_approved`, `update_date`, `change_reason`) VALUES
(1, 1, 'Contrary to popular belief, Lorem Ipsum is not simply random text. It has roots in a piece of classical Latin literature from 45 BC, making it over 2000 years old. Richard McClintock, a Latin professor at Hampden-Sydney College in Virginia,', NULL, '2020-01-08 10:02:19', 2, '2020-01-08 10:02:45', 'The standard chunk of Lorem Ipsum used since the 1500s is reproduced below for those interested. Sections 1.10.32 and 1.10.33 from \"de Finibus Bonorum et Malorum\" by Cicero are also reproduced in their exact original form, accompanied by English vers'),
(2, 1, 'There are many variations of passages of Lorem Ipsum available, but the majority have suffered alteration in some form, by injected humour, or randomised words which don\'t look even slightly believable. If you are going to use a passage of Lorem Ipsu', NULL, '2020-01-08 10:03:07', 1, '2020-01-08 10:03:17', NULL),
(3, 2, 'test descript', NULL, '2020-01-20 11:36:29', 1, '2020-01-20 11:37:39', NULL),
(4, 2, 'dgdgdfg', NULL, '2020-01-20 11:39:57', 1, '2020-01-20 11:40:07', NULL),
(5, 3, 'test', NULL, '2020-01-20 15:25:23', 1, '2020-01-20 15:28:45', NULL),
(6, 4, 'Test work', NULL, '2020-01-24 10:49:25', 1, '2020-01-24 10:49:43', NULL),
(7, 5, 'test check', NULL, '2020-01-25 12:52:18', 1, '2020-01-25 12:52:30', NULL),
(8, 6, 'fdsfsdf', NULL, '2020-01-25 12:53:25', 1, '2020-01-25 12:53:33', NULL),
(9, 10, 'test check notification', NULL, '2020-01-29 11:18:59', 2, '2020-01-29 11:36:48', 'Test notification'),
(10, 10, 'new submission check', NULL, '2020-01-29 11:37:17', 1, '2020-01-29 11:37:28', NULL),
(11, 13, 'We have checked your job description also fully understand what you are looking for. You are looking to build a freelancer marketplace like Upwork along with buy sell gigs features like fiverr.', '[{\"name\":\"ResumeDebarghaBhattacharya.docx\",\"file\":\"ce02c5db88f7050f8bb5dc5389994d9d.docx\"},{\"name\":\"ResumeDebashreCchanda.docx\",\"file\":\"ce02c5db88f7050f8bb5dc5389994d9d1.docx\"},{\"name\":\"ResumeDeepayanChoudhury (1).docx\",\"file\":\"ce02c5db88f7050f8bb5dc5389994d9d2.docx\"},{\"name\":\"ResumeDeepayanChoudhury.docx\",\"file\":\"ce02c5db88f7050f8bb5dc5389994d9d3.docx\"}]', '2021-02-19 09:44:52', 1, '2021-02-19 09:45:07', NULL),
(12, 14, 'I have read the job post that you have posted in and I’m interested to work on your project. My work portfolio includes successful clientele list. I have over 9 years of experience working as a web developer. Though my profile does not have much rati', '[{\"name\":\"ResumeArunbahaDas (2).docx\",\"file\":\"8f8b6d64da0e63b0cb30b30460b82831.docx\"}]', '2021-03-25 14:27:23', 1, '2021-03-25 14:28:41', NULL),
(13, 15, 'I have read the job post that you have posted in ……………….... and I’m interested to work on your project. My work portfolio includes successful clientele list. I have over 9 years of experience working as a web developer. Though my profile does not hav', '[{\"name\":\"MoM Prana Residents Meeting.docx\",\"file\":\"3845e42f7c44559a168c03e457f17ed8.docx\"},{\"name\":\"10479891_Screenshot_20201115-114058_Chrome.jpg\",\"file\":\"3845e42f7c44559a168c03e457f17ed8.jpg\"},{\"name\":\"a34b74ac-6705-4a4b-91d9-6145baf588bf.jpg\",\"file\":\"b031f261db4a0779ac161f27b02316b6.jpg\"},{\"name\":\"logout.png\",\"file\":\"3845e42f7c44559a168c03e457f17ed8.png\"}]', '2021-04-06 12:54:18', 2, '2021-04-06 12:55:10', 'auto cancle'),
(14, 15, 'Though my profile does not have much rating and review but, I believe that dedication and commitment are two qualities that have made me to be a success partner of clients across the globe. I would love to work on this project and help you to achieve', '[{\"name\":\"15k public votes.png\",\"file\":\"4b1efa959a31b54c7dc5d7ee321563b0.png\"},{\"name\":\"Page 1.png\",\"file\":\"4b1efa959a31b54c7dc5d7ee321563b01.png\"},{\"name\":\"Page 2.png\",\"file\":\"4b1efa959a31b54c7dc5d7ee321563b02.png\"},{\"name\":\"Page 3.png\",\"file\":\"1a6290b8104169fb52721031268faa36.png\"},{\"name\":\"ResumeBijoyaMukherjee.docx\",\"file\":\"1a6290b8104169fb52721031268faa36.docx\"},{\"name\":\"ResumeDebarghaBhattacharya.docx\",\"file\":\"1a6290b8104169fb52721031268faa361.docx\"},{\"name\":\"Resumedipanjandatta.doc\",\"file\":\"1a6290b8104169fb52721031268faa36.doc\"}]', '2021-04-06 12:55:10', 1, '2021-04-06 12:56:31', NULL),
(15, 16, 'Though my profile does not have much rating and review but, I believe that dedication and commitment are two qualities that have made me to be a success partner of clients across the globe. I would love to work on this project and help you to achieve', '[{\"name\":\"ResumeBappadityaDas.docx\",\"file\":\"22135f62e2847ce157f4d064fb4b5521.docx\"},{\"name\":\"ResumeBijoyaMukherjee.docx\",\"file\":\"22135f62e2847ce157f4d064fb4b55211.docx\"},{\"name\":\"f8992653ebdc37586930072deb726530.jpg\",\"file\":\"5ee503388f8a8f3512b60740aeb7078f.jpg\"}]', '2021-04-06 12:59:43', 1, '2021-04-06 12:59:58', NULL),
(16, 17, 'I would love to work on this project and help you to achieve success in your business goals. For any query you may feel free to get in touch with me.', '[{\"name\":\"10479891_Screenshot_20201115-114012_Chrome.jpg\",\"file\":\"4fbf1babaf050eeae2d68c5c7cfcb167.jpg\"},{\"name\":\"10479891_Screenshot_20201115-114058_Chrome.jpg\",\"file\":\"4fbf1babaf050eeae2d68c5c7cfcb1671.jpg\"},{\"name\":\"image 1.png\",\"file\":\"480e6cdb842a3c5616a0d60673ded306.png\"},{\"name\":\"image 3.png\",\"file\":\"480e6cdb842a3c5616a0d60673ded3061.png\"},{\"name\":\"ResumeSomnathSaha (1).docx\",\"file\":\"480e6cdb842a3c5616a0d60673ded306.docx\"}]', '2021-04-09 07:15:23', 1, '2021-04-09 07:18:29', NULL),
(17, 19, 'I have completed agreed task. Please check my work.\r\n\r\nThanks,', '[{\"name\":\"19d4f79002c047ff174250bed4cbd6da.png\",\"file\":\"dd5f3618ac00282413f08cabf43b7b19.png\"},{\"name\":\"ResumePradipGhatak.doc\",\"file\":\"f7d1817acc909563597a1090bbbd35a3.doc\"}]', '2021-05-27 08:06:13', 1, '2021-05-27 08:11:09', NULL),
(18, 20, 'I have completed second milestone', '[{\"name\":\"19d4f79002c047ff174250bed4cbd6da.png\",\"file\":\"1da86300faf19bf3995b3a214e82f83d.png\"}]', '2021-05-27 08:19:43', 1, '2021-05-27 08:20:29', NULL),
(19, 21, 'I have completed 3rd milestone', '[{\"name\":\"19d4f79002c047ff174250bed4cbd6da.png\",\"file\":\"8bb6ad2f288b74848d1a5ed8361efab6.png\"}]', '2021-05-27 08:24:41', 2, '2021-05-27 08:26:19', 'I am not satisfied the work you have done'),
(20, 21, 'Resubmit the work', '[{\"name\":\"19d4f79002c047ff174250bed4cbd6da.png\",\"file\":\"32da56cc56631b768834adaf9f3c550d.png\"}]', '2021-05-27 08:29:43', 2, '2021-05-27 08:30:11', 'Not satisfied'),
(21, 22, 'I believe that dedication and commitment are two qualities that have made me to be a success partner of clients across the globe. I would love to work on this project and help you to achieve success in your business goals. For any query you may feel ', '[{\"name\":\"ResumeDebashreCchanda.docx\",\"file\":\"6404481a9d77d1abe7704b8425ba7523.docx\"}]', '2021-06-11 14:06:20', 2, '2021-06-11 14:07:49', 'I am not satisfied the work you have deliverd.'),
(22, 22, 'I believe that dedication and commitment are two qualities that have made me to be a success partner of clients across the globe. I would love to work on this project and help you to achieve success in your business goals. For any query you may feel ', '[{\"name\":\"ResumeAnnuSingh.pdf\",\"file\":\"2801163ee03b0aaa8aabe167f1484670.pdf\"}]', '2021-06-11 14:08:36', 1, '2021-06-11 14:09:33', NULL),
(23, 23, 'I believe that dedication and commitment are two qualities that have made me to be a success partner of clients across the globe. I would love to work on this project and help you to achieve success in your business goals. For any query you may feel ', '[{\"name\":\"ResumeShohiniDas.docx\",\"file\":\"1305a7e6885a4a25138676457a9fe314.docx\"}]', '2021-06-11 14:12:18', 1, '2021-06-11 14:12:33', NULL),
(24, 26, 'It is a long established fact that a reader will be distracted by the readable content of a page when looking at its layout. The point of using Lorem Ipsum is that it has a more-or-less normal distribution of letters, as opposed to using \'Content her', '[{\"name\":\"ResumeAnanyaAnand.doc\",\"file\":\"1b7edf6d292c0ec5aaec269d17d1bad5.doc\"},{\"name\":\"ResumeAnishaBanerjee.docx\",\"file\":\"7f7b8c23b4f51e3d30f37faa4fdf0d4b.docx\"}]', '2021-12-07 15:36:39', 2, '2021-12-07 15:37:43', 'Lorem Ipsum is simply dummy text of the printing and typesetting industry. Lorem Ipsum has been the industry\'s standard dummy text ever since the 1500s, when an unknown printer took a galley of type and scrambled it to make a type specimen book. It h'),
(25, 26, 'Lorem Ipsum is simply dummy text of the printing and typesetting industry. Lorem Ipsum has been the industry\'s standard dummy text ever since the 1500s, when an unknown printer took a galley of type and scrambled it to make a type specimen book. It h', '[{\"name\":\"ResumeArunbahaDas (1).docx\",\"file\":\"b4693368afa52db83a81a306372a4340.docx\"},{\"name\":\"ResumeArunbahaDas (2).docx\",\"file\":\"b4693368afa52db83a81a306372a43401.docx\"},{\"name\":\"ResumeArunbahaDas (3).docx\",\"file\":\"b4693368afa52db83a81a306372a43402.docx\"},{\"name\":\"ResumeArunbahaDas (4).docx\",\"file\":\"b4693368afa52db83a81a306372a43403.docx\"}]', '2021-12-07 15:38:50', 1, '2021-12-07 15:39:23', NULL),
(26, 27, 'tEST', NULL, '2021-12-07 16:05:43', 1, '2021-12-07 16:05:54', NULL),
(27, 30, 'The standard Lorem Ipsum passage, used since the 1500s\r\n\"Lorem ipsum dolor sit amet, consectetur adipiscing elit, sed do eiusmod tempor incididunt ut labore et dolore magna aliqua. Ut enim ad minim veniam, quis nostrud exercitation ullamco laboris ni', '[{\"name\":\"star-trek-enterprise-ncc-d-wallpaper.png\",\"file\":\"865999ee614a94b8a61306e55cf5b52f.png\"}]', '2022-02-09 05:22:53', 1, '2022-02-09 05:23:19', NULL),
(28, 32, 'abcdefghijklmnop', '[{\"name\":\"trek.jpg\",\"file\":\"9f63e729f97926132a61cd6ec7cfec64.jpg\"}]', '2022-02-12 00:37:32', 1, '2022-02-12 00:38:06', NULL),
(29, 33, 'Lorem ipsum dolor sit amet, consectetur adipiscing elit. Aliquam aliquet diam sed risus congue iaculis. Integer vitae pretium ipsum, sit amet laoreet felis. Vestibulum et est ex. Vivamus tempor aliquet euismod. Nullam in ex ut leo laoreet rutrum at s', '[{\"name\":\"2560px-Stripe_Logo,_revised_2016_svg.png\",\"file\":\"9857b920104c18407c5b7eaf2ab51994.png\"}]', '2022-02-15 02:23:57', 1, '2022-02-15 02:32:24', NULL),
(30, 35, 'hhjjjhhg', NULL, '2022-03-03 10:21:30', 1, '2022-03-03 10:22:23', NULL),
(31, 37, 'hhh', NULL, '2022-03-03 12:35:32', 1, '2022-03-03 12:36:27', NULL),
(32, 34, 'asfsdv', '[{\"name\":\"icons8-trash-32.png\",\"file\":\"9cf3472ba188e1a69f52582dad01af55.png\"}]', '2022-03-11 06:21:11', 0, NULL, NULL),
(33, 38, 'bhnaaz zamn azm', '[{\"name\":\"icons8-trash-32.png\",\"file\":\"ebdde8fb3ce9b48b7c9cd92fa99ac670.png\"}]', '2022-03-11 06:44:06', 0, NULL, NULL),
(34, 40, 'تمممم', NULL, '2022-03-22 18:40:25', 1, '2022-03-22 18:44:07', NULL),
(35, 42, 'DescriptionDescriptionDescriptionDescriptionDescriptionDescriptionDescriptionDescriptionDescriptionDescriptionDescriptionDescriptionDescriptionDescriptionDescriptionDescriptionDescriptionDescriptionDescription', '[{\"name\":\"icons8-trash-32.png\",\"file\":\"b3bff10bf673e22181858bb205efbd80.png\"}]', '2022-03-24 02:24:53', 0, NULL, NULL),
(36, 43, 'this is my description', '[{\"name\":\"icons8-right-arrow-50.png\",\"file\":\"1d6f4f3f9918614c5d3f892f8e1ee649.png\"}]', '2022-03-24 05:57:07', 0, NULL, NULL),
(37, 45, 'hi here is your the 1st milestone', '[{\"name\":\"icons8-right-arrow-50.png\",\"file\":\"f6ecf9b427afe043ecbe5bbce8c87726.png\"}]', '2022-03-28 14:48:05', 1, '2022-03-28 14:49:30', NULL),
(38, 46, 'this is the 2nd milestone', '[{\"name\":\"icons8-trash-32.png\",\"file\":\"008e12d7568a75a07ca28037c96fdb49.png\"}]', '2022-03-28 14:54:36', 0, NULL, NULL),
(39, 52, 'I have completed my work .. Please approve.', NULL, '2022-05-27 08:23:02', 1, '2022-05-27 08:23:31', NULL),
(40, 57, 'asdfasfd', NULL, '2022-07-24 19:52:34', 1, '2022-07-24 19:53:31', NULL),
(41, 36, 'Thanks for order.', '[{\"name\":\"Screenshot_20220823-025124_Gallery.jpg\",\"file\":\"0ff25e39ebeca9c80feba1ab76bdad84.jpg\"}]', '2022-08-24 23:38:08', 0, NULL, NULL),
(42, 58, 'Done', NULL, '2022-08-25 00:13:14', 2, '2022-08-25 00:14:02', 'Reject'),
(43, 64, '40 % work complete on project', '[{\"name\":\"casebook-upwork.docx\",\"file\":\"5381375c58276155a163862d95f142ca.docx\"}]', '2023-06-13 08:05:51', 1, '2023-06-13 08:06:07', NULL),
(44, 67, 'yukliukjl', '[{\"name\":\"upworkissue.docx\",\"file\":\"94675500d9c0ff035ab1882aed45bc9d.docx\"}]', '2023-06-14 08:04:01', 1, '2023-06-14 08:06:18', NULL),
(45, 70, '40% work complete on project..', '[{\"name\":\"casebook-upwork.docx\",\"file\":\"2af51e711d53a66a1ba8ce9c978b843f.docx\"}]', '2023-06-14 11:26:37', 1, '2023-06-14 11:27:01', NULL),
(46, 71, 'Project almost complete..', '[{\"name\":\"casebook-upwork.docx\",\"file\":\"98dfecdab08b3c8e0c2027a13dba86db.docx\"}]', '2023-06-14 11:29:35', 1, '2023-06-14 11:29:55', NULL),
(47, 72, 'project totally complete', '[{\"name\":\"casebook-upwork.docx\",\"file\":\"eb1961cf06b4c770a1ffe07a8af260df.docx\"}]', '2023-06-14 11:32:24', 1, '2023-06-14 11:32:41', NULL),
(48, 74, 'I am looking for an experienced web developer who can help me upgrade and fix my blog/informational website within a week. The specific issue that needs to be fixed is broken links and pages.', '[{\"name\":\"casebook-upwork.docx\",\"file\":\"24b467ebd144f67e26bbdfe50a98d1a4.docx\"}]', '2023-06-15 09:41:49', 2, '2023-06-15 09:42:39', 'work quality is very poor..'),
(49, 74, 'I am looking for an experienced web developer who can help me upgrade and fix my blog/informational website within a week. The specific issue that needs to be fixed is broken links and pages.', '[{\"name\":\"casebook-upwork.docx\",\"file\":\"a764926f344f535346ba33a13595ca83.docx\"}]', '2023-06-15 09:54:04', 1, '2023-06-15 09:54:38', NULL),
(50, 75, 'I am looking for someone who can work efficiently and effectively to ensure that my website is fully functional and free of any errors within the given timeframe.', '[{\"name\":\"casebook-upwork.docx\",\"file\":\"3d0fcac42d73f1f0b81f2a11a886dafd.docx\"}]', '2023-06-15 10:03:57', 2, '2023-06-15 10:04:42', 'very bad quality...');

-- --------------------------------------------------------

--
-- Table structure for table `pref_project_contract_offer`
--

CREATE TABLE `pref_project_contract_offer` (
  `contract_id` int(11) NOT NULL,
  `contract_details` varchar(250) DEFAULT NULL,
  `contract_attachment` text DEFAULT NULL,
  `max_hour_limit` float(10,2) NOT NULL,
  `allow_manual_hour` tinyint(1) NOT NULL
) ENGINE=InnoDB DEFAULT CHARSET=utf8;

--
-- Dumping data for table `pref_project_contract_offer`
--

INSERT INTO `pref_project_contract_offer` (`contract_id`, `contract_details`, `contract_attachment`, `max_hour_limit`, `allow_manual_hour`) VALUES
(1, 'It is a long established fact that a reader will be distracted by the readable content of a page when looking at its layout. The point of using Lorem Ipsum is that it has a more-or-less normal distribution of letters, as opposed to using \'Content her', '[{\"name\":\"originatesoft.png\",\"file\":\"ca2d7b77c5f5b3290b739422577cf152.png\"},{\"name\":\"originatesoft_logo_small.png\",\"file\":\"ca2d7b77c5f5b3290b739422577cf1521.png\"}]', 0.00, 0),
(2, NULL, NULL, 10.00, 1),
(3, 'Leverage agile frameworks to provide a robust synopsis for high level overviews. Iterative approaches to corporate strategy foster collaborative thinking to further the overall value proposition. Organically grow the holistic world view of disruptive', NULL, 0.00, 0),
(4, 'test check', NULL, 0.00, 0),
(5, 'test dispute', NULL, 0.00, 0),
(6, 'It is a long established fact that a reader will be distracted by the readable content of a page when looking at its layout. The point of using Lorem Ipsum is that it has a more-or-less normal distribution of letters, as opposed to using \'Content her', NULL, 0.00, 0),
(7, 'test check', NULL, 0.00, 0),
(8, 'We have checked your job description also fully understand', NULL, 0.00, 0),
(9, 'android development', NULL, 10.00, 1),
(10, 'I have read the job post that you have posted in ……………….... and I’m interested to work on your project. My work portfolio includes successful clientele list. I have over 9 years of experience working as a web developer. Though my profile does not hav', '[{\"name\":\"ResumeArunbahaDas (3).docx\",\"file\":\"69a9815d0bdc965f65f22f543dc94961.docx\"}]', 0.00, 0),
(11, 'testing site', NULL, 10.00, 1),
(12, NULL, NULL, 10.00, 1),
(13, 'need custoomization work done', NULL, 10.00, 1),
(14, 'demo', NULL, 10.00, 1),
(15, 'I have read the job post that you have posted in ……………….... and I’m interested to work on your project. My work portfolio includes successful clientele list. I have over 9 years of experience working as a web developer. Though my profile does not hav', '[{\"name\":\"ResumeIndranilBhattacharjee.docx\",\"file\":\"e7e19c6779ab8824fd7335ce5c53593b.docx\"}]', 0.00, 0),
(16, 'Though my profile does not have much rating and review but, I believe that dedication and commitment are two qualities that have made me to be a success partner of clients across the globe. I would love to work on this project and help you to achieve', '[{\"name\":\"ResumeShohiniDas.docx\",\"file\":\"e47c7d22c62a4a16ceb1441a6f1c64d1.docx\"}]', 10.00, 1),
(17, 'Though my profile does not have much rating and review but, I believe that dedication and commitment are two qualities that have made me to be a success partner of clients across the globe. I would love to work on this project and help you to achieve', '[{\"name\":\"ResumeSudeshnaMondal.docx\",\"file\":\"070e9eaefdf93fcda7ba41d37bf08012.docx\"}]', 0.00, 0),
(18, NULL, NULL, 0.00, 0),
(19, 'My Skills/Expertise and Work Portfolio:    \r\n-PHP, JavaScript, Java; \r\n- Core web: HTML5, CSS3, XML, JSON, jQuery;  \r\n- PHP frameworks: Yii, Laravel, Codeigniter;\r\n- JS frameworks: AngularJS, Vue.js; \r\n- OS: Linux, Windows;\r\n- Git, Composer, Vagrant ', '[{\"name\":\"ResumeAsisGhosh.docx\",\"file\":\"24e480a5a558169874b374b494d7405d.docx\"}]', 0.00, 0),
(20, 'I believe that dedication and commitment are two qualities that have made me to be a success partner of clients across the globe. I would love to work on this project and help you to achieve success in your business goals. For any query you may feel ', '[{\"name\":\"ResumeArnabMahapatra (1).docx\",\"file\":\"69ec70775526a7e2954777b8759c1dbc.docx\"}]', 0.00, 0),
(21, NULL, NULL, 10.00, 1),
(22, 'I wanna hire you for one of my big projects.', NULL, 10.00, 1),
(23, 'dfsdfdffd', '[{\"name\":\"178705332_3977885202270672_6518534363725480439_n.jpg\",\"file\":\"bd408b92c3d998f4d6b03f5d17e7bcb4.jpg\"}]', 0.00, 0),
(24, 'Why do we use it?\r\nIt is a long established fact that a reader will be distracted by the readable content of a page when looking at its layout. The point of using Lorem Ipsum is that it has a more-or-less normal distribution of letters, as opposed to', NULL, 0.00, 0),
(25, 'hhh', NULL, 0.00, 0),
(26, 'The standard Lorem Ipsum passage, used since the 1500s\r\n\"Lorem ipsum dolor sit amet, consectetur adipiscing elit, sed do eiusmod tempor incididunt ut labore et dolore magna aliqua. Ut enim ad minim veniam, quis nostrud exercitation ullamco laboris ni', NULL, 0.00, 0),
(27, '\"Lorem ipsum dolor sit amet, consectetur adipiscing elit, sed do eiusmod tempor incididunt ut labore et dolore magna aliqua. Ut enim ad minim veniam, quis nostrud exercitation ullamco laboris nisi ut aliquip ex ea commodo consequat. Duis aute irure d', NULL, 10.00, 1),
(28, NULL, NULL, 0.00, 0),
(29, NULL, NULL, 0.00, 0),
(30, NULL, NULL, 10.00, 1),
(31, 'Lorem ipsum dolor sit amet, consectetur adipiscing elit. Integer posuere ac velit sit amet porttitor. Ut cursus justo vitae porta posuere. Maecenas scelerisque libero augue. Donec at pellentesque magna, at fermentum turpis. Curabitur felis turpis, te', NULL, 0.00, 0),
(32, 'I agree', NULL, 0.00, 0),
(33, 'ghh', NULL, 0.00, 0),
(34, 'jjj', NULL, 0.00, 0),
(35, NULL, NULL, 0.00, 0),
(36, 'تم', NULL, 0.00, 0),
(37, NULL, NULL, 0.00, 0),
(38, 'This is the work description', NULL, 0.00, 0),
(39, 'This is the description', NULL, 0.00, 0),
(40, NULL, NULL, 0.00, 0),
(41, NULL, NULL, 0.00, 0),
(42, NULL, NULL, 0.00, 0),
(43, NULL, NULL, 0.00, 0),
(44, NULL, NULL, 0.00, 0),
(45, NULL, NULL, 10.00, 1),
(46, 'What is Lorem Ipsum?\r\nLorem Ipsum is simply dummy text of the printing and typesetting industry. Lorem Ipsum has been the industry\'s standard dummy text ever since the 1500s, when an unknown printer took a galley of type and scrambled it to make a ty', NULL, 0.00, 0),
(47, NULL, NULL, 0.00, 0),
(48, 'test', NULL, 10.00, 1),
(49, NULL, NULL, 10.00, 1),
(50, 'test', NULL, 10.00, 1),
(51, 'TEST', NULL, 3.00, 1),
(52, 'Test', NULL, 10.00, 1),
(53, 'Lorem Ipsum is simply dummy text of the printing and typesetting industry. Lorem Ipsum has been the industry\'s standard dummy text ever since the 1500s, when an unknown printer took a galley of type and scrambled it to make a type specimen book. It h', NULL, 0.00, 0),
(54, 'sdfs', NULL, 0.00, 0),
(55, 'iu', NULL, 10.00, 1),
(56, NULL, NULL, 10.00, 1),
(57, 'This is test contract', NULL, 10.00, 1),
(58, 'Test', NULL, 0.00, 0),
(59, 'test', NULL, 10.00, 1),
(60, 'ters', NULL, 10.00, 1),
(61, 'vnbvmbn,m', NULL, 0.00, 0),
(62, 'vnbvmbn,m', NULL, 0.00, 0),
(63, NULL, NULL, 10.00, 1),
(64, NULL, NULL, 10.00, 1),
(65, 'dgfdhfgjhj', NULL, 0.00, 0),
(66, 'dgfdhfgjhj', NULL, 10.00, 1),
(67, 'dgfdhfgjhj', NULL, 10.00, 1),
(68, 'dgfdhfgjhj', NULL, 10.00, 1),
(69, NULL, NULL, 10.00, 1),
(70, NULL, NULL, 10.00, 1),
(71, NULL, NULL, 10.00, 1),
(72, NULL, NULL, 10.00, 1),
(73, 'hgjhg', NULL, 10.00, 1),
(74, NULL, NULL, 10.00, 1),
(75, NULL, NULL, 10.00, 1),
(76, 'Project try to complete within month..', NULL, 0.00, 0),
(77, NULL, NULL, 10.00, 1),
(78, 'We are seeking a talented and innovative Plugin Development Specialist to join our team. As a Plugin Development Specialist, you will be responsible for creating customized plugins to address business or industry-related challenges. In this role, you', '[{\"name\":\"casebook-upwork.docx\",\"file\":\"ff719b6f2e95c8743be34f7697ef8e6b.docx\"}]', 10.00, 1),
(79, 'We are seeking a talented and innovative Plugin Development Specialist to join our team. As a Plugin Development Specialist.', '[{\"name\":\"casebook-upwork.docx\",\"file\":\"99006b0718bdfd86a4c91124bd775252.docx\"}]', 0.00, 0),
(80, 'fhghj', '[{\"name\":\"casebook-upwork.docx\",\"file\":\"7d6a49f2f33a9eb8c2ca7cb968b5f734.docx\"}]', 0.00, 0),
(81, 'I need a skilled SEO marketer to help improve my website\'s ranking on search engines. Currently, my website is on the second page of search results and I want to move it to the first page. I am most interested in on-page optimization strategies to im', '[{\"name\":\"casebook-upwork.docx\",\"file\":\"f4e8f6156d2b67a39ebc0a12aacb5878.docx\"}]', 10.00, 1),
(82, 'I need a skilled SEO marketer to help improve my website\'s ranking on search engines. Currently, my website is on the second page of search results and I want to move it to the first page. I am most interested in on-page optimization strategies to im', '[{\"name\":\"casebook-upwork.docx\",\"file\":\"191107f476b55ea3a04184c261e43832.docx\"}]', 0.00, 0),
(83, 'Project descriptions provide the following details to the applicants: the problem the project will address, a set of goals for the project, the overall objectives for the project, as well as a project plan that describes the activities the members wi', '[{\"name\":\"casebook-upwork.docx\",\"file\":\"1442cc6915875fb4c2645bf19e6901a3.docx\"}]', 10.00, 1),
(84, 'gjghkhjlk', NULL, 10.00, 1),
(85, 'Project descriptions provide the following details to the applicants: the problem the project will address, a set of goals for the project, the overall objectives for the project, as well as a project plan that describes the activities the members wi', '[{\"name\":\"casebook-upwork.docx\",\"file\":\"57854203c96489e98c013a062e74e859.docx\"}]', 0.00, 0),
(86, 'Project descriptions provide the following details to the applicants: the problem the project will address, a set of goals for the project, the overall objectives for the project, as well as a project plan that describes the activities the members wi', NULL, 10.00, 1),
(87, 'The ideal candidate should have experience in creating visually appealing websites that effectively convey a brand\'s message. They should be proficient in web design tools such as Adobe Photoshop, Sketch, and Figma. Additionally, they should be able ', NULL, 5.00, 1),
(88, 'The website will primarily feature text and images, with no videos or interactive elements. The ideal candidate should have experience in creating visually appealing websites that effectively convey a brand\'s message.', NULL, 0.00, 0),
(89, 'I am looking for someone who can work efficiently and effectively to ensure that my website is fully functional and free of any errors within the given timeframe.', NULL, 0.00, 0);

-- --------------------------------------------------------

--
-- Table structure for table `pref_project_files`
--

CREATE TABLE `pref_project_files` (
  `project_file_id` int(11) NOT NULL,
  `project_id` int(11) DEFAULT NULL,
  `file_id` int(11) DEFAULT NULL
) ENGINE=InnoDB DEFAULT CHARSET=utf8;

--
-- Dumping data for table `pref_project_files`
--

INSERT INTO `pref_project_files` (`project_file_id`, `project_id`, `file_id`) VALUES
(1, 2, 1),
(2, 3, 2),
(3, 3, 3),
(4, 3, 4),
(5, 3, 5),
(6, 3, 6),
(7, 6, 1),
(8, 7, 2),
(9, 9, 3),
(10, 10, 4),
(11, 13, 5),
(12, 13, 6),
(13, 18, 7),
(14, 18, 8),
(15, 19, 9),
(16, 19, 10),
(17, 20, 11),
(18, 21, 12),
(19, 21, 13),
(20, 21, 14),
(21, 23, 15),
(22, 23, 16),
(23, 25, 17),
(24, 31, 18),
(25, 37, 19),
(26, 39, 20),
(27, 41, 21),
(28, 48, 22),
(29, 63, 23),
(30, 64, 24),
(31, 66, 25),
(32, 69, 26),
(33, 76, 27),
(34, 82, 28),
(35, 82, 29),
(36, 86, 30),
(37, 87, 31),
(38, 89, 32),
(39, 91, 33),
(40, 92, 34),
(41, 100, 35),
(42, 102, 36),
(43, 103, 37),
(44, 104, 38),
(45, 105, 39),
(46, 106, 40),
(47, 107, 41),
(48, 108, 42),
(49, 109, 43),
(50, 110, 44),
(51, 111, 45);

-- --------------------------------------------------------

--
-- Table structure for table `pref_project_owner`
--

CREATE TABLE `pref_project_owner` (
  `project_owner_id` int(11) NOT NULL,
  `project_id` int(11) DEFAULT NULL,
  `member_id` int(11) DEFAULT NULL,
  `organization_id` int(11) DEFAULT NULL
) ENGINE=InnoDB DEFAULT CHARSET=utf8;

--
-- Dumping data for table `pref_project_owner`
--

INSERT INTO `pref_project_owner` (`project_owner_id`, `project_id`, `member_id`, `organization_id`) VALUES
(1, 1, 9, 1),
(2, 2, 9, 1),
(3, 3, 9, 1),
(4, 4, 11, 3),
(5, 5, 11, 3),
(6, 6, 11, 3),
(7, 7, 11, 3),
(8, 8, 11, 3),
(9, 9, 11, 3),
(10, 10, 11, 3),
(11, 11, 11, 3),
(12, 12, 11, 3),
(13, 13, 11, 3),
(14, 14, 11, 3),
(15, 15, 11, 3),
(16, 16, 11, 3),
(17, 17, 11, 3),
(18, 18, 11, 3),
(19, 19, 11, 3),
(20, 20, 11, 3),
(21, 21, 11, 3),
(22, 22, 11, 3),
(23, 23, 11, 3),
(24, 24, 11, 3),
(25, 25, 11, 3),
(26, 26, 23, 4),
(27, 27, 11, 3),
(28, 28, 25, 6),
(29, 29, 11, 3),
(30, 30, 11, 3),
(31, 31, 11, 3),
(32, 32, 11, 3),
(33, 33, 11, 3),
(34, 34, 11, 3),
(35, 35, 11, 3),
(36, 36, 11, 3),
(37, 37, 11, 3),
(38, 38, 11, 3),
(39, 39, 11, 3),
(40, 40, 11, 3),
(41, 41, 11, 3),
(42, 42, 11, 3),
(43, 43, 11, 3),
(44, 44, 11, 3),
(45, 45, 32, 9),
(46, 46, 32, 9),
(47, 47, 11, 3),
(48, 48, 11, 3),
(49, 49, 11, 3),
(50, 50, 11, 3),
(51, 51, 11, 3),
(52, 52, 11, 3),
(53, 53, 11, 3),
(54, 54, 11, 3),
(55, 55, 11, 3),
(56, 56, 11, 3),
(57, 57, 11, 3),
(58, 58, 11, 3),
(59, 59, 11, 3),
(60, 60, 11, 3),
(61, 61, 11, 3),
(62, 62, 42, 13),
(63, 63, 45, 15),
(64, 64, 42, 13),
(65, 65, 11, 3),
(66, 66, 42, 13),
(67, 67, 42, 13),
(68, 68, 11, 3),
(69, 69, 11, 3),
(70, 70, 42, 13),
(71, 71, 11, 3),
(72, 72, 11, 3),
(73, 73, 11, 3),
(74, 74, 11, 3),
(75, 75, 11, 3),
(76, 76, 11, 3),
(77, 77, 42, 13),
(78, 78, 61, 19),
(79, 79, 11, 3),
(80, 80, 11, 3),
(81, 81, 11, 3),
(82, 82, 11, 3),
(83, 83, 11, 3),
(84, 84, 11, 3),
(85, 85, 11, 3),
(86, 86, 11, 3),
(87, 87, 11, 3),
(88, 88, 11, 3),
(89, 89, 11, 3),
(90, 90, 11, 3),
(91, 91, 11, 3),
(92, 92, 11, 3),
(93, 93, 11, 3),
(94, 94, 11, 3),
(95, 95, 11, 3),
(96, 96, 11, 3),
(97, 97, 11, 3),
(98, 98, 11, 3),
(99, 99, 11, 3),
(100, 100, 11, 3),
(101, 101, 11, 3),
(102, 102, 11, 3),
(103, 103, 11, 3),
(104, 104, 11, 3),
(105, 105, 11, 3),
(106, 106, 11, 3),
(107, 107, 11, 3),
(108, 108, 11, 3),
(109, 109, 11, 3),
(110, 110, 11, 3),
(111, 111, 11, 3),
(112, 112, 11, 3),
(113, 113, 11, 3),
(114, 114, 11, 3),
(115, 115, 11, 3),
(116, 116, 11, 3);

-- --------------------------------------------------------

--
-- Table structure for table `pref_project_payment_escrow`
--

CREATE TABLE `pref_project_payment_escrow` (
  `payment_escrow_id` int(11) NOT NULL,
  `project_id` int(11) NOT NULL,
  `credit` decimal(10,2) NOT NULL,
  `debit` decimal(10,2) NOT NULL,
  `trn_id` int(11) DEFAULT NULL,
  `contract_id` int(11) NOT NULL,
  `status` tinyint(1) NOT NULL
) ENGINE=InnoDB DEFAULT CHARSET=utf8;

--
-- Dumping data for table `pref_project_payment_escrow`
--

INSERT INTO `pref_project_payment_escrow` (`payment_escrow_id`, `project_id`, `credit`, `debit`, `trn_id`, `contract_id`, `status`) VALUES
(1, 6, '10.00', '0.00', 2, 1, 1),
(2, 6, '0.00', '10.00', 3, 1, 1),
(3, 6, '5.00', '0.00', 4, 1, 1),
(4, 6, '18.00', '0.00', 6, 2, 2),
(5, 6, '0.00', '18.00', 7, 2, 2),
(6, 6, '18.00', '0.00', 8, 2, 2),
(7, 6, '0.00', '18.00', 9, 2, 1),
(8, 6, '50.00', '0.00', 11, 2, 1),
(9, 6, '25.00', '0.00', 13, 1, 1),
(10, 6, '0.00', '30.00', 14, 1, 1),
(11, 6, '30.00', '0.00', 15, 1, 1),
(12, 6, '0.00', '30.00', 16, 1, 1),
(13, 6, '60.00', '0.00', 18, 1, 1),
(14, 6, '0.00', '60.00', 19, 1, 1),
(15, 6, '20.00', '0.00', 21, 3, 1),
(16, 6, '0.00', '20.00', 22, 3, 1),
(17, 6, '0.00', '20.16', 23, 2, 1),
(18, 6, '40.00', '0.00', 24, 4, 1),
(19, 6, '30.00', '0.00', 25, 4, 1),
(20, 6, '0.00', '40.00', 26, 4, 1),
(21, 6, '0.00', '30.00', 27, 4, 1),
(22, 6, '10.00', '0.00', 28, 5, 1),
(23, 6, '0.00', '10.00', 29, 5, 1),
(24, 6, '5.00', '0.00', 31, 6, 1),
(25, 6, '5.00', '0.00', 33, 6, 1),
(26, 6, '0.00', '5.00', 34, 6, 1),
(27, 6, '0.00', '5.00', 35, 6, 1),
(28, 6, '10.00', '0.00', 37, 7, 1),
(29, 6, '0.00', '10.00', 38, 7, 1),
(30, 9, '100.00', '0.00', 40, 8, 1),
(31, 9, '0.00', '100.00', 41, 8, 1),
(32, 12, '80.00', '0.00', 44, 9, 1),
(33, 13, '300.00', '0.00', 45, 10, 1),
(34, 13, '0.00', '300.00', 46, 10, 1),
(35, 17, '25.00', '0.00', 47, 14, 1),
(36, 19, '30.00', '0.00', 65, 15, 1),
(37, 19, '0.00', '30.00', 66, 15, 1),
(38, 19, '20.00', '0.00', 67, 15, 1),
(39, 19, '0.00', '20.00', 68, 15, 1),
(40, 19, '50.00', '0.00', 69, 16, 1),
(41, 19, '10.00', '0.00', 70, 16, 1),
(42, 19, '0.00', '60.00', 71, 16, 1),
(43, 20, '100.00', '0.00', 79, 17, 1),
(44, 20, '0.00', '100.00', 80, 17, 1),
(45, 12, '10.00', '0.00', 81, 18, 1),
(46, 17, '100.00', '0.00', 82, 14, 1),
(47, 21, '30.00', '0.00', 84, 19, 1),
(48, 21, '0.00', '30.00', 85, 19, 1),
(49, 21, '10.00', '0.00', 86, 19, 1),
(50, 21, '0.00', '10.00', 87, 19, 1),
(51, 21, '20.00', '0.00', 88, 19, 1),
(52, 21, '0.00', '20.00', 89, 19, 1),
(53, 23, '20.00', '0.00', 94, 20, 1),
(54, 23, '0.00', '20.00', 95, 20, 1),
(55, 23, '23.00', '0.00', 96, 20, 1),
(56, 23, '0.00', '23.00', 97, 20, 1),
(57, 23, '25.00', '0.00', 98, 20, 1),
(58, 23, '0.00', '25.00', 99, 20, 1),
(59, 27, '100.00', '0.00', 101, 23, 1),
(60, 31, '20.00', '0.00', 103, 24, 1),
(61, 31, '0.00', '20.00', 105, 24, 1),
(62, 31, '10.00', '0.00', 106, 24, 1),
(63, 31, '20.00', '0.00', 107, 24, 1),
(64, 31, '0.00', '20.00', 108, 24, 1),
(65, 31, '0.00', '10.00', 110, 24, 1),
(66, 31, '100.00', '0.00', 111, 25, 1),
(67, 36, '11.00', '0.00', 113, 26, 1),
(68, 36, '0.00', '11.00', 114, 26, 1),
(69, 37, '14.00', '0.00', 115, 27, 1),
(70, 37, '14.00', '0.00', 116, 27, 1),
(71, 37, '0.00', '28.00', 117, 27, 1),
(72, 37, '14.00', '0.00', 118, 27, 1),
(73, 37, '0.00', '14.00', 119, 27, 1),
(74, 38, '11.00', '0.00', 121, 28, 1),
(75, 38, '15.00', '0.00', 122, 29, 1),
(76, 38, '0.00', '15.00', 123, 29, 1),
(77, 41, '10.00', '0.00', 125, 31, 1),
(78, 41, '0.00', '10.00', 126, 31, 1),
(79, 39, '6.00', '0.00', 127, 30, 1),
(80, 39, '0.00', '6.00', 128, 30, 1),
(81, 41, '8.00', '0.00', 129, 31, 1),
(82, 41, '0.00', '8.00', 130, 31, 1),
(83, 45, '30.00', '0.00', 132, 32, 1),
(84, 45, '0.00', '30.00', 133, 32, 1),
(85, 46, '70.00', '0.00', 134, 33, 1),
(86, 46, '70.00', '0.00', 137, 34, 1),
(87, 46, '0.00', '70.00', 138, 34, 1),
(88, 47, '2.00', '0.00', 141, 35, 1),
(89, 47, '0.00', '2.00', 142, 35, 1),
(90, 39, '8.00', '0.00', 145, 30, 1),
(91, 39, '0.00', '8.00', 146, 30, 1),
(92, 47, '50.00', '0.00', 148, 36, 1),
(93, 47, '0.00', '50.00', 149, 36, 1),
(94, 50, '50.00', '0.00', 153, 37, 1),
(95, 50, '0.00', '50.00', 154, 37, 1),
(96, 50, '50.00', '0.00', 156, 37, 1),
(97, 50, '0.00', '50.00', 157, 37, 1),
(98, 51, '60.00', '0.00', 159, 38, 1),
(99, 52, '25.00', '0.00', 160, 39, 1),
(100, 52, '0.00', '25.00', 161, 39, 1),
(101, 52, '25.00', '0.00', 162, 39, 1),
(102, 52, '0.00', '25.00', 163, 39, 1),
(103, 53, '10.00', '0.00', 167, 40, 1),
(104, 53, '2.00', '0.00', 168, 41, 1),
(105, 54, '5.00', '0.00', 169, 42, 1),
(106, 55, '100.00', '0.00', 171, 43, 1),
(107, 55, '22.00', '0.00', 172, 44, 1),
(108, 56, '30.00', '0.00', 178, 46, 1),
(109, 56, '0.00', '30.00', 179, 46, 1),
(110, 60, '50.00', '0.00', 180, 47, 1),
(111, 69, '20.00', '0.00', 181, 53, 1),
(112, 71, '200.00', '0.00', 186, 54, 1),
(113, 71, '0.00', '200.00', 187, 54, 1),
(114, 58, '11.00', '0.00', 195, 58, 1),
(115, 81, '100.00', '0.00', 196, 60, 1),
(116, 81, '100.00', '0.00', 197, 59, 1),
(117, 81, '0.00', '100.00', 198, 59, 1),
(118, 81, '200.00', '0.00', 201, 61, 1),
(119, 81, '200.00', '0.00', 202, 62, 1),
(120, 81, '100.00', '0.00', 203, 65, 1),
(121, 93, '25.00', '0.00', 207, 76, 1),
(122, 81, '20.00', '0.00', 209, 74, 1),
(123, 81, '1.00', '0.00', 210, 74, 1),
(124, 104, '120.00', '0.00', 212, 79, 1),
(125, 102, '50.00', '0.00', 213, 80, 1),
(126, 102, '0.00', '50.00', 214, 80, 1),
(127, 108, '40.00', '0.00', 215, 82, 1),
(128, 108, '0.00', '40.00', 216, 82, 1),
(129, 108, '40.00', '0.00', 217, 82, 1),
(130, 108, '0.00', '40.00', 218, 82, 1),
(131, 108, '50.00', '0.00', 219, 82, 1),
(132, 108, '0.00', '50.00', 220, 82, 1),
(133, 110, '30.00', '0.00', 222, 85, 1),
(134, 110, '0.00', '30.00', 223, 85, 1),
(135, 110, '50.00', '0.00', 224, 85, 1),
(136, 110, '0.00', '50.00', 225, 85, 1),
(137, 110, '45.00', '0.00', 226, 85, 1),
(138, 110, '0.00', '45.00', 227, 85, 1),
(139, 111, '100.00', '0.00', 229, 86, 1),
(140, 111, '5000.00', '0.00', 231, 86, 1),
(141, 111, '0.00', '1600.00', 232, 86, 1),
(142, 113, '550.00', '0.00', 233, 87, 1),
(143, 113, '0.00', '550.00', 234, 87, 1),
(144, 114, '100.00', '0.00', 235, 88, 1),
(145, 116, '40.00', '0.00', 236, 89, 1),
(146, 116, '0.00', '40.00', 237, 89, 1),
(147, 116, '40.00', '0.00', 238, 89, 1),
(148, 116, '0.00', '40.00', 239, 89, 1),
(149, 116, '50.00', '0.00', 240, 89, 1),
(150, 116, '0.00', '50.00', 241, 89, 1),
(151, 116, '40.00', '0.00', 242, 89, 1),
(152, 116, '0.00', '40.00', 243, 89, 1);

-- --------------------------------------------------------

--
-- Table structure for table `pref_project_question`
--

CREATE TABLE `pref_project_question` (
  `project_question_id` int(11) NOT NULL,
  `project_id` int(11) DEFAULT NULL,
  `question_id` int(11) DEFAULT NULL,
  `project_question_status` tinyint(1) NOT NULL
) ENGINE=InnoDB DEFAULT CHARSET=utf8;

--
-- Dumping data for table `pref_project_question`
--

INSERT INTO `pref_project_question` (`project_question_id`, `project_id`, `question_id`, `project_question_status`) VALUES
(1, 3, 1, 1),
(2, 3, 2, 1),
(3, 3, 3, 1),
(4, 6, 3, 1),
(5, 7, 4, 1),
(6, 9, 5, 1),
(7, 10, 6, 1),
(8, 12, 7, 1),
(9, 13, 8, 1),
(10, 17, 9, 1),
(11, 18, 8, 1),
(12, 19, 8, 1),
(13, 20, 8, 1),
(14, 21, 8, 1),
(15, 21, 10, 1),
(16, 22, 11, 1),
(17, 23, 8, 1),
(18, 23, 12, 1),
(19, 26, 13, 1),
(20, 27, 14, 1),
(21, 27, 15, 1),
(22, 31, 8, 1),
(23, 31, 16, 1),
(24, 35, 17, 1),
(25, 39, 18, 1),
(26, 40, 18, 1),
(27, 41, 18, 1),
(28, 44, 19, 1),
(29, 48, 20, 1),
(30, 52, 21, 1),
(31, 53, 22, 1),
(32, 53, 23, 1),
(33, 57, 24, 1),
(34, 59, 25, 1),
(35, 63, 26, 1),
(36, 63, 27, 1),
(37, 63, 28, 1),
(38, 69, 8, 1),
(39, 71, 29, 1),
(40, 72, 30, 1),
(41, 75, 31, 1),
(42, 76, 32, 1),
(43, 81, 33, 1),
(44, 82, 34, 1),
(45, 85, 20, 1),
(46, 87, 35, 1),
(47, 89, 36, 1),
(48, 99, 37, 1);

-- --------------------------------------------------------

--
-- Table structure for table `pref_project_settings`
--

CREATE TABLE `pref_project_settings` (
  `project_settings_id` int(11) NOT NULL,
  `project_id` int(11) DEFAULT NULL,
  `is_visible_anyone` tinyint(1) DEFAULT NULL,
  `is_visible_private` tinyint(1) DEFAULT NULL,
  `is_visible_invite` tinyint(1) DEFAULT NULL,
  `is_hourly` tinyint(1) DEFAULT NULL,
  `is_fixed` tinyint(1) DEFAULT NULL,
  `budget` float(10,2) DEFAULT NULL,
  `experience_level` tinyint(2) DEFAULT NULL,
  `hourly_duration` char(10) DEFAULT NULL COMMENT '''Less1month'',''1To2month'',''More3month''',
  `hourly_time_required` char(10) DEFAULT NULL COMMENT '''FullTime'',''PartTime'',''NotSure''',
  `project_type_code` char(10) DEFAULT NULL COMMENT '''OneTime'',''Ongoing'',''NotSure'''
) ENGINE=InnoDB DEFAULT CHARSET=utf8;

--
-- Dumping data for table `pref_project_settings`
--

INSERT INTO `pref_project_settings` (`project_settings_id`, `project_id`, `is_visible_anyone`, `is_visible_private`, `is_visible_invite`, `is_hourly`, `is_fixed`, `budget`, `experience_level`, `hourly_duration`, `hourly_time_required`, `project_type_code`) VALUES
(1, 1, 1, NULL, NULL, NULL, 1, 1000.00, 3, NULL, NULL, 'OneTime'),
(2, 2, 1, NULL, NULL, 1, NULL, NULL, 2, '1To2month', 'FullTime', 'Ongoing'),
(3, 3, 1, NULL, NULL, 1, NULL, NULL, 3, '1To2month', 'FullTime', 'OneTime'),
(4, 6, 1, NULL, NULL, 0, 1, 900.00, 3, '', '', 'OneTime'),
(5, 7, NULL, NULL, 1, 1, NULL, NULL, 2, 'More3month', 'PartTime', 'Ongoing'),
(6, 8, 1, NULL, NULL, 1, NULL, NULL, 2, 'Less1month', 'FullTime', 'OneTime'),
(7, 9, 1, NULL, NULL, NULL, 1, 1000.00, 3, NULL, NULL, 'Ongoing'),
(8, 10, 1, NULL, NULL, 1, NULL, NULL, 2, 'Less1month', 'FullTime', 'OneTime'),
(9, 11, 1, NULL, NULL, 1, NULL, NULL, 1, 'More3month', 'FullTime', 'Ongoing'),
(10, 12, 1, NULL, NULL, 1, NULL, NULL, 3, 'More3month', 'FullTime', 'Ongoing'),
(11, 13, 1, NULL, NULL, NULL, 1, 500.00, 2, NULL, NULL, 'Ongoing'),
(12, 14, 1, NULL, NULL, 1, NULL, NULL, 1, 'More3month', 'NotSure', 'OneTime'),
(13, 15, 1, NULL, NULL, 1, NULL, NULL, 3, 'More3month', 'NotSure', 'Ongoing'),
(14, 16, NULL, NULL, 1, 1, NULL, NULL, 3, '1To2month', 'PartTime', 'OneTime'),
(15, 17, 1, NULL, NULL, 1, NULL, NULL, 2, '1To2month', 'PartTime', 'OneTime'),
(16, 18, 1, NULL, NULL, 1, NULL, NULL, 2, 'Less1month', 'FullTime', 'OneTime'),
(17, 19, 1, NULL, NULL, NULL, 1, 500.00, 1, NULL, NULL, 'Ongoing'),
(18, 20, 1, NULL, NULL, NULL, 1, 500.00, 2, NULL, NULL, 'OneTime'),
(19, 21, 1, NULL, NULL, NULL, 1, 500.00, 2, NULL, NULL, 'OneTime'),
(20, 22, 1, NULL, NULL, 1, NULL, NULL, 3, 'More3month', 'FullTime', 'Ongoing'),
(21, 23, NULL, 1, NULL, NULL, 1, 200.00, 2, NULL, NULL, 'OneTime'),
(22, 24, 1, NULL, NULL, NULL, 1, 10.00, 2, NULL, NULL, 'OneTime'),
(23, 25, 1, NULL, NULL, NULL, 1, 50.00, 3, NULL, NULL, 'NotSure'),
(24, 26, 1, NULL, NULL, NULL, 1, 500.00, 2, NULL, NULL, 'OneTime'),
(25, 27, 1, NULL, NULL, NULL, 1, 300.00, 2, NULL, NULL, 'OneTime'),
(26, 28, 1, NULL, NULL, NULL, 1, 30.00, 2, NULL, NULL, 'OneTime'),
(27, 29, 1, NULL, NULL, NULL, 1, 290.00, 2, NULL, NULL, 'OneTime'),
(28, 30, NULL, NULL, 1, NULL, 1, 100.00, 1, NULL, NULL, 'OneTime'),
(29, 31, 1, NULL, NULL, NULL, 1, 500.00, 2, NULL, NULL, 'OneTime'),
(30, 32, 1, NULL, NULL, NULL, 1, 5000.00, 1, NULL, NULL, 'OneTime'),
(31, 33, NULL, 1, NULL, NULL, 1, 5.00, 1, NULL, NULL, 'Ongoing'),
(32, 34, 1, NULL, NULL, NULL, 1, 50000.00, 3, NULL, NULL, 'Ongoing'),
(33, 35, 1, NULL, NULL, NULL, 1, 500.00, 2, NULL, NULL, 'OneTime'),
(34, 36, 1, NULL, NULL, NULL, 1, 10.00, 2, NULL, NULL, 'OneTime'),
(35, 37, 1, NULL, NULL, 1, NULL, NULL, 2, 'Less1month', 'PartTime', 'Ongoing'),
(36, 38, 1, NULL, NULL, NULL, 1, 10.00, 2, NULL, NULL, 'OneTime'),
(37, 39, 1, NULL, NULL, 1, NULL, NULL, 2, 'Less1month', 'NotSure', 'OneTime'),
(38, 40, 1, NULL, NULL, NULL, 1, 50.00, 2, NULL, NULL, 'NotSure'),
(39, 41, 1, NULL, NULL, NULL, 1, 15.00, 2, NULL, NULL, 'OneTime'),
(40, 42, 1, NULL, NULL, NULL, 1, 6.00, 1, NULL, NULL, 'OneTime'),
(41, 43, 1, NULL, NULL, NULL, 1, 1000.00, 2, NULL, NULL, 'OneTime'),
(42, 44, NULL, NULL, 1, NULL, 1, 50000.00, 2, NULL, NULL, 'OneTime'),
(43, 45, 1, NULL, NULL, NULL, 1, 50.00, 1, NULL, NULL, 'OneTime'),
(44, 46, 1, NULL, NULL, NULL, 1, 70.00, 3, NULL, NULL, 'OneTime'),
(45, 47, 1, NULL, NULL, NULL, 1, 5.00, 2, NULL, NULL, 'NotSure'),
(46, 48, 1, NULL, NULL, 1, NULL, NULL, 3, 'More3month', 'FullTime', 'Ongoing'),
(47, 49, NULL, 1, NULL, 1, NULL, NULL, 1, 'Less1month', 'NotSure', 'OneTime'),
(48, 50, 1, NULL, NULL, NULL, 1, 100.00, 2, NULL, NULL, 'OneTime'),
(49, 51, 1, NULL, NULL, NULL, 1, 50.00, 2, NULL, NULL, 'OneTime'),
(50, 52, 1, NULL, NULL, NULL, 1, 50.00, 2, NULL, NULL, 'OneTime'),
(51, 53, NULL, NULL, 1, NULL, 1, 400.00, 1, NULL, NULL, 'OneTime'),
(52, 54, NULL, NULL, 1, NULL, 1, 200.00, 2, NULL, NULL, 'NotSure'),
(53, 55, NULL, 1, NULL, NULL, 1, 99.00, 2, NULL, NULL, 'Ongoing'),
(54, 56, 1, NULL, NULL, NULL, 1, 500.00, 3, NULL, NULL, 'Ongoing'),
(55, 57, NULL, NULL, 1, 1, NULL, NULL, 2, 'Less1month', 'NotSure', 'OneTime'),
(56, 58, 1, NULL, NULL, 1, NULL, NULL, 3, 'Less1month', 'PartTime', 'OneTime'),
(57, 59, 1, NULL, NULL, NULL, 1, 235.00, 2, NULL, NULL, 'OneTime'),
(58, 60, 1, NULL, NULL, NULL, 1, 30.00, 1, NULL, NULL, 'OneTime'),
(59, 61, 1, NULL, NULL, 1, NULL, NULL, 1, 'Less1month', 'FullTime', 'Ongoing'),
(60, 62, 1, NULL, NULL, NULL, 1, 50.00, 1, NULL, NULL, 'NotSure'),
(61, 63, 1, NULL, NULL, 1, NULL, NULL, 1, 'Less1month', 'FullTime', 'OneTime'),
(62, 64, 1, NULL, NULL, 1, NULL, NULL, 1, 'Less1month', 'NotSure', 'OneTime'),
(63, 65, 1, NULL, NULL, NULL, 1, 10.00, 1, NULL, NULL, 'OneTime'),
(64, 66, NULL, 1, NULL, NULL, 1, 5.00, 2, NULL, NULL, 'Ongoing'),
(65, 67, 1, NULL, NULL, 1, NULL, NULL, 1, '1To2month', 'PartTime', 'OneTime'),
(66, 68, NULL, 1, NULL, 1, NULL, NULL, 3, 'Less1month', 'PartTime', 'OneTime'),
(67, 69, 1, NULL, NULL, NULL, 1, 200.00, 2, NULL, NULL, 'OneTime'),
(68, 70, NULL, NULL, 1, NULL, 1, 1.00, 1, NULL, NULL, 'OneTime'),
(69, 71, 1, NULL, NULL, NULL, 1, 200.00, 2, NULL, NULL, 'OneTime'),
(70, 72, 1, NULL, NULL, NULL, 1, 100.00, 1, NULL, NULL, 'OneTime'),
(71, 73, 1, NULL, NULL, 1, NULL, NULL, 1, 'Less1month', 'FullTime', 'OneTime'),
(72, 74, 1, NULL, NULL, 1, NULL, NULL, 1, 'Less1month', 'FullTime', 'NotSure'),
(73, 75, 1, NULL, NULL, 1, NULL, NULL, 3, '1To2month', 'NotSure', 'OneTime'),
(74, 76, 1, NULL, NULL, 1, NULL, NULL, 3, 'Less1month', 'FullTime', 'OneTime'),
(75, 77, 1, NULL, NULL, 1, NULL, NULL, 2, 'Less1month', 'FullTime', 'OneTime'),
(76, 78, NULL, NULL, 1, NULL, 1, 111.00, 1, NULL, NULL, 'NotSure'),
(77, 79, 1, NULL, NULL, 1, NULL, NULL, 1, 'Less1month', 'FullTime', 'OneTime'),
(78, 80, 1, NULL, NULL, 1, NULL, NULL, 2, '1To2month', 'PartTime', 'OneTime'),
(79, 81, 1, NULL, NULL, 1, NULL, NULL, 1, 'More3month', 'FullTime', 'Ongoing'),
(80, 82, NULL, 1, NULL, 1, NULL, NULL, 1, 'Less1month', 'FullTime', 'Ongoing'),
(81, 83, 1, NULL, NULL, 1, NULL, NULL, 1, 'Less1month', 'FullTime', 'OneTime'),
(82, 84, 1, NULL, NULL, 1, NULL, NULL, 1, 'Less1month', 'FullTime', 'OneTime'),
(83, 85, 1, NULL, NULL, NULL, 1, 600.00, 2, NULL, NULL, 'Ongoing'),
(84, 86, 1, NULL, NULL, 1, NULL, NULL, 2, 'Less1month', 'FullTime', 'OneTime'),
(85, 87, 1, NULL, NULL, NULL, 1, 350.00, 3, NULL, NULL, 'Ongoing'),
(86, 88, 1, NULL, NULL, NULL, 1, 140.00, 2, NULL, NULL, 'OneTime'),
(87, 89, 1, NULL, NULL, NULL, 1, 99.00, 2, NULL, NULL, 'Ongoing'),
(88, 90, NULL, NULL, 1, NULL, 1, 600.00, 3, NULL, NULL, 'OneTime'),
(89, 91, 1, NULL, NULL, NULL, 1, 150.00, 3, NULL, NULL, 'OneTime'),
(90, 92, 1, NULL, NULL, 1, NULL, NULL, 2, '1To2month', 'PartTime', 'OneTime'),
(91, 93, 1, NULL, NULL, NULL, 1, 30.00, 3, NULL, NULL, 'OneTime'),
(92, 94, 1, NULL, NULL, 1, NULL, NULL, 2, 'Less1month', 'PartTime', 'OneTime'),
(93, 95, 1, NULL, NULL, NULL, 1, 120.00, 3, NULL, NULL, 'OneTime'),
(94, 96, NULL, NULL, 1, NULL, 1, 10.00, 1, NULL, NULL, 'OneTime'),
(95, 97, NULL, NULL, 1, NULL, 1, 15.00, 2, NULL, NULL, 'Ongoing'),
(96, 98, 1, NULL, NULL, 1, NULL, NULL, 1, 'Less1month', 'PartTime', 'OneTime'),
(97, 99, 1, NULL, NULL, NULL, 1, 100.00, 3, NULL, NULL, 'OneTime'),
(98, 100, 1, NULL, NULL, NULL, 1, 120.00, 2, NULL, NULL, 'OneTime'),
(99, 101, 1, NULL, NULL, 1, NULL, NULL, 2, 'Less1month', 'PartTime', 'Ongoing'),
(100, 102, 1, NULL, NULL, NULL, 1, 120.00, 2, NULL, NULL, 'OneTime'),
(101, 103, 1, NULL, NULL, 1, NULL, NULL, 2, 'Less1month', 'FullTime', 'OneTime'),
(102, 104, 1, NULL, NULL, NULL, 1, 200.00, 2, NULL, NULL, 'Ongoing'),
(103, 105, 1, NULL, NULL, NULL, 1, 80.00, 3, NULL, NULL, 'OneTime'),
(104, 106, 1, NULL, NULL, 1, NULL, NULL, 2, 'Less1month', 'PartTime', 'OneTime'),
(105, 107, 1, NULL, NULL, 1, NULL, NULL, 2, 'Less1month', 'FullTime', 'OneTime'),
(106, 108, 1, NULL, NULL, NULL, 1, 130.00, 2, NULL, NULL, 'OneTime'),
(107, 109, 1, NULL, NULL, 1, NULL, NULL, 2, 'Less1month', 'FullTime', 'Ongoing'),
(108, 110, 1, NULL, NULL, NULL, 1, 125.00, 2, NULL, NULL, 'Ongoing'),
(109, 111, 1, NULL, NULL, 1, NULL, NULL, 2, 'Less1month', 'FullTime', 'OneTime'),
(110, 112, 1, NULL, NULL, NULL, 1, 15.00, 2, NULL, NULL, 'OneTime'),
(111, 113, 1, NULL, NULL, 1, NULL, NULL, 2, 'Less1month', 'FullTime', 'Ongoing'),
(112, 114, 1, NULL, NULL, NULL, 1, 95.00, 2, NULL, NULL, 'OneTime'),
(113, 115, 1, NULL, NULL, NULL, 1, 135.00, 2, NULL, NULL, 'OneTime'),
(114, 116, 1, NULL, NULL, NULL, 1, 130.00, 2, NULL, NULL, 'OneTime');

-- --------------------------------------------------------

--
-- Table structure for table `pref_project_skills`
--

CREATE TABLE `pref_project_skills` (
  `project_skill_id` int(11) NOT NULL,
  `project_id` int(11) DEFAULT NULL,
  `skill_id` int(11) DEFAULT NULL,
  `project_skill_status` tinyint(1) NOT NULL
) ENGINE=InnoDB DEFAULT CHARSET=utf8;

--
-- Dumping data for table `pref_project_skills`
--

INSERT INTO `pref_project_skills` (`project_skill_id`, `project_id`, `skill_id`, `project_skill_status`) VALUES
(1, 1, 1, 1),
(2, 2, 1, 1),
(3, 3, 1, 1),
(4, 3, 2, 1),
(5, 6, 1, 1),
(6, 6, 4, 1),
(7, 7, 4, 1),
(8, 8, 4, 1),
(9, 9, 1, 1),
(10, 9, 11, 1),
(11, 9, 5, 1),
(12, 9, 3, 1),
(13, 10, 11, 1),
(14, 10, 1, 1),
(15, 10, 5, 1),
(16, 11, 17, 1),
(17, 12, 23, 1),
(18, 13, 1, 1),
(19, 13, 11, 1),
(20, 13, 6, 1),
(21, 14, 7, 1),
(22, 15, 6, 1),
(23, 16, 10, 1),
(24, 17, 6, 1),
(25, 18, 6, 1),
(26, 18, 5, 1),
(27, 18, 11, 1),
(28, 19, 17, 1),
(29, 19, 14, 1),
(30, 19, 5, 1),
(31, 19, 1, 1),
(32, 20, 11, 1),
(33, 20, 1, 1),
(34, 20, 6, 1),
(35, 20, 5, 1),
(36, 21, 18, 1),
(37, 21, 4, 1),
(38, 21, 1, 1),
(39, 21, 5, 1),
(40, 21, 23, 1),
(41, 22, 19, 1),
(42, 23, 11, 1),
(43, 23, 1, 1),
(44, 23, 6, 1),
(45, 23, 17, 1),
(46, 24, 23, 1),
(47, 25, 17, 1),
(48, 25, 20, 1),
(49, 26, 23, 1),
(50, 26, 8, 1),
(51, 26, 14, 1),
(52, 27, 4, 1),
(53, 28, 17, 1),
(54, 28, 16, 1),
(55, 29, 1, 1),
(56, 29, 8, 1),
(57, 29, 17, 1),
(58, 29, 5, 1),
(59, 29, 21, 1),
(60, 30, 24, 1),
(61, 31, 11, 1),
(62, 31, 1, 1),
(63, 31, 6, 1),
(64, 31, 4, 1),
(65, 31, 18, 1),
(66, 32, 24, 1),
(67, 33, 13, 1),
(68, 34, 10, 1),
(69, 35, 13, 1),
(70, 36, 22, 1),
(71, 36, 4, 1),
(72, 36, 24, 1),
(73, 37, 22, 1),
(74, 37, 4, 1),
(75, 37, 24, 1),
(76, 38, 24, 1),
(77, 38, 4, 1),
(78, 39, 24, 1),
(79, 40, 4, 1),
(80, 41, 24, 1),
(81, 41, 4, 1),
(82, 42, 8, 1),
(83, 43, 7, 1),
(84, 44, 7, 1),
(85, 45, 22, 1),
(86, 46, 7, 1),
(87, 47, 24, 1),
(88, 48, 1, 1),
(89, 48, 5, 1),
(90, 49, 8, 1),
(91, 50, 24, 1),
(92, 50, 4, 1),
(93, 51, 24, 1),
(94, 51, 22, 1),
(95, 52, 24, 1),
(96, 52, 17, 1),
(97, 53, 8, 1),
(98, 54, 8, 1),
(99, 55, 8, 1),
(100, 56, 20, 1),
(101, 57, 8, 1),
(102, 58, 2, 1),
(103, 59, 4, 1),
(104, 59, 18, 1),
(105, 60, 22, 1),
(106, 60, 18, 1),
(107, 61, 11, 1),
(108, 62, 11, 1),
(109, 62, 10, 1),
(110, 63, 8, 1),
(111, 64, 8, 1),
(112, 65, 1, 1),
(113, 66, 1, 1),
(114, 67, 12, 1),
(115, 68, 24, 1),
(116, 69, 11, 1),
(117, 69, 10, 1),
(118, 69, 1, 1),
(119, 70, 24, 1),
(120, 71, 1, 1),
(121, 71, 14, 1),
(122, 72, 1, 1),
(123, 73, 1, 1),
(124, 74, 13, 1),
(125, 74, 1, 1),
(126, 75, 16, 1),
(127, 76, 4, 1),
(128, 77, 1, 1),
(129, 78, 19, 1),
(130, 79, 1, 1),
(131, 80, 18, 1),
(132, 81, 11, 1),
(133, 82, 1, 1),
(134, 82, 5, 1),
(135, 83, 1, 1),
(136, 83, 5, 1),
(137, 83, 14, 1),
(138, 84, 11, 1),
(139, 84, 5, 1),
(140, 85, 1, 1),
(141, 85, 6, 1),
(142, 86, 11, 1),
(143, 86, 17, 1),
(144, 86, 5, 1),
(145, 87, 17, 1),
(146, 87, 1, 1),
(147, 87, 5, 1),
(148, 88, 4, 1),
(149, 88, 1, 1),
(150, 88, 5, 1),
(151, 89, 1, 1),
(152, 89, 5, 1),
(153, 89, 17, 1),
(154, 90, 1, 1),
(155, 90, 5, 1),
(156, 91, 17, 1),
(157, 91, 11, 1),
(158, 92, 1, 1),
(159, 92, 4, 1),
(160, 92, 5, 1),
(161, 93, 1, 1),
(162, 93, 17, 1),
(163, 93, 5, 1),
(164, 94, 1, 1),
(165, 94, 5, 1),
(166, 94, 12, 1),
(167, 95, 12, 1),
(168, 95, 1, 1),
(169, 96, 8, 1),
(170, 97, 8, 1),
(171, 6, 5, 1),
(172, 98, 22, 1),
(173, 99, 8, 1),
(174, 100, 1, 1),
(175, 100, 5, 1),
(176, 101, 21, 1),
(177, 101, 1, 1),
(178, 101, 17, 1),
(179, 102, 1, 1),
(180, 103, 1, 1),
(181, 103, 5, 1),
(182, 104, 1, 1),
(183, 104, 4, 1),
(184, 104, 17, 1),
(185, 105, 11, 1),
(186, 105, 17, 1),
(187, 105, 5, 1),
(188, 106, 1, 1),
(189, 106, 5, 1),
(190, 107, 1, 1),
(191, 107, 5, 1),
(192, 107, 2, 1),
(193, 108, 1, 1),
(194, 108, 17, 1),
(195, 109, 11, 1),
(196, 109, 5, 1),
(197, 110, 1, 1),
(198, 110, 5, 1),
(199, 111, 1, 1),
(200, 111, 4, 1),
(201, 112, 11, 1),
(202, 112, 4, 1),
(203, 113, 1, 1),
(204, 113, 4, 1),
(205, 114, 11, 1),
(206, 114, 4, 1),
(207, 115, 1, 1),
(208, 115, 5, 1),
(209, 116, 1, 1),
(210, 116, 5, 1);

-- --------------------------------------------------------

--
-- Table structure for table `pref_question`
--

CREATE TABLE `pref_question` (
  `question_id` int(11) NOT NULL,
  `question_title` varchar(250) DEFAULT NULL,
  `category_subchild_id` int(11) NOT NULL,
  `question_status` tinyint(1) NOT NULL,
  `is_manual` tinyint(1) DEFAULT NULL
) ENGINE=InnoDB DEFAULT CHARSET=utf8;

--
-- Dumping data for table `pref_question`
--

INSERT INTO `pref_question` (`question_id`, `question_title`, `category_subchild_id`, `question_status`, `is_manual`) VALUES
(1, 'Question 1 ?', 1, 1, 1),
(2, 'Question 2 ?', 1, 1, 1),
(3, 'Add screen question / require a cover letter', 1, 1, 1),
(4, 'Testt', 1, 1, 1),
(5, 'How many years of experience you have in php?', 4, 1, 1),
(6, 'Did you developed same kind of project earlier?', 4, 1, 1),
(7, 'How much experience do you have n android development', 2, 1, 1),
(8, 'Are you experience?', 1, 1, 1),
(9, 'Have you created a website on your own ', 1, 1, 1),
(10, 'How many years of experience do you have?', 1, 1, 1),
(11, '- What is your job experience? Why are you the best person for this position? - What is your experience level with Customer Service?', 3, 1, 1),
(12, 'How many years of experience?', 2, 1, 1),
(13, 'Must to have good knowledge in chatapp', 1, 1, 1),
(14, 'Question 1 : who\'s your daddy?', 1, 1, 1),
(15, 'Question 1 : who\'s your mother?', 1, 1, 1),
(16, 'How much experience ypu have?', 4, 1, 1),
(17, 'Experience', 3, 1, 1),
(18, 'Ut mattis urna ut tortor fringilla interdum. In a vestibulum sem?', 5, 1, 1),
(19, 'experince', 1, 1, 1),
(20, 'test question', 1, 1, 1),
(21, 'What is something?', 1, 1, 1),
(22, 'Test design Q1', 2, 1, 1),
(23, 'Test design Q2', 2, 1, 1),
(24, 'Adding an optional question', 2, 1, 1),
(25, 'how any years of experience you have?', 7, 1, 1),
(26, 'كيف ترى قيادتي وهل تمتلك الخبرة', 3, 1, 1),
(27, 'هل لديك معلومات كافية عن التعليمات واين تجدها', 3, 1, 1),
(28, 'اضف لوحة تحكم صغيرة', 3, 1, 1),
(29, 'How much year of experience you have?', 1, 1, 1),
(30, 'test', 3, 1, 1),
(31, 'Minimum 5 year experience required, do you have ?', 1, 1, 1),
(32, 'How many years experience do you have ?', 1, 1, 1),
(33, 'Do u have reference?', 1, 1, 1),
(34, 'freshers', 2, 1, 1),
(35, 'Expert Android Developer', 1, 1, 1),
(36, 'core php developer required', 1, 1, 1),
(37, 'Do you have experience in design', 10, 1, 1);

-- --------------------------------------------------------

--
-- Table structure for table `pref_reports`
--

CREATE TABLE `pref_reports` (
  `id` int(10) NOT NULL,
  `reporter_id` int(10) NOT NULL,
  `content_id` int(10) NOT NULL,
  `content_type` varchar(255) NOT NULL,
  `reason` varchar(255) NOT NULL,
  `additional_information` text NOT NULL,
  `status` tinyint(1) DEFAULT 1
) ENGINE=InnoDB DEFAULT CHARSET=utf8;

--
-- Dumping data for table `pref_reports`
--

INSERT INTO `pref_reports` (`id`, `reporter_id`, `content_id`, `content_type`, `reason`, `additional_information`, `status`) VALUES
(1, 16, 83, 'project', 'Non Original Content', 'Additional information is any relevant skills, qualifications or characteristics that can round out your work experience with life experience and shows you are an inquisitive..', 1),
(2, 16, 74, 'project', 'Non Original Content', 'hjkgbvhckjfbjk', 1);

-- --------------------------------------------------------

--
-- Table structure for table `pref_section_boxes`
--

CREATE TABLE `pref_section_boxes` (
  `box_id` int(10) NOT NULL,
  `box_image` varchar(255) NOT NULL,
  `status` tinyint(1) NOT NULL,
  `display_order` int(11) NOT NULL
) ENGINE=InnoDB DEFAULT CHARSET=utf8;

--
-- Dumping data for table `pref_section_boxes`
--

INSERT INTO `pref_section_boxes` (`box_id`, `box_image`, `status`, `display_order`) VALUES
(1, '424d37f42821d2eda0f1e55f7a731efc.png', 1, 1),
(2, '8059f6d81dee49168e1e372f6ae3aa56.png', 1, 2),
(3, '1b3a30c5373529ede701e4445795753d.png', 1, 3),
(4, 'b747b698d4a11e945164f06f15f4e39a.png', 1, 4);

-- --------------------------------------------------------

--
-- Table structure for table `pref_section_boxes_names`
--

CREATE TABLE `pref_section_boxes_names` (
  `box_id` int(10) NOT NULL,
  `lang` char(3) NOT NULL,
  `name` text NOT NULL,
  `description` text NOT NULL
) ENGINE=InnoDB DEFAULT CHARSET=utf8;

--
-- Dumping data for table `pref_section_boxes_names`
--

INSERT INTO `pref_section_boxes_names` (`box_id`, `lang`, `name`, `description`) VALUES
(2, 'en', '2', '2'),
(3, 'en', '3', '3'),
(1, 'en', 'test', 'test'),
(1, 'ar', 'اختبار', 'اختبار'),
(4, 'en', 'HAD', 'HADI MMMM'),
(4, 'ar', 'اسمي', 'هادي الدوسري'),
(4, 'fr', 'A', 'CC'),
(4, 'ur', 'A', 'EEE'),
(4, 'cn', 'W', 'QQQQ');

-- --------------------------------------------------------

--
-- Table structure for table `pref_settings`
--

CREATE TABLE `pref_settings` (
  `id` int(11) NOT NULL,
  `title` varchar(150) NOT NULL,
  `setting_key` varchar(50) NOT NULL,
  `setting_value` text NOT NULL,
  `editable` tinyint(1) NOT NULL,
  `deletable` tinyint(1) NOT NULL,
  `display_order` int(11) NOT NULL,
  `setting_group` varchar(100) NOT NULL
) ENGINE=InnoDB DEFAULT CHARSET=utf8;

--
-- Dumping data for table `pref_settings`
--

INSERT INTO `pref_settings` (`id`, `title`, `setting_key`, `setting_value`, `editable`, `deletable`, `display_order`, `setting_group`) VALUES
(1, 'Site Title', 'site_title', 'Freelancer marketplace script', 1, 0, 0, ''),
(2, 'Site Default language', 'default_lang', 'en', 1, 0, 0, ''),
(3, 'Language', 'language', 'en,ar', 1, 0, 0, ''),
(4, 'Admin Default Language', 'admin_default_lang', 'en', 1, 0, 0, ''),
(5, 'Admin Email', 'admin_email', 'asish9735@gmail.com', 1, 0, 0, 'general'),
(6, 'Admin Short Code', 'admin_short_code', 'CA', 1, 0, 0, 'custom'),
(7, 'Active Theme', 'active_theme', '2', 1, 0, 0, 'custom'),
(8, 'CSS Version', 'version_css', '1.0', 1, 0, 0, 'custom'),
(9, 'JS Version', 'version_js', '1.0', 1, 0, 0, 'custom'),
(10, 'Site Currency', 'site_currency', '$', 1, 0, 0, 'custom'),
(11, 'Website Name', 'website_name', 'Upworkk script', 1, 0, 0, 'custom'),
(12, 'Facebook App ID', 'fb_app_id', '1225948780930403', 1, 0, 0, 'api'),
(13, 'Facebook App Secret', 'fb_app_secret', '45db911b706fabb4256965e3ff6e75d2', 1, 0, 0, 'api'),
(14, 'Facebook Page URL', 'fb_page_url', '', 1, 0, 0, 'custom'),
(15, 'TW Page Username', 'tw_page_username', '', 1, 0, 0, 'custom'),
(16, 'TW Creator Name', 'tw_creator_username', '', 1, 0, 0, 'custom'),
(17, 'Tw page URL', 'tw_page_url', '', 1, 0, 0, 'custom'),
(18, 'Default SEO Site Title', 'default_seo_site_title', 'New Freelancer', 1, 0, 0, 'custom'),
(19, 'Default SEO Site Description', 'default_seo_site_description', 'Freelancer', 1, 0, 0, 'custom'),
(20, 'SMTP ENABLE', 'is_smtp', '1', 1, 0, 1, 'email'),
(21, 'SMTP Host', 'smtp_host', 'mail.scriptlisting.com', 1, 0, 2, 'email'),
(22, 'SMTP User', 'smtp_user', 'no-reply@scriptlisting.com', 1, 0, 3, 'email'),
(23, 'SMTP Password', 'smtp_pass', 'Rc5VVN7*yJ5.', 1, 0, 4, 'email'),
(24, 'SMTP Port', 'smtp_port', '587', 1, 0, 5, 'email'),
(25, 'Google Map API Key', 'google_map_api_key', 'AIzaSyCuZsZjk-oi_W_c9j-eslyO_LkTwU-8X8U', 1, 0, 0, 'api'),
(26, 'Paypal Payment Enable', 'enable_paypal', '1', 1, 0, 1, 'payment'),
(27, 'Paypal email', 'paypal_email', 'asish9735_biz@gmail.com', 1, 0, 2, 'payment'),
(28, 'PayPal Processing Fee Fixed', 'paypal_processing_fee_fixed', '.30', 1, 0, 3, 'payment'),
(29, 'PayPal Processing Fee Percent', 'paypal_processing_fee_percent', '2.9', 1, 0, 4, 'payment'),
(30, 'Paypal Sandbox', 'is_sandbox', '1', 1, 0, 5, 'payment'),
(31, 'Currency Conversion Rate 1 AED To USD', 'AED_TO_USD', '.27', 1, 0, 0, 'payment'),
(32, 'Site Currency Code', 'site_currency_code', 'USD', 1, 0, 0, 'custom'),
(33, 'Site Wallet', 'SITE_MAIN_WALLET', '16', 0, 0, 1, 'constants'),
(34, 'Site Profit Wallet', 'SITE_PROFIT_WALLET', '17', 0, 0, 2, 'constants'),
(35, 'Processing Fee Wallet', 'PROCESSING_FEE_WALLET', '18', 0, 0, 3, 'constants'),
(36, 'Paypal Wallet', 'PAYPAL_WALLET', '19', 0, 0, 4, 'constants'),
(37, 'Add fund by paypal', 'ADD_FUND_PAYPAL', '1', 0, 0, 5, 'constants'),
(38, 'Withdraw', 'WITHDRAW', '2', 0, 0, 6, 'constants'),
(39, 'Escrow Wallet', 'ESCROW_WALLET', '20', 0, 0, 7, 'constants'),
(40, 'Escrow Deposit', 'ESCROW_DEPOSIT', '3', 0, 0, 6, 'constants'),
(41, 'Escrow Release', 'ESCROW_RELEASE', '4', 0, 0, 7, 'constants'),
(42, 'Add fund by Admin', 'ADD_FUND_BY_ADMIN', '5', 0, 0, 8, 'constants'),
(43, 'Bank Wallet', 'BANK_WALLET', '26', 0, 0, 9, 'constants'),
(44, 'Stripe Payment Enable', 'enable_stripe', '1', 1, 0, 7, 'payment'),
(45, 'Stripe Processing Fee Fixed', 'stripe_processing_fee_fixed', '0', 1, 0, 8, 'payment'),
(46, 'Stripe Processing Fee Percent', 'stripe_processing_fee_percent', '3', 1, 0, 9, 'payment'),
(47, 'Stripe Public Key', 'stripe_key', 'pk_test_51IcvlKSGVBnAySIhXmSUr8sMiIwwBsIDn9OFaQy80Av5NENcvnNyEtL2nvpcoYFZtDrjSIUyUJwpEHFU25W5ut2h00n9AWvKbt', 1, 0, 8, 'payment'),
(48, 'Stripe Secret key', 'stripe_secret_key', 'sk_test_51IcvlKSGVBnAySIhaIWDOKaXgncmKYmev5VDcSIu6mkB5fB7zexCarcJKskkJpSPO7cZrr8mZBtTsOMsscw2PxTV00fAIT41rV', 1, 0, 8, 'payment'),
(49, 'Invoice Number', 'INVOICE_NUMBER', '58', 0, 0, 10, 'constants'),
(50, 'Dispute Wallet', 'DISPUTE_WALLET', '27', 0, 0, 11, 'constants'),
(51, 'Dispute', 'ESCROW_DISPUTE', '6', 0, 0, 12, 'constants'),
(52, 'Dispute Resolve', 'DISPUTE_RESOLVE', '7', 0, 0, 13, 'constants'),
(53, 'Withdraw Wallet', 'WITHDRAW_WALLET', '29', 0, 0, 0, 'constants'),
(54, 'Enable Stripe Withdraw', 'enable_stripe_withdraw', '1', 1, 0, 0, 'payment'),
(55, 'Enable Bank Withdraw', 'enable_bank_withdraw', '1', 1, 0, 0, 'payment'),
(56, 'Enable Paypal Withdraw', 'enable_paypal_withdraw', '1', 1, 1, 0, 'payment'),
(57, 'Add fund by Stripe', 'ADD_FUND_STRIPE', '8', 0, 0, 0, 'constants'),
(58, 'Stripe Wallet', 'Stripe_WALLET', '32', 0, 0, 4, 'constants'),
(59, 'Membership payment by Paypal', 'MEMBERSHIP_PAYMENT_PAYPAL', '9', 0, 0, 0, 'constants'),
(60, 'Membership payment by Stripe', 'MEMBERSHIP_PAYMENT_STRIPE', '10', 0, 0, 0, 'constants'),
(61, 'Membership payment by Wallet', 'MEMBERSHIP_PAYMENT_WALLET', '11', 0, 0, 0, 'constants'),
(62, 'Free Membership ID', 'FREE_MEMBERSHIP_ID', '1', 1, 0, 0, 'custom'),
(63, 'Stripe Endpoint Secret', 'stripe_endpoint_secret', 'whsec_M9B9L7rT3YbcDxG0dtXFyF1ywTqVud1t', 1, 0, 9, 'payment'),
(64, 'Google Api Key', 'google_apiKey', 'AIzaSyCV9iIbI0rK9plfq9651Ad8PZsiBiUPE04', 1, 0, 0, 'api'),
(65, 'Google Client Id', 'google_client_id', '26249774669-ja3li9la34i5tgl36004v10lg5m5mgqk.apps.googleusercontent.com', 1, 0, 0, 'api'),
(66, 'Facebook Link', 'facebook_url', 'https://facebook.com', 1, 0, 1, 'social'),
(67, 'Twitter Link', 'twitter_url', 'https://twitter.com', 1, 0, 2, 'social'),
(68, 'LinkedIn Link', 'linkedin_url', 'https://linkedin.com', 1, 0, 3, 'social'),
(69, 'Instagram Link', 'instagram_url', 'https://instagram.com', 1, 0, 4, 'social'),
(70, 'Youtube Link', 'youtube_url', 'https://youtube.com', 1, 0, 5, 'social'),
(71, 'Sett', 'sett', '101', 1, 1, 2, 'testing');

-- --------------------------------------------------------

--
-- Table structure for table `pref_setting_group`
--

CREATE TABLE `pref_setting_group` (
  `setting_group_id` int(11) NOT NULL,
  `group_name` varchar(100) NOT NULL,
  `group_key` varchar(100) NOT NULL,
  `status` tinyint(4) NOT NULL
) ENGINE=InnoDB DEFAULT CHARSET=latin1;

--
-- Dumping data for table `pref_setting_group`
--

INSERT INTO `pref_setting_group` (`setting_group_id`, `group_name`, `group_key`, `status`) VALUES
(1, 'General', 'general', 1),
(2, 'Custom', 'custom', 1),
(3, 'API', 'api', 1),
(4, 'Email', 'email', 1),
(5, 'Payment', 'payment', 1),
(6, 'Constants', 'constants', 1),
(7, 'Social', 'social', 1),
(8, 'Testing', 'testing', -1),
(9, 'Testing', 'test', -1);

-- --------------------------------------------------------

--
-- Table structure for table `pref_skills`
--

CREATE TABLE `pref_skills` (
  `skill_id` int(11) NOT NULL,
  `skill_key` varchar(50) NOT NULL,
  `skill_status` tinyint(1) NOT NULL,
  `skill_display_order` int(11) NOT NULL
) ENGINE=InnoDB DEFAULT CHARSET=utf8;

--
-- Dumping data for table `pref_skills`
--

INSERT INTO `pref_skills` (`skill_id`, `skill_key`, `skill_status`, `skill_display_order`) VALUES
(1, 'php', 1, 1),
(2, 'java', 1, 2),
(3, 'opencart', 1, 3),
(4, 'wordpress', 1, 4),
(5, 'MySql', 1, 5),
(6, 'codeigniter', 1, 6),
(7, 'laravel', 1, 7),
(8, 'angular', 1, 8),
(9, 'yii', 1, 9),
(10, 'sql', 1, 10),
(11, 'phpmyadmin', 1, 11),
(12, 'pdo', 1, 12),
(13, 'ionic-5', 1, 13),
(14, 'node', 1, 14),
(15, 'react-native', 1, 15),
(16, 'vue-js', 1, 16),
(17, 'javascript', 1, 17),
(18, 'woocommerce', 1, 18),
(19, 'ecommerce', 1, 19),
(20, ' prestashop', 1, 20),
(21, 'magento', 1, 21),
(22, 'content-writter', 1, 22),
(23, 'digital-marketing', 1, 23),
(24, 'hr', 1, 24);

-- --------------------------------------------------------

--
-- Table structure for table `pref_skill_names`
--

CREATE TABLE `pref_skill_names` (
  `skill_id` int(11) NOT NULL,
  `skill_name` varchar(255) DEFAULT NULL,
  `skill_lang` char(3) DEFAULT NULL
) ENGINE=InnoDB DEFAULT CHARSET=utf8;

--
-- Dumping data for table `pref_skill_names`
--

INSERT INTO `pref_skill_names` (`skill_id`, `skill_name`, `skill_lang`) VALUES
(22, 'Content Writer', 'en'),
(22, 'كاتب محتوى', 'ar'),
(23, 'Digital Marketing', 'en'),
(23, 'التسويق الرقمي', 'ar'),
(21, 'Magento', 'en'),
(21, 'ماجنتو', 'ar'),
(19, 'E-commerce', 'en'),
(19, 'التجارة الإلكترونية', 'ar'),
(17, 'Javascript', 'en'),
(17, 'جافا سكريبت', 'ar'),
(8, 'Angular', 'en'),
(8, 'الزاوي', 'ar'),
(7, 'Laravel', 'en'),
(7, 'Laravel', 'ar'),
(6, 'CodeIgniter', 'en'),
(6, 'CodeIgniter', 'ar'),
(5, 'MySql', 'en'),
(5, 'MySql', 'ar'),
(18, 'Woocommerce', 'en'),
(18, 'Woocommerce', 'ar'),
(16, 'Vue Js', 'en'),
(16, 'Vue Js', 'ar'),
(15, 'React/Native', 'en'),
(15, 'React/Native', 'ar'),
(14, 'Node Js', 'en'),
(14, 'Node Js', 'ar'),
(13, 'Ionic 5', 'en'),
(13, 'Ionic 5', 'ar'),
(12, 'PDO', 'en'),
(12, 'PDO', 'ar'),
(11, 'phpMyAdmin', 'en'),
(11, 'phpMyAdmin', 'ar'),
(10, 'SQL', 'en'),
(10, 'SQL', 'ar'),
(9, 'Yii', 'en'),
(9, 'Yii', 'ar'),
(4, 'Wordpress', 'en'),
(4, 'وورد', 'ar'),
(3, 'Opencart', 'en'),
(3, 'أوبينكارت', 'ar'),
(2, 'Java', 'en'),
(2, 'جافا', 'ar'),
(1, 'Php', 'en'),
(1, 'Php', 'ar'),
(24, 'hr', 'en'),
(24, 'موارد بشرية', 'ar'),
(20, 'PrestaShop', 'en');

-- --------------------------------------------------------

--
-- Table structure for table `pref_skill_speciality`
--

CREATE TABLE `pref_skill_speciality` (
  `speciality_id` int(11) NOT NULL COMMENT 'Sub category id',
  `skill_id` int(11) NOT NULL
) ENGINE=InnoDB DEFAULT CHARSET=utf8;

--
-- Dumping data for table `pref_skill_speciality`
--

INSERT INTO `pref_skill_speciality` (`speciality_id`, `skill_id`) VALUES
(4, 22),
(4, 23),
(1, 19),
(1, 17),
(1, 7),
(1, 6),
(4, 5),
(2, 5),
(1, 5),
(1, 18),
(2, 16),
(2, 15),
(2, 14),
(2, 13),
(3, 12),
(3, 11),
(3, 10),
(1, 9),
(1, 24),
(4, 20),
(1, 20);

-- --------------------------------------------------------

--
-- Table structure for table `pref_testimonial`
--

CREATE TABLE `pref_testimonial` (
  `testimonial_id` int(11) NOT NULL,
  `logo` varchar(150) NOT NULL,
  `testimonial_status` tinyint(1) NOT NULL,
  `display_order` int(11) NOT NULL
) ENGINE=InnoDB DEFAULT CHARSET=utf8;

--
-- Dumping data for table `pref_testimonial`
--

INSERT INTO `pref_testimonial` (`testimonial_id`, `logo`, `testimonial_status`, `display_order`) VALUES
(1, '5dc5a698d9e0792d6763716d284be758.png', -1, 0),
(2, '8a21246bac295568e03c34cc49c65e27.jpg', 1, 2),
(3, 'bdd14e3ebf2bb83ad10624d6fd84a0c5.jpg', 1, 3),
(4, 'a11235f9a208e0951db6ddce8846a05f.jpg', 1, 4);

-- --------------------------------------------------------

--
-- Table structure for table `pref_testimonial_names`
--

CREATE TABLE `pref_testimonial_names` (
  `testimonial_id` int(11) NOT NULL,
  `name` char(52) NOT NULL DEFAULT '',
  `company_name` varchar(150) NOT NULL,
  `description` text NOT NULL,
  `lang` char(3) NOT NULL DEFAULT 'en'
) ENGINE=InnoDB DEFAULT CHARSET=utf8;

--
-- Dumping data for table `pref_testimonial_names`
--

INSERT INTO `pref_testimonial_names` (`testimonial_id`, `name`, `company_name`, `description`, `lang`) VALUES
(2, 'Michelle Mitchell', 'Director', 'I am amazed by its potential. Upwork clone script is perfect for recruiters looking for the best freelancers to work with. The code is highly utilitarian for creating a business niche. You can certainly give it a try.', 'en'),
(2, 'ميشيل ميتشل', 'مخرج', 'أنا مندهش من إمكاناتها. يعد برنامج استنساخ Upwork مثاليًا لموظفي التوظيف الذين يبحثون عن أفضل العاملين لحسابهم الخاص للعمل معهم. الكود مفيد للغاية لإنشاء مكانة تجارية. يمكنك بالتأكيد أن تجربها.', 'ar'),
(4, 'Klaus Gruber', 'Marketing Head', 'Thank you for this amazing Upwork clone script. It’s been an amazing journey ever since I gave it a chance. Highly recommended!', 'en'),
(4, 'كلاوس جروبر', 'رئيس التسويق', 'شكرا لك على هذا السيناريو المذهل لاستنساخ Upwork. لقد كانت رحلة رائعة منذ أن أعطيتها الفرصة. ينصح به بشده!', 'ar'),
(1, 'Amanda Cook', 'XYZ Company', 'If you looking for a powerful Upwork clone script to start your gig platform, this is the best option for you. It surpassed my expectations. Don’t think, just go for it.If', 'en'),
(1, 'أماندا كوك', 'شركة XYZ', 'إذا كنت تبحث عن برنامج نصي قوي لاستنساخ Upwork لبدء منصة الحفلة ، فهذا هو \r\nإذا كنت تبحث عن برنامج نصي قوي لاستنساخ Upwork لبدء منصة الحفلة ، فهذا هو الخيار الأفضل لك. لقد فاق توقعاتي. لا تفكر ، فقط افعلها.إذا كنت تبحث', 'ar'),
(3, 'Ryan Garcia', 'Social Activist', 'I wish I found this Upwork clone script earlier! I was frantically searching for a capable Upwork clone and then, I came across this. It has top-quality job listings, SEO optimized and user-friendly. Totally worth it!', 'en'),
(3, 'ريان جارسيا', 'ناشط اجتماعي', 'أتمنى لو وجدت هذا البرنامج النصي استنساخ Upwork في وقت سابق! كنت أبحث بشكل محموم عن استنساخ قادر على Upwork وبعد ذلك ، صادفت هذا. يحتوي على قوائم وظائف عالية الجودة ومحسّنة لكبار المسئولين الاقتصاديين وسهلة الاستخدام. يستحقها تماما!', 'ar');

-- --------------------------------------------------------

--
-- Table structure for table `pref_wallet`
--

CREATE TABLE `pref_wallet` (
  `wallet_id` int(11) NOT NULL,
  `user_id` int(11) NOT NULL,
  `title` varchar(255) NOT NULL,
  `balance` float(10,2) NOT NULL,
  `withdrawn` decimal(10,0) DEFAULT 0,
  `used_purchases` decimal(10,0) DEFAULT 0,
  `pending_clearance` decimal(10,0) DEFAULT 0,
  `month_earnings` decimal(10,0) DEFAULT 0
) ENGINE=InnoDB DEFAULT CHARSET=utf8;

--
-- Dumping data for table `pref_wallet`
--

INSERT INTO `pref_wallet` (`wallet_id`, `user_id`, `title`, `balance`, `withdrawn`, `used_purchases`, `pending_clearance`, `month_earnings`) VALUES
(1, 6, 'Asharam', 0.00, '0', '0', '0', '0'),
(2, 7, 'Asharam', 0.00, '0', '0', '0', '0'),
(3, 8, 'Asharam', 0.00, '0', '0', '0', '0'),
(10, 10, 'Asharam pakhira', 0.00, '0', '0', '0', '0'),
(11, 11, 'Workwork', 6205.91, '0', '0', '0', '0'),
(12, 12, 'Asish Per', 0.00, '0', '0', '0', '0'),
(13, 13, 'Asish Per', 0.00, '0', '0', '0', '0'),
(14, 14, 'Asish Per', 0.00, '0', '0', '0', '0'),
(15, 15, 'Asish Per', 0.00, '0', '0', '0', '0'),
(16, 0, 'Site Wallet', 0.00, '0', '0', '0', '0'),
(17, 0, 'Site Profit Wallet', 6393.12, '0', '0', '0', '0'),
(18, 0, 'Processing Fee Wallet', 60.61, '0', '0', '0', '0'),
(19, 0, 'Paypal Wallet', -1751.10, '0', '0', '0', '0'),
(20, 0, 'Escrow Wallet', 5171.84, '0', '0', '0', '0'),
(21, 1, 'Asharam Pakhira New', 79.52, '350', '0', '0', '0'),
(22, 2, 'test', 0.00, '0', '0', '0', '0'),
(23, 3, 'test', 0.00, '0', '0', '0', '0'),
(24, 4, 'Dev sharma', 0.00, '0', '0', '0', '0'),
(25, 5, 'Asharam', 0.00, '0', '0', '0', '0'),
(26, 0, 'Bank Wallet', -20904.20, '0', '0', '0', '0'),
(27, 0, 'Dispute Wallet', 190.00, '0', '0', '0', '0'),
(28, 16, 'Asim Patra', 2230.73, '661', '0', '0', '0'),
(29, 0, 'Withdraw Wallet', 1031.00, '0', '0', '0', '0'),
(30, 17, 'Somya Patra', 0.00, '0', '0', '0', '0'),
(31, 18, 'rob fax', 0.00, '0', '0', '0', '0'),
(32, 0, 'Stripe Wallet', -434.61, '0', '0', '0', '0'),
(33, 19, 'santosh bajaj', 0.00, '0', '0', '0', '0'),
(34, 20, 'Jenn', 0.00, '0', '0', '0', '0'),
(35, 21, 'Jenn', 499.00, '0', '0', '0', '0'),
(36, 22, 'Girishan', 0.00, '0', '0', '0', '0'),
(37, 23, 'dhi', 0.00, '0', '0', '0', '0'),
(38, 24, 'Sample tick', 0.00, '0', '0', '0', '0'),
(39, 25, 'Murthy', 0.00, '0', '0', '0', '0'),
(40, 26, 'Neo', 0.00, '0', '0', '0', '0'),
(41, 27, 'Benjamin Meyers', 0.00, '0', '0', '0', '0'),
(42, 28, 'Mister Gupta', 0.00, '0', '0', '0', '0'),
(43, 29, 'unknown', 0.00, '0', '0', '0', '0'),
(44, 30, 'Hensely Baker', 0.00, '0', '0', '0', '0'),
(45, 31, 'Bee Hive', 0.00, '0', '0', '0', '0'),
(46, 32, 'saad', 230.01, '0', '0', '0', '0'),
(47, 33, 'swim', 470.00, '0', '0', '0', '0'),
(48, 34, 'Bee Tucker', 0.00, '0', '0', '0', '0'),
(49, 35, 'dfsg ydfghd', 0.00, '0', '0', '0', '0'),
(50, 36, 'WEFSTUDIO', 0.00, '0', '0', '0', '0'),
(51, 37, 'Marsden Richards', 0.00, '0', '0', '0', '0'),
(52, 38, 'test', 0.00, '0', '0', '0', '0'),
(53, 39, 'eeeklllll', 0.00, '0', '0', '0', '0'),
(54, 40, 'priyanka', 500.00, '0', '0', '0', '0'),
(55, 41, 'hdossary', 0.00, '0', '0', '0', '0'),
(56, 42, 'hr', 0.00, '0', '0', '0', '0'),
(57, 43, 'SAMI', 0.00, '0', '0', '0', '0'),
(58, 44, 'SAMI', 0.00, '0', '0', '0', '0'),
(59, 45, 'lina', 0.00, '0', '0', '0', '0'),
(60, 46, 'NORAHH', 0.00, '0', '0', '0', '0'),
(61, 47, 'هادي الدوسري', 0.00, '0', '0', '0', '0'),
(62, 48, 'هادي الدوسري', 0.00, '0', '0', '0', '0'),
(63, 49, 'هادي الدوسري', 0.00, '0', '0', '0', '0'),
(64, 50, '4saudii', 0.00, '0', '0', '0', '0'),
(65, 51, 'الهلال', 0.00, '0', '0', '0', '0'),
(66, 52, 'هادي الدوسري', 100.00, '0', '0', '0', '0'),
(67, 53, 'الرجل الاصيل', 0.00, '0', '0', '0', '0'),
(68, 54, 'salem suilam', 0.00, '0', '0', '0', '0'),
(69, 55, 'shja nono', 0.00, '0', '0', '0', '0'),
(70, 56, 'Rahul Purbia', 0.00, '0', '0', '0', '0'),
(71, 57, 'gaurav', 0.00, '0', '0', '0', '0'),
(72, 58, 'jelly', 0.00, '0', '0', '0', '0'),
(73, 59, 'Asim Patra', 0.00, '0', '0', '0', '0'),
(74, 60, 'test1', 0.00, '0', '0', '0', '0'),
(75, 61, 'alkharj', 0.00, '0', '0', '0', '0'),
(76, 62, 'wadi do', 0.00, '0', '0', '0', '0'),
(77, 63, 'nnnhadi', 0.00, '0', '0', '0', '0'),
(78, 64, 'Aws', 0.00, '0', '0', '0', '0'),
(79, 65, 'Ans', 0.00, '0', '0', '0', '0'),
(80, 66, 'Scopin dev', 0.00, '0', '0', '0', '0'),
(81, 67, 're', 0.00, '0', '0', '0', '0'),
(82, 68, 'متعب', 0.00, '0', '0', '0', '0'),
(83, 69, 'متعب 2', 0.00, '0', '0', '0', '0'),
(84, 70, 'Terence', 0.00, '0', '0', '0', '0'),
(85, 71, 'Terence', 0.00, '0', '0', '0', '0'),
(86, 72, 'Test Name', 0.00, '0', '0', '0', '0'),
(87, 73, 'Tula Xander', 0.00, '0', '0', '0', '0');

-- --------------------------------------------------------

--
-- Table structure for table `pref_wallet_transaction`
--

CREATE TABLE `pref_wallet_transaction` (
  `wallet_transaction_id` int(11) NOT NULL,
  `wallet_transaction_type_id` int(11) NOT NULL,
  `status` tinyint(1) NOT NULL,
  `admin_message` varchar(255) NOT NULL,
  `admin_message_date` datetime NOT NULL,
  `created_date` datetime NOT NULL,
  `transaction_date` datetime NOT NULL
) ENGINE=InnoDB DEFAULT CHARSET=utf8;

--
-- Dumping data for table `pref_wallet_transaction`
--

INSERT INTO `pref_wallet_transaction` (`wallet_transaction_id`, `wallet_transaction_type_id`, `status`, `admin_message`, `admin_message_date`, `created_date`, `transaction_date`) VALUES
(1, 5, 1, 'Bank Transfer', '0000-00-00 00:00:00', '2020-01-08 14:28:18', '2020-01-08 14:28:18'),
(2, 3, 1, '', '0000-00-00 00:00:00', '2020-01-08 09:58:51', '2020-01-08 09:58:51'),
(3, 4, 1, '', '0000-00-00 00:00:00', '2020-01-08 10:03:17', '2020-01-08 10:03:17'),
(4, 3, 1, '', '0000-00-00 00:00:00', '2020-01-08 11:37:40', '2020-01-08 11:37:40'),
(5, 5, 1, 'Bank deposite', '0000-00-00 00:00:00', '2020-01-16 16:59:37', '2020-01-16 16:59:37'),
(6, 3, 2, '', '0000-00-00 00:00:00', '2020-01-16 12:29:43', '2020-01-16 12:29:43'),
(7, 4, 2, '', '0000-00-00 00:00:00', '2020-01-16 12:34:03', '2020-01-16 12:34:03'),
(8, 3, 1, '', '0000-00-00 00:00:00', '2020-01-16 12:38:54', '2020-01-16 12:38:54'),
(9, 4, 1, '', '0000-00-00 00:00:00', '2020-01-16 12:38:54', '2020-01-16 12:38:54'),
(10, 5, 1, '', '0000-00-00 00:00:00', '2020-01-16 17:11:13', '2020-01-16 17:11:13'),
(11, 3, 1, '', '0000-00-00 00:00:00', '2020-01-16 12:41:18', '2020-01-16 12:41:18'),
(12, 5, 1, 'bank', '0000-00-00 00:00:00', '2020-01-20 16:07:35', '2020-01-20 16:07:35'),
(13, 3, 1, '', '0000-00-00 00:00:00', '2020-01-20 11:37:40', '2020-01-20 11:37:40'),
(14, 4, 1, '', '0000-00-00 00:00:00', '2020-01-20 11:37:40', '2020-01-20 11:37:40'),
(15, 3, 1, '', '0000-00-00 00:00:00', '2020-01-20 11:40:07', '2020-01-20 11:40:07'),
(16, 4, 1, '', '0000-00-00 00:00:00', '2020-01-20 11:40:08', '2020-01-20 11:40:08'),
(17, 5, 1, '', '0000-00-00 00:00:00', '2020-01-20 19:58:40', '2020-01-20 19:58:40'),
(18, 3, 1, '', '0000-00-00 00:00:00', '2020-01-20 15:28:45', '2020-01-20 15:28:45'),
(19, 4, 1, '', '0000-00-00 00:00:00', '2020-01-20 15:28:46', '2020-01-20 15:28:46'),
(20, 5, 1, '', '0000-00-00 00:00:00', '2020-01-24 15:17:19', '2020-01-24 15:17:19'),
(21, 3, 1, '', '0000-00-00 00:00:00', '2020-01-24 10:47:22', '2020-01-24 10:47:22'),
(22, 4, 1, '', '0000-00-00 00:00:00', '2020-01-24 10:49:44', '2020-01-24 10:49:44'),
(23, 4, 1, '', '0000-00-00 00:00:00', '2020-01-24 12:52:41', '2020-01-24 12:52:41'),
(24, 3, 1, '', '0000-00-00 00:00:00', '2020-01-25 10:22:55', '2020-01-25 10:22:55'),
(25, 3, 1, '', '0000-00-00 00:00:00', '2020-01-25 12:46:16', '2020-01-25 12:46:16'),
(26, 4, 1, '', '0000-00-00 00:00:00', '2020-01-25 12:52:30', '2020-01-25 12:52:30'),
(27, 4, 1, '', '0000-00-00 00:00:00', '2020-01-25 12:53:33', '2020-01-25 12:53:33'),
(28, 3, 1, '', '0000-00-00 00:00:00', '2020-01-25 13:23:01', '2020-01-25 13:23:01'),
(29, 6, 1, '', '0000-00-00 00:00:00', '2020-01-25 15:59:16', '2020-01-25 15:59:16'),
(30, 7, 1, '', '0000-00-00 00:00:00', '2020-01-28 21:53:42', '2020-01-28 21:53:42'),
(31, 3, 1, '', '0000-00-00 00:00:00', '2020-01-29 10:54:18', '2020-01-29 10:54:18'),
(32, 5, 1, '', '0000-00-00 00:00:00', '2020-01-29 15:46:11', '2020-01-29 15:46:11'),
(33, 3, 1, '', '0000-00-00 00:00:00', '2020-01-29 11:16:16', '2020-01-29 11:16:16'),
(34, 4, 1, '', '0000-00-00 00:00:00', '2020-01-29 11:37:28', '2020-01-29 11:37:28'),
(35, 6, 1, '', '0000-00-00 00:00:00', '2020-01-29 11:49:56', '2020-01-29 11:49:56'),
(36, 7, 1, '', '0000-00-00 00:00:00', '2020-01-29 12:15:58', '2020-01-29 12:15:58'),
(37, 3, 1, '', '0000-00-00 00:00:00', '2020-01-29 12:27:02', '2020-01-29 12:27:02'),
(38, 6, 1, '', '0000-00-00 00:00:00', '2020-01-29 12:27:52', '2020-01-29 12:27:52'),
(39, 1, 1, '', '0000-00-00 00:00:00', '2021-02-19 09:43:08', '2021-02-19 09:43:08'),
(40, 3, 1, '', '0000-00-00 00:00:00', '2021-02-19 09:43:28', '2021-02-19 09:43:28'),
(41, 4, 1, '', '0000-00-00 00:00:00', '2021-02-19 09:45:07', '2021-02-19 09:45:07'),
(42, 2, 1, '', '0000-00-00 00:00:00', '2021-02-19 09:47:29', '2021-09-26 03:52:16'),
(43, 1, 1, '', '0000-00-00 00:00:00', '2021-02-23 10:36:11', '2021-02-23 10:36:11'),
(44, 3, 1, '', '0000-00-00 00:00:00', '2021-03-14 23:28:37', '2021-03-14 23:28:37'),
(45, 3, 1, '', '0000-00-00 00:00:00', '2021-03-25 14:18:38', '2021-03-25 14:18:38'),
(46, 4, 1, '', '0000-00-00 00:00:00', '2021-03-25 14:28:41', '2021-03-25 14:28:41'),
(47, 3, 1, '', '0000-00-00 00:00:00', '2021-03-31 00:22:00', '2021-03-31 00:22:00'),
(48, 8, 1, '', '0000-00-00 00:00:00', '2021-03-31 14:43:12', '2021-03-31 14:43:12'),
(49, 9, 1, '', '0000-00-00 00:00:00', '2021-04-02 18:12:47', '2021-04-02 18:12:47'),
(50, 9, 1, '', '0000-00-00 00:00:00', '2021-04-02 18:13:31', '2021-04-02 18:13:31'),
(51, 9, 1, '', '0000-00-00 00:00:00', '2021-04-02 18:18:33', '2021-04-02 18:18:33'),
(52, 9, 1, '', '0000-00-00 00:00:00', '2021-04-02 18:18:48', '2021-04-02 18:18:48'),
(53, 9, 1, '', '0000-00-00 00:00:00', '2021-04-02 18:19:13', '2021-04-02 18:19:13'),
(54, 9, 1, '', '0000-00-00 00:00:00', '2021-04-02 18:20:01', '2021-04-02 18:20:01'),
(55, 9, 1, '', '0000-00-00 00:00:00', '2021-04-02 18:21:27', '2021-04-02 18:21:27'),
(56, 9, 1, '', '0000-00-00 00:00:00', '2021-04-02 18:24:17', '2021-04-02 18:24:17'),
(57, 9, 1, '', '0000-00-00 00:00:00', '2021-04-02 18:29:42', '2021-04-02 18:29:42'),
(58, 9, 1, '', '0000-00-00 00:00:00', '2021-04-02 18:35:33', '2021-04-02 18:35:33'),
(59, 9, 1, '', '0000-00-00 00:00:00', '2021-04-02 18:40:31', '2021-04-02 18:40:31'),
(60, 8, 0, '', '0000-00-00 00:00:00', '2021-04-06 11:15:16', '2021-04-06 11:15:16'),
(61, 8, 0, '', '0000-00-00 00:00:00', '2021-04-06 11:15:34', '2021-04-06 11:15:34'),
(62, 8, 1, '', '0000-00-00 00:00:00', '2021-04-06 11:18:36', '2021-04-06 11:18:36'),
(63, 8, 1, '', '0000-00-00 00:00:00', '2021-04-06 11:25:36', '2021-04-06 11:25:36'),
(64, 8, 1, '', '0000-00-00 00:00:00', '2021-04-06 12:16:40', '2021-04-06 12:16:40'),
(65, 3, 1, '', '0000-00-00 00:00:00', '2021-04-06 12:44:15', '2021-04-06 12:44:15'),
(66, 4, 1, '', '0000-00-00 00:00:00', '2021-04-06 12:56:31', '2021-04-06 12:56:31'),
(67, 3, 1, '', '0000-00-00 00:00:00', '2021-04-06 12:58:38', '2021-04-06 12:58:38'),
(68, 4, 1, '', '0000-00-00 00:00:00', '2021-04-06 12:59:58', '2021-04-06 12:59:58'),
(69, 3, 1, '', '0000-00-00 00:00:00', '2021-04-06 13:10:56', '2021-04-06 13:10:56'),
(70, 3, 1, '', '0000-00-00 00:00:00', '2021-04-06 13:17:24', '2021-04-06 13:17:24'),
(71, 4, 1, '', '0000-00-00 00:00:00', '2021-04-06 13:17:24', '2021-04-06 13:17:24'),
(72, 10, 1, '', '0000-00-00 00:00:00', '2021-04-06 17:03:21', '2021-04-06 17:03:21'),
(73, 10, 1, '', '0000-00-00 00:00:00', '2021-04-06 17:03:37', '2021-04-06 17:03:37'),
(74, 10, 1, '', '0000-00-00 00:00:00', '2021-04-06 17:54:48', '2021-04-06 17:54:48'),
(75, 10, 1, '', '0000-00-00 00:00:00', '2021-04-06 18:14:17', '2021-04-06 18:14:17'),
(76, 10, 1, '', '0000-00-00 00:00:00', '2021-04-06 18:28:59', '2021-04-06 18:28:59'),
(77, 10, 1, '', '0000-00-00 00:00:00', '2021-04-06 18:54:37', '2021-04-06 18:54:37'),
(78, 10, 1, '', '0000-00-00 00:00:00', '2021-04-06 19:04:49', '2021-04-06 19:04:49'),
(79, 3, 1, '', '0000-00-00 00:00:00', '2021-04-09 07:08:39', '2021-04-09 07:08:39'),
(80, 4, 1, '', '0000-00-00 00:00:00', '2021-04-09 07:18:29', '2021-04-09 07:18:29'),
(81, 3, 1, '', '0000-00-00 00:00:00', '2021-04-15 10:44:20', '2021-04-15 10:44:20'),
(82, 3, 1, '', '0000-00-00 00:00:00', '2021-05-09 14:13:50', '2021-05-09 14:13:50'),
(83, 11, 1, '', '0000-00-00 00:00:00', '2021-05-09 22:44:11', '2021-05-09 22:44:11'),
(84, 3, 1, '', '0000-00-00 00:00:00', '2021-05-27 07:58:50', '2021-05-27 07:58:50'),
(85, 4, 1, '', '0000-00-00 00:00:00', '2021-05-27 08:11:09', '2021-05-27 08:11:09'),
(86, 3, 1, '', '0000-00-00 00:00:00', '2021-05-27 08:18:27', '2021-05-27 08:18:27'),
(87, 4, 1, '', '0000-00-00 00:00:00', '2021-05-27 08:20:29', '2021-05-27 08:20:29'),
(88, 3, 1, '', '0000-00-00 00:00:00', '2021-05-27 08:23:13', '2021-05-27 08:23:13'),
(89, 6, 1, '', '0000-00-00 00:00:00', '2021-05-27 08:30:45', '2021-05-27 08:30:45'),
(90, 7, 1, '', '0000-00-00 00:00:00', '2021-05-27 08:38:04', '2021-05-27 08:38:04'),
(91, 8, 1, '', '0000-00-00 00:00:00', '2021-06-10 18:21:03', '2021-06-10 18:21:03'),
(92, 8, 1, '', '0000-00-00 00:00:00', '2021-06-10 18:24:18', '2021-06-10 18:24:18'),
(93, 5, 1, 'Test Case', '0000-00-00 00:00:00', '2021-06-11 01:52:34', '2021-06-11 01:52:34'),
(94, 3, 1, '', '0000-00-00 00:00:00', '2021-06-11 13:58:54', '2021-06-11 13:58:54'),
(95, 4, 1, '', '0000-00-00 00:00:00', '2021-06-11 14:09:33', '2021-06-11 14:09:33'),
(96, 3, 1, '', '0000-00-00 00:00:00', '2021-06-11 14:10:57', '2021-06-11 14:10:57'),
(97, 4, 1, '', '0000-00-00 00:00:00', '2021-06-11 14:12:34', '2021-06-11 14:12:34'),
(98, 3, 1, '', '0000-00-00 00:00:00', '2021-06-11 14:18:22', '2021-06-11 14:18:22'),
(99, 6, 1, '', '0000-00-00 00:00:00', '2021-06-11 14:19:28', '2021-06-11 14:19:28'),
(100, 7, 1, '', '0000-00-00 00:00:00', '2021-06-11 14:30:30', '2021-06-11 14:30:30'),
(101, 3, 1, '', '0000-00-00 00:00:00', '2021-07-07 17:01:13', '2021-07-07 17:01:13'),
(102, 1, 1, '', '0000-00-00 00:00:00', '2021-12-07 15:29:16', '2021-12-07 15:29:16'),
(103, 3, 1, '', '0000-00-00 00:00:00', '2021-12-07 15:30:10', '2021-12-07 15:30:10'),
(104, 1, 1, '', '0000-00-00 00:00:00', '2021-12-07 15:31:06', '2021-12-07 15:31:06'),
(105, 4, 1, '', '0000-00-00 00:00:00', '2021-12-07 15:39:23', '2021-12-07 15:39:23'),
(106, 3, 1, '', '0000-00-00 00:00:00', '2021-12-07 15:41:32', '2021-12-07 15:41:32'),
(107, 3, 1, '', '0000-00-00 00:00:00', '2021-12-07 15:57:25', '2021-12-07 15:57:25'),
(108, 6, 1, '', '0000-00-00 00:00:00', '2021-12-07 16:00:03', '2021-12-07 16:00:03'),
(109, 7, 1, '', '0000-00-00 00:00:00', '2021-12-07 16:03:15', '2021-12-07 16:03:15'),
(110, 4, 1, '', '0000-00-00 00:00:00', '2021-12-07 16:05:54', '2021-12-07 16:05:54'),
(111, 3, 1, '', '0000-00-00 00:00:00', '2021-12-30 16:14:40', '2021-12-30 16:14:40'),
(112, 2, 1, '', '0000-00-00 00:00:00', '2022-02-09 02:28:41', '2022-02-09 11:26:04'),
(113, 3, 1, '', '0000-00-00 00:00:00', '2022-02-09 05:19:04', '2022-02-09 05:19:04'),
(114, 4, 1, '', '0000-00-00 00:00:00', '2022-02-09 05:23:19', '2022-02-09 05:23:19'),
(115, 3, 1, '', '0000-00-00 00:00:00', '2022-02-09 13:05:04', '2022-02-09 13:05:04'),
(116, 3, 1, '', '0000-00-00 00:00:00', '2022-02-09 13:07:37', '2022-02-09 13:07:37'),
(117, 4, 1, '', '0000-00-00 00:00:00', '2022-02-09 13:09:22', '2022-02-09 13:09:22'),
(118, 3, 1, '', '0000-00-00 00:00:00', '2022-02-09 13:24:14', '2022-02-09 13:24:14'),
(119, 4, 1, '', '0000-00-00 00:00:00', '2022-02-09 13:24:14', '2022-02-09 13:24:14'),
(120, 2, 2, '', '0000-00-00 00:00:00', '2022-02-09 13:48:23', '2022-03-03 17:22:31'),
(121, 3, 1, '', '0000-00-00 00:00:00', '2022-02-10 01:00:59', '2022-02-10 01:00:59'),
(122, 3, 1, '', '0000-00-00 00:00:00', '2022-02-10 01:02:20', '2022-02-10 01:02:20'),
(123, 4, 1, '', '0000-00-00 00:00:00', '2022-02-12 00:38:06', '2022-02-12 00:38:06'),
(124, 2, 1, '', '0000-00-00 00:00:00', '2022-02-14 11:07:55', '2022-02-25 14:54:13'),
(125, 3, 1, '', '0000-00-00 00:00:00', '2022-02-15 01:02:16', '2022-02-15 01:02:16'),
(126, 4, 1, '', '0000-00-00 00:00:00', '2022-02-15 02:32:24', '2022-02-15 02:32:24'),
(127, 3, 1, '', '0000-00-00 00:00:00', '2022-02-15 03:23:29', '2022-02-15 03:23:29'),
(128, 4, 1, '', '0000-00-00 00:00:00', '2022-02-15 03:23:29', '2022-02-15 03:23:29'),
(129, 3, 1, '', '0000-00-00 00:00:00', '2022-02-15 12:38:36', '2022-02-15 12:38:36'),
(130, 6, 1, '', '0000-00-00 00:00:00', '2022-02-15 12:38:56', '2022-02-15 12:38:56'),
(131, 5, 1, 'no', '0000-00-00 00:00:00', '2022-03-03 15:49:20', '2022-03-03 15:49:20'),
(132, 3, 1, '', '0000-00-00 00:00:00', '2022-03-03 10:19:49', '2022-03-03 10:19:49'),
(133, 4, 1, '', '0000-00-00 00:00:00', '2022-03-03 10:22:23', '2022-03-03 10:22:23'),
(134, 3, 1, '', '0000-00-00 00:00:00', '2022-03-03 10:39:14', '2022-03-03 10:39:14'),
(135, 5, 1, '', '0000-00-00 00:00:00', '2022-03-03 17:45:42', '2022-03-03 17:45:42'),
(136, 5, 1, '', '0000-00-00 00:00:00', '2022-03-03 17:45:43', '2022-03-03 17:45:43'),
(137, 3, 1, '', '0000-00-00 00:00:00', '2022-03-03 12:34:31', '2022-03-03 12:34:31'),
(138, 4, 1, '', '0000-00-00 00:00:00', '2022-03-03 12:36:27', '2022-03-03 12:36:27'),
(139, 11, 1, '', '0000-00-00 00:00:00', '2022-03-03 13:17:00', '2022-03-03 13:17:00'),
(140, 2, 2, '', '0000-00-00 00:00:00', '2022-03-03 13:54:13', '2022-03-03 19:24:47'),
(141, 3, 1, '', '0000-00-00 00:00:00', '2022-03-11 06:42:58', '2022-03-11 06:42:58'),
(142, 6, 1, '', '0000-00-00 00:00:00', '2022-03-11 06:50:21', '2022-03-11 06:50:21'),
(143, 2, 1, '', '0000-00-00 00:00:00', '2022-03-12 07:55:05', '2022-03-30 11:25:13'),
(144, 2, 0, '', '0000-00-00 00:00:00', '2022-03-12 07:55:53', '2022-03-12 07:55:53'),
(145, 3, 1, '', '0000-00-00 00:00:00', '2022-03-13 03:37:13', '2022-03-13 03:37:13'),
(146, 4, 1, '', '0000-00-00 00:00:00', '2022-03-13 03:41:21', '2022-03-13 03:41:21'),
(147, 7, 1, '', '0000-00-00 00:00:00', '2022-03-22 17:54:11', '2022-03-22 17:54:11'),
(148, 3, 1, '', '0000-00-00 00:00:00', '2022-03-22 18:35:55', '2022-03-22 18:35:55'),
(149, 4, 1, '', '0000-00-00 00:00:00', '2022-03-22 18:44:07', '2022-03-22 18:44:07'),
(150, 5, 1, 'Dispute for Project A', '0000-00-00 00:00:00', '2022-03-24 06:47:44', '2022-03-24 06:47:44'),
(151, 7, 1, '', '0000-00-00 00:00:00', '2022-03-24 06:48:35', '2022-03-24 06:48:35'),
(152, 5, 1, '', '0000-00-00 00:00:00', '2022-03-24 06:50:33', '2022-03-24 06:50:33'),
(153, 3, 1, '', '0000-00-00 00:00:00', '2022-03-24 02:19:57', '2022-03-24 02:19:57'),
(154, 6, 1, '', '0000-00-00 00:00:00', '2022-03-24 02:26:56', '2022-03-24 02:26:56'),
(155, 7, 1, '', '0000-00-00 00:00:00', '2022-03-24 03:04:20', '2022-03-24 03:04:20'),
(156, 3, 1, '', '0000-00-00 00:00:00', '2022-03-24 03:04:42', '2022-03-24 03:04:42'),
(157, 6, 1, '', '0000-00-00 00:00:00', '2022-03-24 05:57:47', '2022-03-24 05:57:47'),
(158, 7, 1, '', '0000-00-00 00:00:00', '2022-03-24 11:36:32', '2022-03-24 11:36:32'),
(159, 3, 1, '', '0000-00-00 00:00:00', '2022-03-25 06:21:49', '2022-03-25 06:21:49'),
(160, 3, 1, '', '0000-00-00 00:00:00', '2022-03-28 14:38:29', '2022-03-28 14:38:29'),
(161, 4, 1, '', '0000-00-00 00:00:00', '2022-03-28 14:49:30', '2022-03-28 14:49:30'),
(162, 3, 1, '', '0000-00-00 00:00:00', '2022-03-28 14:54:03', '2022-03-28 14:54:03'),
(163, 6, 1, '', '0000-00-00 00:00:00', '2022-03-28 14:56:46', '2022-03-28 14:56:46'),
(164, 7, 1, '', '0000-00-00 00:00:00', '2022-03-28 15:02:18', '2022-03-28 15:02:18'),
(165, 2, 2, '', '0000-00-00 00:00:00', '2022-04-01 17:45:29', '2022-07-18 16:44:25'),
(166, 2, 0, '', '0000-00-00 00:00:00', '2022-04-04 14:08:43', '2022-04-04 14:08:43'),
(167, 3, 1, '', '0000-00-00 00:00:00', '2022-04-06 04:51:43', '2022-04-06 04:51:43'),
(168, 3, 1, '', '0000-00-00 00:00:00', '2022-04-11 01:20:39', '2022-04-11 01:20:39'),
(169, 3, 1, '', '0000-00-00 00:00:00', '2022-04-11 03:42:22', '2022-04-11 03:42:22'),
(170, 2, 1, '', '0000-00-00 00:00:00', '2022-04-12 06:42:21', '2022-05-13 17:39:57'),
(171, 3, 1, '', '0000-00-00 00:00:00', '2022-04-12 09:36:33', '2022-04-12 09:36:33'),
(172, 3, 1, '', '0000-00-00 00:00:00', '2022-04-12 09:44:13', '2022-04-12 09:44:13'),
(173, 1, 1, '', '0000-00-00 00:00:00', '2022-04-19 08:25:06', '2022-04-19 08:25:06'),
(174, 1, 1, '', '0000-00-00 00:00:00', '2022-04-19 08:26:33', '2022-04-19 08:26:33'),
(175, 8, 1, '', '0000-00-00 00:00:00', '2022-04-19 11:01:38', '2022-04-19 11:01:38'),
(176, 5, 1, '', '0000-00-00 00:00:00', '2022-05-26 17:08:28', '2022-05-26 17:08:28'),
(177, 2, 1, '', '0000-00-00 00:00:00', '2022-05-26 11:48:49', '2022-05-26 17:36:26'),
(178, 3, 1, '', '0000-00-00 00:00:00', '2022-05-27 08:18:10', '2022-05-27 08:18:10'),
(179, 4, 1, '', '0000-00-00 00:00:00', '2022-05-27 08:23:31', '2022-05-27 08:23:31'),
(180, 3, 1, '', '0000-00-00 00:00:00', '2022-06-09 18:41:36', '2022-06-09 18:41:36'),
(181, 3, 1, '', '0000-00-00 00:00:00', '2022-07-17 03:11:43', '2022-07-17 03:11:43'),
(182, 5, 1, '', '0000-00-00 00:00:00', '2022-07-25 01:14:40', '2022-07-25 01:14:40'),
(183, 11, 1, '', '0000-00-00 00:00:00', '2022-07-24 19:45:12', '2022-07-24 19:45:12'),
(184, 11, 1, '', '0000-00-00 00:00:00', '2022-07-24 19:45:45', '2022-07-24 19:45:45'),
(185, 11, 1, '', '0000-00-00 00:00:00', '2022-07-24 19:46:29', '2022-07-24 19:46:29'),
(186, 3, 1, '', '0000-00-00 00:00:00', '2022-07-24 19:52:00', '2022-07-24 19:52:00'),
(187, 4, 1, '', '0000-00-00 00:00:00', '2022-07-24 19:53:31', '2022-07-24 19:53:31'),
(188, 2, 1, '', '0000-00-00 00:00:00', '2022-07-24 19:57:38', '2022-07-25 01:28:38'),
(189, 5, 1, 'test', '0000-00-00 00:00:00', '2022-08-01 12:49:51', '2022-08-01 12:49:51'),
(190, 5, 1, 'test', '0000-00-00 00:00:00', '2022-08-18 00:23:55', '2022-08-18 00:23:55'),
(191, 5, 1, '', '0000-00-00 00:00:00', '2022-08-18 00:59:22', '2022-08-18 00:59:22'),
(192, 5, 1, '', '0000-00-00 00:00:00', '2022-08-18 01:02:07', '2022-08-18 01:02:07'),
(193, 5, 1, '', '0000-00-00 00:00:00', '2022-08-18 01:02:17', '2022-08-18 01:02:17'),
(194, 2, 1, '', '0000-00-00 00:00:00', '2022-08-24 02:10:55', '2022-09-21 01:15:37'),
(195, 3, 1, '', '0000-00-00 00:00:00', '2022-08-25 00:12:20', '2022-08-25 00:12:20'),
(196, 3, 1, '', '0000-00-00 00:00:00', '2022-10-18 13:44:19', '2022-10-18 13:44:19'),
(197, 3, 1, '', '0000-00-00 00:00:00', '2022-10-18 15:00:48', '2022-10-18 15:00:48'),
(198, 4, 1, '', '0000-00-00 00:00:00', '2022-10-18 15:00:48', '2022-10-18 15:00:48'),
(199, 2, 1, '', '0000-00-00 00:00:00', '2022-10-18 15:23:46', '2022-10-18 20:54:47'),
(200, 2, 1, '', '0000-00-00 00:00:00', '2022-11-30 14:30:55', '2022-11-30 20:05:45'),
(201, 3, 1, '', '0000-00-00 00:00:00', '2023-02-02 09:45:30', '2023-02-02 09:45:30'),
(202, 3, 1, '', '0000-00-00 00:00:00', '2023-02-02 09:45:31', '2023-02-02 09:45:31'),
(203, 3, 1, '', '0000-00-00 00:00:00', '2023-02-02 09:51:05', '2023-02-02 09:51:05'),
(204, 11, 1, '', '0000-00-00 00:00:00', '2023-02-11 16:05:23', '2023-02-11 16:05:23'),
(205, 11, 1, '', '0000-00-00 00:00:00', '2023-02-15 09:57:56', '2023-02-15 09:57:56'),
(206, 11, 1, '', '0000-00-00 00:00:00', '2023-03-17 12:37:05', '2023-03-17 12:37:05'),
(207, 3, 1, '', '0000-00-00 00:00:00', '2023-03-17 13:23:11', '2023-03-17 13:23:11'),
(208, 2, 0, '', '0000-00-00 00:00:00', '2023-05-03 09:10:45', '2023-05-03 09:10:45'),
(209, 3, 1, '', '0000-00-00 00:00:00', '2023-05-05 10:09:04', '2023-05-05 10:09:04'),
(210, 3, 1, '', '0000-00-00 00:00:00', '2023-05-05 10:09:20', '2023-05-05 10:09:20'),
(211, 5, 1, 'urgent need', '0000-00-00 00:00:00', '2023-06-13 13:21:06', '2023-06-13 13:21:06'),
(212, 3, 1, '', '0000-00-00 00:00:00', '2023-06-13 07:51:13', '2023-06-13 07:51:13'),
(213, 3, 1, '', '0000-00-00 00:00:00', '2023-06-13 08:04:43', '2023-06-13 08:04:43'),
(214, 4, 1, '', '0000-00-00 00:00:00', '2023-06-13 08:06:07', '2023-06-13 08:06:07'),
(215, 3, 1, '', '0000-00-00 00:00:00', '2023-06-14 07:10:40', '2023-06-14 07:10:40'),
(216, 4, 1, '', '0000-00-00 00:00:00', '2023-06-14 08:06:18', '2023-06-14 08:06:18'),
(217, 3, 1, '', '0000-00-00 00:00:00', '2023-06-14 08:09:54', '2023-06-14 08:09:54'),
(218, 6, 1, '', '0000-00-00 00:00:00', '2023-06-14 08:19:54', '2023-06-14 08:19:54'),
(219, 3, 1, '', '0000-00-00 00:00:00', '2023-06-14 09:31:50', '2023-06-14 09:31:50'),
(220, 6, 1, '', '0000-00-00 00:00:00', '2023-06-14 09:33:48', '2023-06-14 09:33:48'),
(221, 7, 1, '', '0000-00-00 00:00:00', '2023-06-14 10:17:35', '2023-06-14 10:17:35'),
(222, 3, 1, '', '0000-00-00 00:00:00', '2023-06-14 11:24:25', '2023-06-14 11:24:25'),
(223, 4, 1, '', '0000-00-00 00:00:00', '2023-06-14 11:27:01', '2023-06-14 11:27:01'),
(224, 3, 1, '', '0000-00-00 00:00:00', '2023-06-14 11:28:17', '2023-06-14 11:28:17'),
(225, 4, 1, '', '0000-00-00 00:00:00', '2023-06-14 11:29:55', '2023-06-14 11:29:55'),
(226, 3, 1, '', '0000-00-00 00:00:00', '2023-06-14 11:31:40', '2023-06-14 11:31:40'),
(227, 4, 1, '', '0000-00-00 00:00:00', '2023-06-14 11:32:41', '2023-06-14 11:32:41'),
(228, 5, 1, 'test', '0000-00-00 00:00:00', '2023-06-14 17:50:22', '2023-06-14 17:50:22'),
(229, 3, 1, '', '0000-00-00 00:00:00', '2023-06-14 12:22:07', '2023-06-14 12:22:07'),
(230, 5, 1, 'test', '0000-00-00 00:00:00', '2023-06-14 17:52:40', '2023-06-14 17:52:40'),
(231, 3, 1, '', '0000-00-00 00:00:00', '2023-06-14 12:22:51', '2023-06-14 12:22:51'),
(232, 4, 1, '', '0000-00-00 00:00:00', '2023-06-14 12:37:33', '2023-06-14 12:37:33'),
(233, 3, 1, '', '0000-00-00 00:00:00', '2023-06-15 06:55:51', '2023-06-15 06:55:51'),
(234, 4, 1, '', '0000-00-00 00:00:00', '2023-06-15 06:55:51', '2023-06-15 06:55:51'),
(235, 3, 1, '', '0000-00-00 00:00:00', '2023-06-15 07:22:14', '2023-06-15 07:22:14'),
(236, 3, 1, '', '0000-00-00 00:00:00', '2023-06-15 09:39:05', '2023-06-15 09:39:05'),
(237, 6, 1, '', '0000-00-00 00:00:00', '2023-06-15 09:45:04', '2023-06-15 09:45:04'),
(238, 3, 1, '', '0000-00-00 00:00:00', '2023-06-15 09:54:38', '2023-06-15 09:54:38'),
(239, 4, 1, '', '0000-00-00 00:00:00', '2023-06-15 09:54:38', '2023-06-15 09:54:38'),
(240, 3, 1, '', '0000-00-00 00:00:00', '2023-06-15 09:56:45', '2023-06-15 09:56:45'),
(241, 6, 1, '', '0000-00-00 00:00:00', '2023-06-15 10:06:55', '2023-06-15 10:06:55'),
(242, 3, 1, '', '0000-00-00 00:00:00', '2023-06-15 10:16:38', '2023-06-15 10:16:38'),
(243, 6, 1, '', '0000-00-00 00:00:00', '2023-12-29 06:54:49', '2023-12-29 06:54:49');

-- --------------------------------------------------------

--
-- Table structure for table `pref_wallet_transaction_row`
--

CREATE TABLE `pref_wallet_transaction_row` (
  `wallet_transaction_row_id` int(11) NOT NULL,
  `wallet_transaction_id` int(11) NOT NULL,
  `wallet_id` int(11) NOT NULL,
  `debit` decimal(10,4) NOT NULL,
  `credit` decimal(10,4) NOT NULL,
  `description_tkey` varchar(45) NOT NULL,
  `relational_data` varchar(255) NOT NULL,
  `ref_data_cell` text NOT NULL
) ENGINE=InnoDB DEFAULT CHARSET=utf8;

--
-- Dumping data for table `pref_wallet_transaction_row`
--

INSERT INTO `pref_wallet_transaction_row` (`wallet_transaction_row_id`, `wallet_transaction_id`, `wallet_id`, `debit`, `credit`, `description_tkey`, `relational_data`, `ref_data_cell`) VALUES
(1, 1, 26, '20.0000', '0.0000', 'Payment_from', 'Bank', '{\"FW\":\"Bank Wallet\",\"TW\":\"Originatesoft wallet\",\"TP\":\"Payment_Payment\"}'),
(2, 1, 11, '0.0000', '20.0000', 'Payment_from', 'Bank', '{\"FW\":\"Bank Wallet\",\"TW\":\"Originatesoft wallet\",\"TP\":\"Wallet_Topup\"}'),
(3, 2, 11, '10.0000', '0.0000', 'Project_Payment', 'Escrow Deposit', '{\"FW\":\"Originatesoft wallet\",\"TW\":\"Escrow Wallet\",\"TP\":\"Ecrow_Payment\",\"PID\":\"6\",\"CID\":1}'),
(4, 2, 20, '0.0000', '10.0000', 'Project_Payment', 'Escrow Deposit', '{\"FW\":\"Originatesoft wallet\",\"TW\":\"Escrow Wallet\",\"TP\":\"Ecrow_Payment\",\"PID\":\"6\",\"CID\":1}'),
(5, 3, 20, '10.0000', '0.0000', 'Project_Payment', 'Escrow Release', '{\"FW\":\"Escrow Wallet\",\"TW\":\"Asharam Pakhira New wallet\",\"TP\":\"Ecrow_Payment\",\"PID\":\"6\",\"CID\":\"1\",\"CMID\":\"1\"}'),
(6, 3, 21, '0.0000', '10.0000', 'Project_Payment', 'Escrow Release', '{\"FW\":\"Escrow Wallet\",\"TW\":\"Asharam Pakhira New wallet\",\"TP\":\"Ecrow_Payment\",\"PID\":\"6\",\"CID\":\"1\",\"CMID\":\"1\"}'),
(7, 3, 21, '0.5000', '0.0000', 'Project_Commision_', '5%', '{\"FW\":\"Asharam Pakhira New wallet\",\"TW\":\"Site Profit Wallet\",\"TP\":\"Commission_Payment\",\"PID\":\"6\",\"CID\":\"1\",\"CMID\":\"1\"}'),
(8, 3, 17, '0.0000', '0.5000', 'Project_Commision', '5%', '{\"FW\":\"Asharam Pakhira New wallet\",\"TW\":\"Site Profit Wallet\",\"TP\":\"Commission_Payment\",\"PID\":\"6\",\"CID\":\"1\",\"CMID\":\"1\"}'),
(9, 4, 11, '5.0000', '0.0000', 'Project_Payment', 'Escrow Deposit', '{\"FW\":\"Originatesoft wallet\",\"TW\":\"Escrow Wallet\",\"TP\":\"Ecrow_Payment\",\"PID\":\"6\",\"CID\":\"1\"}'),
(10, 4, 20, '0.0000', '5.0000', 'Project_Payment', 'Escrow Deposit', '{\"FW\":\"Originatesoft wallet\",\"TW\":\"Escrow Wallet\",\"TP\":\"Ecrow_Payment\",\"PID\":\"6\",\"CID\":\"1\"}'),
(11, 5, 26, '13.0000', '0.0000', 'Payment_from', 'Bank', '{\"FW\":\"Bank Wallet\",\"TW\":\"Originatesoft wallet\",\"TP\":\"Payment_Payment\"}'),
(12, 5, 11, '0.0000', '13.0000', 'Payment_from', 'Bank', '{\"FW\":\"Bank Wallet\",\"TW\":\"Originatesoft wallet\",\"TP\":\"Wallet_Topup\"}'),
(13, 6, 11, '18.0000', '0.0000', 'Project_Payment', 'Escrow Deposit', '{\"FW\":\"Originatesoft wallet\",\"TW\":\"Escrow Wallet\",\"TP\":\"Ecrow_Payment\",\"PID\":\"6\",\"CID\":\"2\"}'),
(14, 6, 20, '0.0000', '18.0000', 'Project_Payment', 'Escrow Deposit', '{\"FW\":\"Originatesoft wallet\",\"TW\":\"Escrow Wallet\",\"TP\":\"Ecrow_Payment\",\"PID\":\"6\",\"CID\":\"2\"}'),
(15, 7, 20, '18.0000', '0.0000', 'Project_Payment', 'Escrow Release', '{\"FW\":\"Escrow Wallet\",\"TW\":\"Asharam Pakhira New wallet\",\"TP\":\"Ecrow_Payment\",\"PID\":\"6\",\"CID\":\"2\",\"CMID\":null}'),
(16, 7, 21, '0.0000', '18.0000', 'Project_Payment', 'Escrow Release', '{\"FW\":\"Escrow Wallet\",\"TW\":\"Asharam Pakhira New wallet\",\"TP\":\"Ecrow_Payment\",\"PID\":\"6\",\"CID\":\"2\",\"CMID\":null}'),
(17, 7, 21, '0.9000', '0.0000', 'Project_Commision_', '5%', '{\"FW\":\"Asharam Pakhira New wallet\",\"TW\":\"Site Profit Wallet\",\"TP\":\"Commission_Payment\",\"PID\":\"6\",\"CID\":\"2\",\"CMID\":null}'),
(18, 7, 17, '0.0000', '0.9000', 'Project_Commision', '5%', '{\"FW\":\"Asharam Pakhira New wallet\",\"TW\":\"Site Profit Wallet\",\"TP\":\"Commission_Payment\",\"PID\":\"6\",\"CID\":\"2\",\"CMID\":null}'),
(19, 8, 11, '18.0000', '0.0000', 'Project_Payment', 'Escrow Deposit', '{\"FW\":\"Originatesoft wallet\",\"TW\":\"Escrow Wallet\",\"TP\":\"Ecrow_Payment\",\"PID\":\"6\",\"CID\":\"2\"}'),
(20, 8, 20, '0.0000', '18.0000', 'Project_Payment', 'Escrow Deposit', '{\"FW\":\"Originatesoft wallet\",\"TW\":\"Escrow Wallet\",\"TP\":\"Ecrow_Payment\",\"PID\":\"6\",\"CID\":\"2\"}'),
(21, 9, 20, '18.0000', '0.0000', 'Project_Payment', 'Escrow Release', '{\"FW\":\"Escrow Wallet\",\"TW\":\"Asharam Pakhira New wallet\",\"TP\":\"Ecrow_Payment\",\"PID\":\"6\",\"CID\":\"2\",\"CMID\":null}'),
(22, 9, 21, '0.0000', '18.0000', 'Project_Payment', 'Escrow Release', '{\"FW\":\"Escrow Wallet\",\"TW\":\"Asharam Pakhira New wallet\",\"TP\":\"Ecrow_Payment\",\"PID\":\"6\",\"CID\":\"2\",\"CMID\":null}'),
(23, 9, 21, '0.9000', '0.0000', 'Project_Commision_', '5%', '{\"FW\":\"Asharam Pakhira New wallet\",\"TW\":\"Site Profit Wallet\",\"TP\":\"Commission_Payment\",\"PID\":\"6\",\"CID\":\"2\",\"CMID\":null}'),
(24, 9, 17, '0.0000', '0.9000', 'Project_Commision', '5%', '{\"FW\":\"Asharam Pakhira New wallet\",\"TW\":\"Site Profit Wallet\",\"TP\":\"Commission_Payment\",\"PID\":\"6\",\"CID\":\"2\",\"CMID\":null}'),
(25, 10, 26, '50.0000', '0.0000', 'Payment_from', 'Bank', '{\"FW\":\"Bank Wallet\",\"TW\":\"Originatesoft wallet\",\"TP\":\"Payment_Payment\"}'),
(26, 10, 11, '0.0000', '50.0000', 'Payment_from', 'Bank', '{\"FW\":\"Bank Wallet\",\"TW\":\"Originatesoft wallet\",\"TP\":\"Wallet_Topup\"}'),
(27, 11, 11, '50.0000', '0.0000', 'Project_Payment', 'Escrow Deposit', '{\"FW\":\"Originatesoft wallet\",\"TW\":\"Escrow Wallet\",\"TP\":\"Ecrow_Payment\",\"PID\":\"6\",\"CID\":\"2\"}'),
(28, 11, 20, '0.0000', '50.0000', 'Project_Payment', 'Escrow Deposit', '{\"FW\":\"Originatesoft wallet\",\"TW\":\"Escrow Wallet\",\"TP\":\"Ecrow_Payment\",\"PID\":\"6\",\"CID\":\"2\"}'),
(29, 12, 26, '100.0000', '0.0000', 'Payment_from', 'Bank', '{\"FW\":\"Bank Wallet\",\"TW\":\"Originatesoft wallet\",\"TP\":\"Payment_Payment\"}'),
(30, 12, 11, '0.0000', '100.0000', 'Payment_from', 'Bank', '{\"FW\":\"Bank Wallet\",\"TW\":\"Originatesoft wallet\",\"TP\":\"Wallet_Topup\"}'),
(31, 13, 11, '25.0000', '0.0000', 'Project_Payment', 'Escrow Deposit', '{\"FW\":\"Originatesoft wallet\",\"TW\":\"Escrow Wallet\",\"TP\":\"Ecrow_Payment\",\"PID\":\"6\",\"CID\":\"1\"}'),
(32, 13, 20, '0.0000', '25.0000', 'Project_Payment', 'Escrow Deposit', '{\"FW\":\"Originatesoft wallet\",\"TW\":\"Escrow Wallet\",\"TP\":\"Ecrow_Payment\",\"PID\":\"6\",\"CID\":\"1\"}'),
(33, 14, 20, '30.0000', '0.0000', 'Project_Payment', 'Escrow Release', '{\"FW\":\"Escrow Wallet\",\"TW\":\"Asharam Pakhira New wallet\",\"TP\":\"Ecrow_Payment\",\"PID\":\"6\",\"CID\":\"1\",\"CMID\":\"2\"}'),
(34, 14, 21, '0.0000', '30.0000', 'Project_Payment', 'Escrow Release', '{\"FW\":\"Escrow Wallet\",\"TW\":\"Asharam Pakhira New wallet\",\"TP\":\"Ecrow_Payment\",\"PID\":\"6\",\"CID\":\"1\",\"CMID\":\"2\"}'),
(35, 14, 21, '1.5000', '0.0000', 'Project_Commision_', '5%', '{\"FW\":\"Asharam Pakhira New wallet\",\"TW\":\"Site Profit Wallet\",\"TP\":\"Commission_Payment\",\"PID\":\"6\",\"CID\":\"1\",\"CMID\":\"2\"}'),
(36, 14, 17, '0.0000', '1.5000', 'Project_Commision', '5%', '{\"FW\":\"Asharam Pakhira New wallet\",\"TW\":\"Site Profit Wallet\",\"TP\":\"Commission_Payment\",\"PID\":\"6\",\"CID\":\"1\",\"CMID\":\"2\"}'),
(37, 15, 11, '30.0000', '0.0000', 'Project_Payment', 'Escrow Deposit', '{\"FW\":\"Originatesoft wallet\",\"TW\":\"Escrow Wallet\",\"TP\":\"Ecrow_Payment\",\"PID\":\"6\",\"CID\":\"1\"}'),
(38, 15, 20, '0.0000', '30.0000', 'Project_Payment', 'Escrow Deposit', '{\"FW\":\"Originatesoft wallet\",\"TW\":\"Escrow Wallet\",\"TP\":\"Ecrow_Payment\",\"PID\":\"6\",\"CID\":\"1\"}'),
(39, 16, 20, '30.0000', '0.0000', 'Project_Payment', 'Escrow Release', '{\"FW\":\"Escrow Wallet\",\"TW\":\"Asharam Pakhira New wallet\",\"TP\":\"Ecrow_Payment\",\"PID\":\"6\",\"CID\":\"1\",\"CMID\":\"2\"}'),
(40, 16, 21, '0.0000', '30.0000', 'Project_Payment', 'Escrow Release', '{\"FW\":\"Escrow Wallet\",\"TW\":\"Asharam Pakhira New wallet\",\"TP\":\"Ecrow_Payment\",\"PID\":\"6\",\"CID\":\"1\",\"CMID\":\"2\"}'),
(41, 16, 21, '1.5000', '0.0000', 'Project_Commision_', '5%', '{\"FW\":\"Asharam Pakhira New wallet\",\"TW\":\"Site Profit Wallet\",\"TP\":\"Commission_Payment\",\"PID\":\"6\",\"CID\":\"1\",\"CMID\":\"2\"}'),
(42, 16, 17, '0.0000', '1.5000', 'Project_Commision', '5%', '{\"FW\":\"Asharam Pakhira New wallet\",\"TW\":\"Site Profit Wallet\",\"TP\":\"Commission_Payment\",\"PID\":\"6\",\"CID\":\"1\",\"CMID\":\"2\"}'),
(43, 17, 26, '15.0000', '0.0000', 'Payment_from', 'Bank', '{\"FW\":\"Bank Wallet\",\"TW\":\"Originatesoft wallet\",\"TP\":\"Payment_Payment\"}'),
(44, 17, 11, '0.0000', '15.0000', 'Payment_from', 'Bank', '{\"FW\":\"Bank Wallet\",\"TW\":\"Originatesoft wallet\",\"TP\":\"Wallet_Topup\"}'),
(45, 18, 11, '60.0000', '0.0000', 'Project_Payment', 'Escrow Deposit', '{\"FW\":\"Originatesoft wallet\",\"TW\":\"Escrow Wallet\",\"TP\":\"Ecrow_Payment\",\"PID\":\"6\",\"CID\":\"1\"}'),
(46, 18, 20, '0.0000', '60.0000', 'Project_Payment', 'Escrow Deposit', '{\"FW\":\"Originatesoft wallet\",\"TW\":\"Escrow Wallet\",\"TP\":\"Ecrow_Payment\",\"PID\":\"6\",\"CID\":\"1\"}'),
(47, 19, 20, '60.0000', '0.0000', 'Project_Payment', 'Escrow Release', '{\"FW\":\"Escrow Wallet\",\"TW\":\"Asharam Pakhira New wallet\",\"TP\":\"Ecrow_Payment\",\"PID\":\"6\",\"CID\":\"1\",\"CMID\":\"3\"}'),
(48, 19, 21, '0.0000', '60.0000', 'Project_Payment', 'Escrow Release', '{\"FW\":\"Escrow Wallet\",\"TW\":\"Asharam Pakhira New wallet\",\"TP\":\"Ecrow_Payment\",\"PID\":\"6\",\"CID\":\"1\",\"CMID\":\"3\"}'),
(49, 19, 21, '3.0000', '0.0000', 'Project_Commision_', '5%', '{\"FW\":\"Asharam Pakhira New wallet\",\"TW\":\"Site Profit Wallet\",\"TP\":\"Commission_Payment\",\"PID\":\"6\",\"CID\":\"1\",\"CMID\":\"3\"}'),
(50, 19, 17, '0.0000', '3.0000', 'Project_Commision', '5%', '{\"FW\":\"Asharam Pakhira New wallet\",\"TW\":\"Site Profit Wallet\",\"TP\":\"Commission_Payment\",\"PID\":\"6\",\"CID\":\"1\",\"CMID\":\"3\"}'),
(51, 20, 26, '100.0000', '0.0000', 'Payment_from', 'Bank', '{\"FW\":\"Bank Wallet\",\"TW\":\"Originatesoft wallet\",\"TP\":\"Payment_Payment\"}'),
(52, 20, 11, '0.0000', '100.0000', 'Payment_from', 'Bank', '{\"FW\":\"Bank Wallet\",\"TW\":\"Originatesoft wallet\",\"TP\":\"Wallet_Topup\"}'),
(53, 21, 11, '20.0000', '0.0000', 'Project_Payment', 'Escrow Deposit', '{\"FW\":\"Originatesoft wallet\",\"TW\":\"Escrow Wallet\",\"TP\":\"Ecrow_Payment\",\"PID\":\"6\",\"CID\":3}'),
(54, 21, 20, '0.0000', '20.0000', 'Project_Payment', 'Escrow Deposit', '{\"FW\":\"Originatesoft wallet\",\"TW\":\"Escrow Wallet\",\"TP\":\"Ecrow_Payment\",\"PID\":\"6\",\"CID\":3}'),
(55, 22, 20, '20.0000', '0.0000', 'Project_Payment', 'Escrow Release', '{\"FW\":\"Escrow Wallet\",\"TW\":\"Asharam Pakhira New wallet\",\"TP\":\"Ecrow_Payment\",\"PID\":\"6\",\"CID\":\"3\",\"CMID\":\"4\"}'),
(56, 22, 21, '0.0000', '20.0000', 'Project_Payment', 'Escrow Release', '{\"FW\":\"Escrow Wallet\",\"TW\":\"Asharam Pakhira New wallet\",\"TP\":\"Ecrow_Payment\",\"PID\":\"6\",\"CID\":\"3\",\"CMID\":\"4\"}'),
(57, 22, 21, '1.0000', '0.0000', 'Project_Commision_', '5%', '{\"FW\":\"Asharam Pakhira New wallet\",\"TW\":\"Site Profit Wallet\",\"TP\":\"Commission_Payment\",\"PID\":\"6\",\"CID\":\"3\",\"CMID\":\"4\"}'),
(58, 22, 17, '0.0000', '1.0000', 'Project_Commision', '5%', '{\"FW\":\"Asharam Pakhira New wallet\",\"TW\":\"Site Profit Wallet\",\"TP\":\"Commission_Payment\",\"PID\":\"6\",\"CID\":\"3\",\"CMID\":\"4\"}'),
(59, 23, 20, '20.1600', '0.0000', 'Project_Payment', 'Escrow Release', '{\"FW\":\"Escrow Wallet\",\"TW\":\"Asharam Pakhira New wallet\",\"TP\":\"Ecrow_Payment\",\"PID\":\"6\",\"CID\":\"2\"}'),
(60, 23, 21, '0.0000', '20.1600', 'Project_Payment', 'Escrow Release', '{\"FW\":\"Escrow Wallet\",\"TW\":\"Asharam Pakhira New wallet\",\"TP\":\"Ecrow_Payment\",\"PID\":\"6\",\"CID\":\"2\"}'),
(61, 23, 21, '1.0100', '0.0000', 'Project_Commision_', '5%', '{\"FW\":\"Asharam Pakhira New wallet\",\"TW\":\"Site Profit Wallet\",\"TP\":\"Commission_Payment\",\"PID\":\"6\",\"CID\":\"2\"}'),
(62, 23, 17, '0.0000', '1.0100', 'Project_Commision', '5%', '{\"FW\":\"Asharam Pakhira New wallet\",\"TW\":\"Site Profit Wallet\",\"TP\":\"Commission_Payment\",\"PID\":\"6\",\"CID\":\"2\"}'),
(63, 24, 11, '40.0000', '0.0000', 'Project_Payment', 'Escrow Deposit', '{\"FW\":\"Originatesoft wallet\",\"TW\":\"Escrow Wallet\",\"TP\":\"Ecrow_Payment\",\"PID\":\"6\",\"CID\":4}'),
(64, 24, 20, '0.0000', '40.0000', 'Project_Payment', 'Escrow Deposit', '{\"FW\":\"Originatesoft wallet\",\"TW\":\"Escrow Wallet\",\"TP\":\"Ecrow_Payment\",\"PID\":\"6\",\"CID\":4}'),
(65, 25, 11, '30.0000', '0.0000', 'Project_Payment', 'Escrow Deposit', '{\"FW\":\"Originatesoft wallet\",\"TW\":\"Escrow Wallet\",\"TP\":\"Ecrow_Payment\",\"PID\":\"6\",\"CID\":\"4\"}'),
(66, 25, 20, '0.0000', '30.0000', 'Project_Payment', 'Escrow Deposit', '{\"FW\":\"Originatesoft wallet\",\"TW\":\"Escrow Wallet\",\"TP\":\"Ecrow_Payment\",\"PID\":\"6\",\"CID\":\"4\"}'),
(67, 26, 20, '40.0000', '0.0000', 'Project_Payment', 'Escrow Release', '{\"FW\":\"Escrow Wallet\",\"TW\":\"Asharam Pakhira New wallet\",\"TP\":\"Ecrow_Payment\",\"PID\":\"6\",\"CID\":\"4\",\"CMID\":\"5\"}'),
(68, 26, 21, '0.0000', '40.0000', 'Project_Payment', 'Escrow Release', '{\"FW\":\"Escrow Wallet\",\"TW\":\"Asharam Pakhira New wallet\",\"TP\":\"Ecrow_Payment\",\"PID\":\"6\",\"CID\":\"4\",\"CMID\":\"5\"}'),
(69, 26, 21, '2.0000', '0.0000', 'Project_Commision_', '5%', '{\"FW\":\"Asharam Pakhira New wallet\",\"TW\":\"Site Profit Wallet\",\"TP\":\"Commission_Payment\",\"PID\":\"6\",\"CID\":\"4\",\"CMID\":\"5\"}'),
(70, 26, 17, '0.0000', '2.0000', 'Project_Commision', '5%', '{\"FW\":\"Asharam Pakhira New wallet\",\"TW\":\"Site Profit Wallet\",\"TP\":\"Commission_Payment\",\"PID\":\"6\",\"CID\":\"4\",\"CMID\":\"5\"}'),
(71, 27, 20, '30.0000', '0.0000', 'Project_Payment', 'Escrow Release', '{\"FW\":\"Escrow Wallet\",\"TW\":\"Asharam Pakhira New wallet\",\"TP\":\"Ecrow_Payment\",\"PID\":\"6\",\"CID\":\"4\",\"CMID\":\"6\"}'),
(72, 27, 21, '0.0000', '30.0000', 'Project_Payment', 'Escrow Release', '{\"FW\":\"Escrow Wallet\",\"TW\":\"Asharam Pakhira New wallet\",\"TP\":\"Ecrow_Payment\",\"PID\":\"6\",\"CID\":\"4\",\"CMID\":\"6\"}'),
(73, 27, 21, '1.5000', '0.0000', 'Project_Commision_', '5%', '{\"FW\":\"Asharam Pakhira New wallet\",\"TW\":\"Site Profit Wallet\",\"TP\":\"Commission_Payment\",\"PID\":\"6\",\"CID\":\"4\",\"CMID\":\"6\"}'),
(74, 27, 17, '0.0000', '1.5000', 'Project_Commision', '5%', '{\"FW\":\"Asharam Pakhira New wallet\",\"TW\":\"Site Profit Wallet\",\"TP\":\"Commission_Payment\",\"PID\":\"6\",\"CID\":\"4\",\"CMID\":\"6\"}'),
(75, 28, 11, '10.0000', '0.0000', 'Project_Payment', 'Escrow Deposit', '{\"FW\":\"Originatesoft wallet\",\"TW\":\"Escrow Wallet\",\"TP\":\"Ecrow_Payment\",\"PID\":\"6\",\"CID\":5}'),
(76, 28, 20, '0.0000', '10.0000', 'Project_Payment', 'Escrow Deposit', '{\"FW\":\"Originatesoft wallet\",\"TW\":\"Escrow Wallet\",\"TP\":\"Ecrow_Payment\",\"PID\":\"6\",\"CID\":5}'),
(77, 29, 20, '10.0000', '0.0000', 'Escrow_Payment', 'Dispute Deposit', '{\"FW\":\"Escrow Wallet\",\"TW\":\"Dispute Wallet\",\"TP\":\"Escrow_Dispute\",\"PID\":\"6\",\"CID\":\"5\",\"MID\":\"8\"}'),
(78, 29, 27, '0.0000', '10.0000', 'Dispute_Payment', 'Dispute Deposit', '{\"FW\":\"Escrow Wallet\",\"TW\":\"Dispute Wallet\",\"TP\":\"Escrow_Dispute\",\"PID\":\"6\",\"CID\":\"5\",\"MID\":\"8\"}'),
(79, 30, 27, '10.0000', '0.0000', 'Project_Payment', 'Dispute Release', '{\"FW\":\"Dispute Wallet\",\"TW\":\"Asharam Pakhira New wallet\",\"TP\":\"Ecrow_Payment\",\"PID\":\"6\",\"CID\":\"5\",\"CMID\":\"8\"}'),
(80, 30, 21, '0.0000', '10.0000', 'Project_Payment', 'Dispute Release', '{\"FW\":\"Dispute Wallet\",\"TW\":\"Asharam Pakhira New wallet\",\"TP\":\"Ecrow_Payment\",\"PID\":\"6\",\"CID\":\"5\",\"CMID\":\"8\"}'),
(81, 30, 21, '0.5000', '0.0000', 'Project_Commision', '5.00%', '{\"FW\":\"Asharam Pakhira New wallet\",\"TW\":\"Site Profit Wallet\",\"TP\":\"Commission_Payment\",\"PID\":\"6\",\"CID\":\"5\",\"CMID\":\"8\"}'),
(82, 30, 17, '0.0000', '0.5000', 'Project_Commision', '5.00%', '{\"FW\":\"Asharam Pakhira New wallet\",\"TW\":\"Site Profit Wallet\",\"TP\":\"Commission_Payment\",\"PID\":\"6\",\"CID\":\"5\",\"CMID\":\"8\"}'),
(83, 30, 21, '9.0000', '0.0000', 'Project_Dispute', 'Refund', '{\"FW\":\"Asharam Pakhira New wallet\",\"TW\":\"Originatesoft wallet\",\"TP\":\"Dispute_Refund\",\"PID\":\"6\",\"CID\":\"5\",\"CMID\":\"8\"}'),
(84, 30, 11, '0.0000', '9.0000', 'Project_Dispute', 'Refund', '{\"FW\":\"Asharam Pakhira New wallet\",\"TW\":\"Originatesoft wallet\",\"TP\":\"Dispute_Refund\",\"PID\":\"6\",\"CID\":\"5\",\"CMID\":\"8\"}'),
(85, 31, 11, '5.0000', '0.0000', 'Project_Payment', 'Escrow Deposit', '{\"FW\":\"Originatesoft wallet\",\"TW\":\"Escrow Wallet\",\"TP\":\"Ecrow_Payment\",\"PID\":\"6\",\"CID\":6}'),
(86, 31, 20, '0.0000', '5.0000', 'Project_Payment', 'Escrow Deposit', '{\"FW\":\"Originatesoft wallet\",\"TW\":\"Escrow Wallet\",\"TP\":\"Ecrow_Payment\",\"PID\":\"6\",\"CID\":6}'),
(87, 32, 26, '100.0000', '0.0000', 'Payment_from', 'Bank', '{\"FW\":\"Bank Wallet\",\"TW\":\"Originatesoft wallet\",\"TP\":\"Payment_Payment\"}'),
(88, 32, 11, '0.0000', '100.0000', 'Payment_from', 'Bank', '{\"FW\":\"Bank Wallet\",\"TW\":\"Originatesoft wallet\",\"TP\":\"Wallet_Topup\"}'),
(89, 33, 11, '5.0000', '0.0000', 'Project_Payment', 'Escrow Deposit', '{\"FW\":\"Originatesoft wallet\",\"TW\":\"Escrow Wallet\",\"TP\":\"Ecrow_Payment\",\"PID\":\"6\",\"CID\":\"6\"}'),
(90, 33, 20, '0.0000', '5.0000', 'Project_Payment', 'Escrow Deposit', '{\"FW\":\"Originatesoft wallet\",\"TW\":\"Escrow Wallet\",\"TP\":\"Ecrow_Payment\",\"PID\":\"6\",\"CID\":\"6\"}'),
(91, 34, 20, '5.0000', '0.0000', 'Project_Payment', 'Escrow Release', '{\"FW\":\"Escrow Wallet\",\"TW\":\"Asharam Pakhira New wallet\",\"TP\":\"Ecrow_Payment\",\"PID\":\"6\",\"CID\":\"6\",\"CMID\":\"10\"}'),
(92, 34, 21, '0.0000', '5.0000', 'Project_Payment', 'Escrow Release', '{\"FW\":\"Escrow Wallet\",\"TW\":\"Asharam Pakhira New wallet\",\"TP\":\"Ecrow_Payment\",\"PID\":\"6\",\"CID\":\"6\",\"CMID\":\"10\"}'),
(93, 34, 21, '0.2500', '0.0000', 'Project_Commision_', '5%', '{\"FW\":\"Asharam Pakhira New wallet\",\"TW\":\"Site Profit Wallet\",\"TP\":\"Commission_Payment\",\"PID\":\"6\",\"CID\":\"6\",\"CMID\":\"10\"}'),
(94, 34, 17, '0.0000', '0.2500', 'Project_Commision', '5%', '{\"FW\":\"Asharam Pakhira New wallet\",\"TW\":\"Site Profit Wallet\",\"TP\":\"Commission_Payment\",\"PID\":\"6\",\"CID\":\"6\",\"CMID\":\"10\"}'),
(95, 35, 20, '5.0000', '0.0000', 'Escrow_Payment', 'Dispute Deposit', '{\"FW\":\"Escrow Wallet\",\"TW\":\"Dispute Wallet\",\"TP\":\"Escrow_Dispute\",\"PID\":\"6\",\"CID\":\"6\",\"MID\":\"11\"}'),
(96, 35, 27, '0.0000', '5.0000', 'Dispute_Payment', 'Dispute Deposit', '{\"FW\":\"Escrow Wallet\",\"TW\":\"Dispute Wallet\",\"TP\":\"Escrow_Dispute\",\"PID\":\"6\",\"CID\":\"6\",\"MID\":\"11\"}'),
(97, 36, 27, '5.0000', '0.0000', 'Project_Payment', 'Dispute Release', '{\"FW\":\"Dispute Wallet\",\"TW\":\"Asharam Pakhira New wallet\",\"TP\":\"Ecrow_Payment\",\"PID\":\"6\",\"CID\":\"6\",\"CMID\":\"11\"}'),
(98, 36, 21, '0.0000', '5.0000', 'Project_Payment', 'Dispute Release', '{\"FW\":\"Dispute Wallet\",\"TW\":\"Asharam Pakhira New wallet\",\"TP\":\"Ecrow_Payment\",\"PID\":\"6\",\"CID\":\"6\",\"CMID\":\"11\"}'),
(99, 36, 21, '0.2500', '0.0000', 'Project_Commision', '5.00%', '{\"FW\":\"Asharam Pakhira New wallet\",\"TW\":\"Site Profit Wallet\",\"TP\":\"Commission_Payment\",\"PID\":\"6\",\"CID\":\"6\",\"CMID\":\"11\"}'),
(100, 36, 17, '0.0000', '0.2500', 'Project_Commision', '5.00%', '{\"FW\":\"Asharam Pakhira New wallet\",\"TW\":\"Site Profit Wallet\",\"TP\":\"Commission_Payment\",\"PID\":\"6\",\"CID\":\"6\",\"CMID\":\"11\"}'),
(101, 36, 21, '2.0000', '0.0000', 'Project_Dispute', 'Refund', '{\"FW\":\"Asharam Pakhira New wallet\",\"TW\":\"Originatesoft wallet\",\"TP\":\"Dispute_Refund\",\"PID\":\"6\",\"CID\":\"6\",\"CMID\":\"11\"}'),
(102, 36, 11, '0.0000', '2.0000', 'Project_Dispute', 'Refund', '{\"FW\":\"Asharam Pakhira New wallet\",\"TW\":\"Originatesoft wallet\",\"TP\":\"Dispute_Refund\",\"PID\":\"6\",\"CID\":\"6\",\"CMID\":\"11\"}'),
(103, 37, 11, '10.0000', '0.0000', 'Project_Payment', 'Escrow Deposit', '{\"FW\":\"Originatesoft wallet\",\"TW\":\"Escrow Wallet\",\"TP\":\"Ecrow_Payment\",\"PID\":\"6\",\"CID\":7}'),
(104, 37, 20, '0.0000', '10.0000', 'Project_Payment', 'Escrow Deposit', '{\"FW\":\"Originatesoft wallet\",\"TW\":\"Escrow Wallet\",\"TP\":\"Ecrow_Payment\",\"PID\":\"6\",\"CID\":7}'),
(105, 38, 20, '10.0000', '0.0000', 'Escrow_Payment', 'Dispute Deposit', '{\"FW\":\"Escrow Wallet\",\"TW\":\"Dispute Wallet\",\"TP\":\"Escrow_Dispute\",\"PID\":\"6\",\"CID\":\"7\",\"MID\":\"12\"}'),
(106, 38, 27, '0.0000', '10.0000', 'Dispute_Payment', 'Dispute Deposit', '{\"FW\":\"Escrow Wallet\",\"TW\":\"Dispute Wallet\",\"TP\":\"Escrow_Dispute\",\"PID\":\"6\",\"CID\":\"7\",\"MID\":\"12\"}'),
(107, 39, 19, '1029.3000', '0.0000', 'Online_payment_from', 'Paypal', '{\"FW\":\"Paypal Wallet\",\"TW\":\"Originatesoft wallet\",\"TP\":\"Payment_Payment\"}'),
(108, 39, 11, '0.0000', '1029.3000', 'Online_payment_from', 'Paypal', '{\"FW\":\"Paypal Wallet\",\"TW\":\"Originatesoft wallet\",\"TP\":\"Wallet_Topup\"}'),
(109, 39, 11, '29.3000', '0.0000', 'Paypal_fee', '29.30', '{\"FW\":\"Originatesoft wallet\",\"TW\":\"Processing Fee Wallet\",\"TP\":\"Processing_Fee\"}'),
(110, 39, 18, '0.0000', '29.3000', 'Paypal_fee', '29.30', '{\"FW\":\"Paypal Wallet\",\"TW\":\"Processing Fee Wallet\",\"TP\":\"Processing_Fee\"}'),
(111, 40, 11, '100.0000', '0.0000', 'Project_Payment', 'Escrow Deposit', '{\"FW\":\"Originatesoft wallet\",\"TW\":\"Escrow Wallet\",\"TP\":\"Ecrow_Payment\",\"PID\":\"9\",\"CID\":8}'),
(112, 40, 20, '0.0000', '100.0000', 'Project_Payment', 'Escrow Deposit', '{\"FW\":\"Originatesoft wallet\",\"TW\":\"Escrow Wallet\",\"TP\":\"Ecrow_Payment\",\"PID\":\"9\",\"CID\":8}'),
(113, 41, 20, '100.0000', '0.0000', 'Project_Payment', 'Escrow Release', '{\"FW\":\"Escrow Wallet\",\"TW\":\"Asim Patra wallet\",\"TP\":\"Ecrow_Payment\",\"PID\":\"9\",\"CID\":\"8\",\"CMID\":\"13\"}'),
(114, 41, 28, '0.0000', '100.0000', 'Project_Payment', 'Escrow Release', '{\"FW\":\"Escrow Wallet\",\"TW\":\"Asim Patra wallet\",\"TP\":\"Ecrow_Payment\",\"PID\":\"9\",\"CID\":\"8\",\"CMID\":\"13\"}'),
(115, 41, 28, '5.0000', '0.0000', 'Project_Commision_', '5%', '{\"FW\":\"Asim Patra wallet\",\"TW\":\"Site Profit Wallet\",\"TP\":\"Commission_Payment\",\"PID\":\"9\",\"CID\":\"8\",\"CMID\":\"13\"}'),
(116, 41, 17, '0.0000', '5.0000', 'Project_Commision', '5%', '{\"FW\":\"Asim Patra wallet\",\"TW\":\"Site Profit Wallet\",\"TP\":\"Commission_Payment\",\"PID\":\"9\",\"CID\":\"8\",\"CMID\":\"13\"}'),
(117, 42, 28, '95.0000', '0.0000', 'Bank_Transfer', '{\"method\":\"Bank\",\"to\":\"3910023456789\",\"name\":\"SBI\",\"swift\":\"SBI00234\",\"iban\":\"3910023456789\"}', '{\"FW\":\"Asim Patra wallet\",\"TW\":\"Withdraw Wallet\",\"TP\":\"Withdraw\"}'),
(118, 42, 29, '0.0000', '95.0000', 'Transfer_from', 'Asim Patra', '{\"FW\":\"Asim Patra wallet\",\"TW\":\"Withdraw Wallet\",\"TP\":\"Withdraw\"}'),
(119, 43, 19, '103.2000', '0.0000', 'Online_payment_from', 'Paypal', '{\"FW\":\"Paypal Wallet\",\"TW\":\"Asim Patra wallet\",\"TP\":\"Payment_Payment\"}'),
(120, 43, 28, '0.0000', '103.2000', 'Online_payment_from', 'Paypal', '{\"FW\":\"Paypal Wallet\",\"TW\":\"Asim Patra wallet\",\"TP\":\"Wallet_Topup\"}'),
(121, 43, 28, '3.2000', '0.0000', 'Paypal_fee', '3.20', '{\"FW\":\"Asim Patra wallet\",\"TW\":\"Processing Fee Wallet\",\"TP\":\"Processing_Fee\"}'),
(122, 43, 18, '0.0000', '3.2000', 'Paypal_fee', '3.20', '{\"FW\":\"Paypal Wallet\",\"TW\":\"Processing Fee Wallet\",\"TP\":\"Processing_Fee\"}'),
(123, 44, 11, '80.0000', '0.0000', 'Project_Payment', 'Escrow Deposit', '{\"FW\":\"Originatesoft wallet\",\"TW\":\"Escrow Wallet\",\"TP\":\"Ecrow_Payment\",\"PID\":\"12\",\"CID\":\"9\"}'),
(124, 44, 20, '0.0000', '80.0000', 'Project_Payment', 'Escrow Deposit', '{\"FW\":\"Originatesoft wallet\",\"TW\":\"Escrow Wallet\",\"TP\":\"Ecrow_Payment\",\"PID\":\"12\",\"CID\":\"9\"}'),
(125, 45, 11, '300.0000', '0.0000', 'Project_Payment', 'Escrow Deposit', '{\"FW\":\"Originatesoft wallet\",\"TW\":\"Escrow Wallet\",\"TP\":\"Ecrow_Payment\",\"PID\":\"13\",\"CID\":10}'),
(126, 45, 20, '0.0000', '300.0000', 'Project_Payment', 'Escrow Deposit', '{\"FW\":\"Originatesoft wallet\",\"TW\":\"Escrow Wallet\",\"TP\":\"Ecrow_Payment\",\"PID\":\"13\",\"CID\":10}'),
(127, 46, 20, '300.0000', '0.0000', 'Project_Payment', 'Escrow Release', '{\"FW\":\"Escrow Wallet\",\"TW\":\"Asim Patra wallet\",\"TP\":\"Ecrow_Payment\",\"PID\":\"13\",\"CID\":\"10\",\"CMID\":\"14\"}'),
(128, 46, 28, '0.0000', '300.0000', 'Project_Payment', 'Escrow Release', '{\"FW\":\"Escrow Wallet\",\"TW\":\"Asim Patra wallet\",\"TP\":\"Ecrow_Payment\",\"PID\":\"13\",\"CID\":\"10\",\"CMID\":\"14\"}'),
(129, 46, 28, '15.0000', '0.0000', 'Project_Commision_', '5%', '{\"FW\":\"Asim Patra wallet\",\"TW\":\"Site Profit Wallet\",\"TP\":\"Commission_Payment\",\"PID\":\"13\",\"CID\":\"10\",\"CMID\":\"14\"}'),
(130, 46, 17, '0.0000', '15.0000', 'Project_Commision', '5%', '{\"FW\":\"Asim Patra wallet\",\"TW\":\"Site Profit Wallet\",\"TP\":\"Commission_Payment\",\"PID\":\"13\",\"CID\":\"10\",\"CMID\":\"14\"}'),
(131, 47, 11, '25.0000', '0.0000', 'Project_Payment', 'Escrow Deposit', '{\"FW\":\"Originatesoft wallet\",\"TW\":\"Escrow Wallet\",\"TP\":\"Ecrow_Payment\",\"PID\":\"17\",\"CID\":\"14\"}'),
(132, 47, 20, '0.0000', '25.0000', 'Project_Payment', 'Escrow Deposit', '{\"FW\":\"Originatesoft wallet\",\"TW\":\"Escrow Wallet\",\"TP\":\"Ecrow_Payment\",\"PID\":\"17\",\"CID\":\"14\"}'),
(133, 48, 32, '51.5000', '0.0000', 'Online_payment_from', 'Stripe', '{\"FW\":\"Stripe Wallet\",\"TW\":\"Asharam Pakhira New wallet\",\"TP\":\"Payment_Payment\"}'),
(134, 48, 21, '0.0000', '51.5000', 'Online_payment_from', 'Stripe', '{\"FW\":\"Stripe Wallet\",\"TW\":\"Asharam Pakhira New wallet\",\"TP\":\"Wallet_Topup\"}'),
(135, 48, 21, '1.5000', '0.0000', 'Stripe_fee', '1.50', '{\"FW\":\"Asharam Pakhira New wallet\",\"TW\":\"Processing Fee Wallet\",\"TP\":\"Processing_Fee\"}'),
(136, 48, 18, '0.0000', '1.5000', 'Stripe_fee', '1.50', '{\"FW\":\"Stripe Wallet\",\"TW\":\"Processing Fee Wallet\",\"TP\":\"Processing_Fee\"}'),
(137, 58, 19, '51.7400', '0.0000', 'Online_payment_from', 'Paypal', '{\"FW\":\"Paypal Wallet\",\"TW\":\"Asharam Pakhira New wallet\",\"TP\":\"Payment_Payment\"}'),
(138, 58, 21, '0.0000', '51.7400', 'Online_payment_from', 'Paypal', '{\"FW\":\"Paypal Wallet\",\"TW\":\"Asharam Pakhira New wallet\",\"TP\":\"Wallet_Topup\"}'),
(139, 58, 21, '1.7500', '0.0000', 'Paypal_fee', '1.75', '{\"FW\":\"Asharam Pakhira New wallet\",\"TW\":\"Processing Fee Wallet\",\"TP\":\"Processing_Fee\"}'),
(140, 58, 18, '0.0000', '1.7500', 'Paypal_fee', '1.75', '{\"FW\":\"Paypal Wallet\",\"TW\":\"Processing Fee Wallet\",\"TP\":\"Processing_Fee\"}'),
(141, 59, 19, '51.7400', '0.0000', 'Online_payment_from', 'Paypal', '{\"FW\":\"Paypal Wallet\",\"TW\":\"Asharam Pakhira New wallet\",\"TP\":\"Payment_Payment\"}'),
(142, 59, 21, '0.0000', '51.7400', 'Online_payment_from', 'Paypal', '{\"FW\":\"Paypal Wallet\",\"TW\":\"Asharam Pakhira New wallet\",\"TP\":\"Wallet_Topup\"}'),
(143, 59, 21, '1.7500', '0.0000', 'Paypal_fee', '1.75', '{\"FW\":\"Asharam Pakhira New wallet\",\"TW\":\"Processing Fee Wallet\",\"TP\":\"Processing_Fee\"}'),
(144, 59, 18, '0.0000', '1.7500', 'Paypal_fee', '1.75', '{\"FW\":\"Paypal Wallet\",\"TW\":\"Processing Fee Wallet\",\"TP\":\"Processing_Fee\"}'),
(145, 62, 32, '5.1500', '0.0000', 'Online_payment_from', 'Stripe', '{\"FW\":\"Stripe Wallet\",\"TW\":\"Asharam Pakhira New wallet\",\"TP\":\"Payment_Payment\"}'),
(146, 63, 32, '10.3000', '0.0000', 'Online_payment_from', 'Stripe', '{\"FW\":\"Stripe Wallet\",\"TW\":\"Asharam Pakhira New wallet\",\"TP\":\"Payment_Payment\"}'),
(147, 63, 21, '0.0000', '10.3000', 'Online_payment_from', 'Stripe', '{\"FW\":\"Stripe Wallet\",\"TW\":\"Asharam Pakhira New wallet\",\"TP\":\"Wallet_Topup\"}'),
(148, 63, 21, '0.3000', '0.0000', 'Stripe_fee', '0.30', '{\"FW\":\"Asharam Pakhira New wallet\",\"TW\":\"Processing Fee Wallet\",\"TP\":\"Processing_Fee\"}'),
(149, 63, 18, '0.0000', '0.3000', 'Stripe_fee', '0.30', '{\"FW\":\"Stripe Wallet\",\"TW\":\"Processing Fee Wallet\",\"TP\":\"Processing_Fee\"}'),
(150, 64, 32, '5.1500', '0.0000', 'Online_payment_from', 'Stripe', '{\"FW\":\"Stripe Wallet\",\"TW\":\"Asharam Pakhira New wallet\",\"TP\":\"Payment_Payment\"}'),
(151, 64, 21, '0.0000', '5.1500', 'Online_payment_from', 'Stripe', '{\"FW\":\"Stripe Wallet\",\"TW\":\"Asharam Pakhira New wallet\",\"TP\":\"Wallet_Topup\"}'),
(152, 64, 21, '0.1500', '0.0000', 'Stripe_fee', '0.15', '{\"FW\":\"Asharam Pakhira New wallet\",\"TW\":\"Processing Fee Wallet\",\"TP\":\"Processing_Fee\"}'),
(153, 64, 18, '0.0000', '0.1500', 'Stripe_fee', '0.15', '{\"FW\":\"Stripe Wallet\",\"TW\":\"Processing Fee Wallet\",\"TP\":\"Processing_Fee\"}'),
(154, 65, 11, '30.0000', '0.0000', 'Project_Payment', 'Escrow Deposit', '{\"FW\":\"Originatesoft wallet\",\"TW\":\"Escrow Wallet\",\"TP\":\"Ecrow_Payment\",\"PID\":\"19\",\"CID\":15}'),
(155, 65, 20, '0.0000', '30.0000', 'Project_Payment', 'Escrow Deposit', '{\"FW\":\"Originatesoft wallet\",\"TW\":\"Escrow Wallet\",\"TP\":\"Ecrow_Payment\",\"PID\":\"19\",\"CID\":15}'),
(156, 66, 20, '30.0000', '0.0000', 'Project_Payment', 'Escrow Release', '{\"FW\":\"Escrow Wallet\",\"TW\":\"Asim Patra wallet\",\"TP\":\"Ecrow_Payment\",\"PID\":\"19\",\"CID\":\"15\",\"CMID\":\"15\"}'),
(157, 66, 28, '0.0000', '30.0000', 'Project_Payment', 'Escrow Release', '{\"FW\":\"Escrow Wallet\",\"TW\":\"Asim Patra wallet\",\"TP\":\"Ecrow_Payment\",\"PID\":\"19\",\"CID\":\"15\",\"CMID\":\"15\"}'),
(158, 66, 28, '0.0000', '0.0000', 'Project_Commision_', '0%', '{\"FW\":\"Asim Patra wallet\",\"TW\":\"Site Profit Wallet\",\"TP\":\"Commission_Payment\",\"PID\":\"19\",\"CID\":\"15\",\"CMID\":\"15\"}'),
(159, 66, 17, '0.0000', '0.0000', 'Project_Commision', '0%', '{\"FW\":\"Asim Patra wallet\",\"TW\":\"Site Profit Wallet\",\"TP\":\"Commission_Payment\",\"PID\":\"19\",\"CID\":\"15\",\"CMID\":\"15\"}'),
(160, 67, 11, '20.0000', '0.0000', 'Project_Payment', 'Escrow Deposit', '{\"FW\":\"Originatesoft wallet\",\"TW\":\"Escrow Wallet\",\"TP\":\"Ecrow_Payment\",\"PID\":\"19\",\"CID\":\"15\"}'),
(161, 67, 20, '0.0000', '20.0000', 'Project_Payment', 'Escrow Deposit', '{\"FW\":\"Originatesoft wallet\",\"TW\":\"Escrow Wallet\",\"TP\":\"Ecrow_Payment\",\"PID\":\"19\",\"CID\":\"15\"}'),
(162, 68, 20, '20.0000', '0.0000', 'Project_Payment', 'Escrow Release', '{\"FW\":\"Escrow Wallet\",\"TW\":\"Asim Patra wallet\",\"TP\":\"Ecrow_Payment\",\"PID\":\"19\",\"CID\":\"15\",\"CMID\":\"16\"}'),
(163, 68, 28, '0.0000', '20.0000', 'Project_Payment', 'Escrow Release', '{\"FW\":\"Escrow Wallet\",\"TW\":\"Asim Patra wallet\",\"TP\":\"Ecrow_Payment\",\"PID\":\"19\",\"CID\":\"15\",\"CMID\":\"16\"}'),
(164, 68, 28, '2.0000', '0.0000', 'Project_Commision_', '10%', '{\"FW\":\"Asim Patra wallet\",\"TW\":\"Site Profit Wallet\",\"TP\":\"Commission_Payment\",\"PID\":\"19\",\"CID\":\"15\",\"CMID\":\"16\"}'),
(165, 68, 17, '0.0000', '2.0000', 'Project_Commision', '10%', '{\"FW\":\"Asim Patra wallet\",\"TW\":\"Site Profit Wallet\",\"TP\":\"Commission_Payment\",\"PID\":\"19\",\"CID\":\"15\",\"CMID\":\"16\"}'),
(166, 69, 11, '50.0000', '0.0000', 'Project_Payment', 'Escrow Deposit', '{\"FW\":\"Originatesoft wallet\",\"TW\":\"Escrow Wallet\",\"TP\":\"Ecrow_Payment\",\"PID\":\"19\",\"CID\":\"16\"}'),
(167, 69, 20, '0.0000', '50.0000', 'Project_Payment', 'Escrow Deposit', '{\"FW\":\"Originatesoft wallet\",\"TW\":\"Escrow Wallet\",\"TP\":\"Ecrow_Payment\",\"PID\":\"19\",\"CID\":\"16\"}'),
(168, 70, 11, '10.0000', '0.0000', 'Project_Payment', 'Escrow Deposit', '{\"FW\":\"Originatesoft wallet\",\"TW\":\"Escrow Wallet\",\"TP\":\"Ecrow_Payment\",\"PID\":\"19\",\"CID\":\"16\"}'),
(169, 70, 20, '0.0000', '10.0000', 'Project_Payment', 'Escrow Deposit', '{\"FW\":\"Originatesoft wallet\",\"TW\":\"Escrow Wallet\",\"TP\":\"Ecrow_Payment\",\"PID\":\"19\",\"CID\":\"16\"}'),
(170, 71, 20, '60.0000', '0.0000', 'Project_Payment', 'Escrow Release', '{\"FW\":\"Escrow Wallet\",\"TW\":\"Asim Patra wallet\",\"TP\":\"Ecrow_Payment\",\"PID\":\"19\",\"CID\":\"16\"}'),
(171, 71, 28, '0.0000', '60.0000', 'Project_Payment', 'Escrow Release', '{\"FW\":\"Escrow Wallet\",\"TW\":\"Asim Patra wallet\",\"TP\":\"Ecrow_Payment\",\"PID\":\"19\",\"CID\":\"16\"}'),
(172, 71, 28, '6.0000', '0.0000', 'Project_Commision_', '10%', '{\"FW\":\"Asim Patra wallet\",\"TW\":\"Site Profit Wallet\",\"TP\":\"Commission_Payment\",\"PID\":\"19\",\"CID\":\"16\"}'),
(173, 71, 17, '0.0000', '6.0000', 'Project_Commision', '10%', '{\"FW\":\"Asim Patra wallet\",\"TW\":\"Site Profit Wallet\",\"TP\":\"Commission_Payment\",\"PID\":\"19\",\"CID\":\"16\"}'),
(174, 74, 32, '51.4900', '0.0000', 'Online_payment_from', 'Stripe', '{\"FW\":\"Stripe Wallet\",\"TW\":\"Asharam Pakhira New wallet\",\"TP\":\"Payment_Payment\"}'),
(175, 74, 21, '0.0000', '51.4900', 'Online_payment_from', 'Stripe', '{\"FW\":\"Stripe Wallet\",\"TW\":\"Asharam Pakhira New wallet\",\"TP\":\"Wallet_Topup\"}'),
(176, 74, 21, '1.5000', '0.0000', 'Stripe_fee', '1.50', '{\"FW\":\"Asharam Pakhira New wallet\",\"TW\":\"Processing Fee Wallet\",\"TP\":\"Processing_Fee\"}'),
(177, 74, 18, '0.0000', '1.5000', 'Stripe_fee', '1.50', '{\"FW\":\"Stripe Wallet\",\"TW\":\"Processing Fee Wallet\",\"TP\":\"Processing_Fee\"}'),
(178, 75, 32, '51.4900', '0.0000', 'Online_payment_from', 'Stripe', '{\"FW\":\"Stripe Wallet\",\"TW\":\"Asharam Pakhira New wallet\",\"TP\":\"Payment_Payment\"}'),
(179, 75, 21, '0.0000', '51.4900', 'Online_payment_from', 'Stripe', '{\"FW\":\"Stripe Wallet\",\"TW\":\"Asharam Pakhira New wallet\",\"TP\":\"Wallet_Topup\"}'),
(180, 75, 21, '1.5000', '0.0000', 'Stripe_fee', '1.50', '{\"FW\":\"Asharam Pakhira New wallet\",\"TW\":\"Processing Fee Wallet\",\"TP\":\"Processing_Fee\"}'),
(181, 75, 18, '0.0000', '1.5000', 'Stripe_fee', '1.50', '{\"FW\":\"Stripe Wallet\",\"TW\":\"Processing Fee Wallet\",\"TP\":\"Processing_Fee\"}'),
(182, 76, 32, '51.4900', '0.0000', 'Online_payment_from', 'Stripe', '{\"FW\":\"Stripe Wallet\",\"TW\":\"Asharam Pakhira New wallet\",\"TP\":\"Payment_Payment\"}'),
(183, 76, 21, '0.0000', '51.4900', 'Online_payment_from', 'Stripe', '{\"FW\":\"Stripe Wallet\",\"TW\":\"Asharam Pakhira New wallet\",\"TP\":\"Wallet_Topup\"}'),
(184, 76, 21, '1.5000', '0.0000', 'Stripe_fee', '1.50', '{\"FW\":\"Asharam Pakhira New wallet\",\"TW\":\"Processing Fee Wallet\",\"TP\":\"Processing_Fee\"}'),
(185, 76, 18, '0.0000', '1.5000', 'Stripe_fee', '1.50', '{\"FW\":\"Stripe Wallet\",\"TW\":\"Processing Fee Wallet\",\"TP\":\"Processing_Fee\"}'),
(186, 76, 21, '49.9900', '0.0000', 'MSID', '2', '{\"FW\":\"Asharam Pakhira New wallet\",\"TW\":\"Site Profit Wallet\",\"TP\":\"Membership_Payment\"}'),
(187, 76, 17, '0.0000', '49.9900', 'MSID', '2', '{\"FW\":\"Asharam Pakhira New wallet\",\"TW\":\"Site Profit Wallet\",\"TP\":\"Membership_Payment\"}'),
(188, 77, 32, '51.4900', '0.0000', 'Online_payment_from', 'Stripe', '{\"FW\":\"Stripe Wallet\",\"TW\":\"Asharam Pakhira New wallet\",\"TP\":\"Payment_Payment\"}'),
(189, 77, 21, '0.0000', '51.4900', 'Online_payment_from', 'Stripe', '{\"FW\":\"Stripe Wallet\",\"TW\":\"Asharam Pakhira New wallet\",\"TP\":\"Wallet_Topup\"}'),
(190, 77, 21, '1.5000', '0.0000', 'Stripe_fee', '1.50', '{\"FW\":\"Asharam Pakhira New wallet\",\"TW\":\"Processing Fee Wallet\",\"TP\":\"Processing_Fee\"}'),
(191, 77, 18, '0.0000', '1.5000', 'Stripe_fee', '1.50', '{\"FW\":\"Stripe Wallet\",\"TW\":\"Processing Fee Wallet\",\"TP\":\"Processing_Fee\"}'),
(192, 77, 21, '49.9900', '0.0000', 'MSID', '2', '{\"FW\":\"Asharam Pakhira New wallet\",\"TW\":\"Site Profit Wallet\",\"TP\":\"Membership_Payment\"}'),
(193, 77, 17, '0.0000', '49.9900', 'MSID', '2', '{\"FW\":\"Asharam Pakhira New wallet\",\"TW\":\"Site Profit Wallet\",\"TP\":\"Membership_Payment\"}'),
(194, 78, 32, '51.4900', '0.0000', 'Online_payment_from', 'Stripe', '{\"FW\":\"Stripe Wallet\",\"TW\":\"Asharam Pakhira New wallet\",\"TP\":\"Payment_Payment\"}'),
(195, 78, 21, '0.0000', '51.4900', 'Online_payment_from', 'Stripe', '{\"FW\":\"Stripe Wallet\",\"TW\":\"Asharam Pakhira New wallet\",\"TP\":\"Wallet_Topup\"}'),
(196, 78, 21, '1.5000', '0.0000', 'Stripe_fee', '1.50', '{\"FW\":\"Asharam Pakhira New wallet\",\"TW\":\"Processing Fee Wallet\",\"TP\":\"Processing_Fee\"}'),
(197, 78, 18, '0.0000', '1.5000', 'Stripe_fee', '1.50', '{\"FW\":\"Stripe Wallet\",\"TW\":\"Processing Fee Wallet\",\"TP\":\"Processing_Fee\"}'),
(198, 78, 21, '49.9900', '0.0000', 'MSID', '2', '{\"FW\":\"Asharam Pakhira New wallet\",\"TW\":\"Site Profit Wallet\",\"TP\":\"Membership_Payment\"}'),
(199, 78, 17, '0.0000', '49.9900', 'MSID', '2', '{\"FW\":\"Asharam Pakhira New wallet\",\"TW\":\"Site Profit Wallet\",\"TP\":\"Membership_Payment\"}'),
(200, 79, 11, '100.0000', '0.0000', 'Project_Payment', 'Escrow Deposit', '{\"FW\":\"Originatesoft wallet\",\"TW\":\"Escrow Wallet\",\"TP\":\"Ecrow_Payment\",\"PID\":\"20\",\"CID\":17}'),
(201, 79, 20, '0.0000', '100.0000', 'Project_Payment', 'Escrow Deposit', '{\"FW\":\"Originatesoft wallet\",\"TW\":\"Escrow Wallet\",\"TP\":\"Ecrow_Payment\",\"PID\":\"20\",\"CID\":17}'),
(202, 80, 20, '100.0000', '0.0000', 'Project_Payment', 'Escrow Release', '{\"FW\":\"Escrow Wallet\",\"TW\":\"Asim Patra wallet\",\"TP\":\"Ecrow_Payment\",\"PID\":\"20\",\"CID\":\"17\",\"CMID\":\"17\"}'),
(203, 80, 28, '0.0000', '100.0000', 'Project_Payment', 'Escrow Release', '{\"FW\":\"Escrow Wallet\",\"TW\":\"Asim Patra wallet\",\"TP\":\"Ecrow_Payment\",\"PID\":\"20\",\"CID\":\"17\",\"CMID\":\"17\"}'),
(204, 80, 28, '0.0000', '0.0000', 'Project_Commision_', '0%', '{\"FW\":\"Asim Patra wallet\",\"TW\":\"Site Profit Wallet\",\"TP\":\"Commission_Payment\",\"PID\":\"20\",\"CID\":\"17\",\"CMID\":\"17\"}'),
(205, 80, 17, '0.0000', '0.0000', 'Project_Commision', '0%', '{\"FW\":\"Asim Patra wallet\",\"TW\":\"Site Profit Wallet\",\"TP\":\"Commission_Payment\",\"PID\":\"20\",\"CID\":\"17\",\"CMID\":\"17\"}'),
(206, 81, 11, '10.0000', '0.0000', 'Project_Payment', 'Escrow Deposit', '{\"FW\":\"Originatesoft wallet\",\"TW\":\"Escrow Wallet\",\"TP\":\"Ecrow_Payment\",\"PID\":\"12\",\"CID\":18}'),
(207, 81, 20, '0.0000', '10.0000', 'Project_Payment', 'Escrow Deposit', '{\"FW\":\"Originatesoft wallet\",\"TW\":\"Escrow Wallet\",\"TP\":\"Ecrow_Payment\",\"PID\":\"12\",\"CID\":18}'),
(208, 82, 11, '100.0000', '0.0000', 'Project_Payment', 'Escrow Deposit', '{\"FW\":\"Originatesoft wallet\",\"TW\":\"Escrow Wallet\",\"TP\":\"Ecrow_Payment\",\"PID\":\"17\",\"CID\":\"14\"}'),
(209, 82, 20, '0.0000', '100.0000', 'Project_Payment', 'Escrow Deposit', '{\"FW\":\"Originatesoft wallet\",\"TW\":\"Escrow Wallet\",\"TP\":\"Ecrow_Payment\",\"PID\":\"17\",\"CID\":\"14\"}'),
(210, 83, 11, '49.9900', '0.0000', 'MSID', '2', '{\"FW\":\"Originatesoft wallet\",\"TW\":\"Site Profit Wallet\",\"TP\":\"Membership_Payment\"}'),
(211, 83, 17, '0.0000', '49.9900', 'MSID', '2', '{\"FW\":\"Originatesoft wallet\",\"TW\":\"Site Profit Wallet\",\"TP\":\"Membership_Payment\"}'),
(212, 84, 11, '30.0000', '0.0000', 'Project_Payment', 'Escrow Deposit', '{\"FW\":\"Originatesoft wallet\",\"TW\":\"Escrow Wallet\",\"TP\":\"Ecrow_Payment\",\"PID\":\"21\",\"CID\":19}'),
(213, 84, 20, '0.0000', '30.0000', 'Project_Payment', 'Escrow Deposit', '{\"FW\":\"Originatesoft wallet\",\"TW\":\"Escrow Wallet\",\"TP\":\"Ecrow_Payment\",\"PID\":\"21\",\"CID\":19}'),
(214, 85, 20, '30.0000', '0.0000', 'Project_Payment', 'Escrow Release', '{\"FW\":\"Escrow Wallet\",\"TW\":\"Asim Patra wallet\",\"TP\":\"Ecrow_Payment\",\"PID\":\"21\",\"CID\":\"19\",\"CMID\":\"19\"}'),
(215, 85, 28, '0.0000', '30.0000', 'Project_Payment', 'Escrow Release', '{\"FW\":\"Escrow Wallet\",\"TW\":\"Asim Patra wallet\",\"TP\":\"Ecrow_Payment\",\"PID\":\"21\",\"CID\":\"19\",\"CMID\":\"19\"}'),
(216, 85, 28, '3.0000', '0.0000', 'Project_Commision_', '10%', '{\"FW\":\"Asim Patra wallet\",\"TW\":\"Site Profit Wallet\",\"TP\":\"Commission_Payment\",\"PID\":\"21\",\"CID\":\"19\",\"CMID\":\"19\"}'),
(217, 85, 17, '0.0000', '3.0000', 'Project_Commision', '10%', '{\"FW\":\"Asim Patra wallet\",\"TW\":\"Site Profit Wallet\",\"TP\":\"Commission_Payment\",\"PID\":\"21\",\"CID\":\"19\",\"CMID\":\"19\"}'),
(218, 86, 11, '10.0000', '0.0000', 'Project_Payment', 'Escrow Deposit', '{\"FW\":\"Originatesoft wallet\",\"TW\":\"Escrow Wallet\",\"TP\":\"Ecrow_Payment\",\"PID\":\"21\",\"CID\":\"19\"}'),
(219, 86, 20, '0.0000', '10.0000', 'Project_Payment', 'Escrow Deposit', '{\"FW\":\"Originatesoft wallet\",\"TW\":\"Escrow Wallet\",\"TP\":\"Ecrow_Payment\",\"PID\":\"21\",\"CID\":\"19\"}'),
(220, 87, 20, '10.0000', '0.0000', 'Project_Payment', 'Escrow Release', '{\"FW\":\"Escrow Wallet\",\"TW\":\"Asim Patra wallet\",\"TP\":\"Ecrow_Payment\",\"PID\":\"21\",\"CID\":\"19\",\"CMID\":\"20\"}'),
(221, 87, 28, '0.0000', '10.0000', 'Project_Payment', 'Escrow Release', '{\"FW\":\"Escrow Wallet\",\"TW\":\"Asim Patra wallet\",\"TP\":\"Ecrow_Payment\",\"PID\":\"21\",\"CID\":\"19\",\"CMID\":\"20\"}'),
(222, 87, 28, '1.0000', '0.0000', 'Project_Commision_', '10%', '{\"FW\":\"Asim Patra wallet\",\"TW\":\"Site Profit Wallet\",\"TP\":\"Commission_Payment\",\"PID\":\"21\",\"CID\":\"19\",\"CMID\":\"20\"}'),
(223, 87, 17, '0.0000', '1.0000', 'Project_Commision', '10%', '{\"FW\":\"Asim Patra wallet\",\"TW\":\"Site Profit Wallet\",\"TP\":\"Commission_Payment\",\"PID\":\"21\",\"CID\":\"19\",\"CMID\":\"20\"}'),
(224, 88, 11, '20.0000', '0.0000', 'Project_Payment', 'Escrow Deposit', '{\"FW\":\"Originatesoft wallet\",\"TW\":\"Escrow Wallet\",\"TP\":\"Ecrow_Payment\",\"PID\":\"21\",\"CID\":\"19\"}'),
(225, 88, 20, '0.0000', '20.0000', 'Project_Payment', 'Escrow Deposit', '{\"FW\":\"Originatesoft wallet\",\"TW\":\"Escrow Wallet\",\"TP\":\"Ecrow_Payment\",\"PID\":\"21\",\"CID\":\"19\"}'),
(226, 89, 20, '20.0000', '0.0000', 'Escrow_Payment', 'Dispute Deposit', '{\"FW\":\"Escrow Wallet\",\"TW\":\"Dispute Wallet\",\"TP\":\"Escrow_Dispute\",\"PID\":\"21\",\"CID\":\"19\",\"MID\":\"21\"}'),
(227, 89, 27, '0.0000', '20.0000', 'Dispute_Payment', 'Dispute Deposit', '{\"FW\":\"Escrow Wallet\",\"TW\":\"Dispute Wallet\",\"TP\":\"Escrow_Dispute\",\"PID\":\"21\",\"CID\":\"19\",\"MID\":\"21\"}'),
(228, 90, 27, '20.0000', '0.0000', 'Project_Payment', 'Dispute Release', '{\"FW\":\"Dispute Wallet\",\"TW\":\"Asim Patra wallet\",\"TP\":\"Ecrow_Payment\",\"PID\":\"21\",\"CID\":\"19\",\"CMID\":\"21\"}'),
(229, 90, 28, '0.0000', '20.0000', 'Project_Payment', 'Dispute Release', '{\"FW\":\"Dispute Wallet\",\"TW\":\"Asim Patra wallet\",\"TP\":\"Ecrow_Payment\",\"PID\":\"21\",\"CID\":\"19\",\"CMID\":\"21\"}'),
(230, 90, 28, '2.0000', '0.0000', 'Project_Commision', '10.00%', '{\"FW\":\"Asim Patra wallet\",\"TW\":\"Site Profit Wallet\",\"TP\":\"Commission_Payment\",\"PID\":\"21\",\"CID\":\"19\",\"CMID\":\"21\"}'),
(231, 90, 17, '0.0000', '2.0000', 'Project_Commision', '10.00%', '{\"FW\":\"Asim Patra wallet\",\"TW\":\"Site Profit Wallet\",\"TP\":\"Commission_Payment\",\"PID\":\"21\",\"CID\":\"19\",\"CMID\":\"21\"}'),
(232, 90, 28, '8.0000', '0.0000', 'Project_Dispute', 'Refund', '{\"FW\":\"Asim Patra wallet\",\"TW\":\"Originatesoft wallet\",\"TP\":\"Dispute_Refund\",\"PID\":\"21\",\"CID\":\"19\",\"CMID\":\"21\"}'),
(233, 90, 11, '0.0000', '8.0000', 'Project_Dispute', 'Refund', '{\"FW\":\"Asim Patra wallet\",\"TW\":\"Originatesoft wallet\",\"TP\":\"Dispute_Refund\",\"PID\":\"21\",\"CID\":\"19\",\"CMID\":\"21\"}'),
(234, 91, 32, '1.0300', '0.0000', 'Online_payment_from', 'Stripe', '{\"FW\":\"Stripe Wallet\",\"TW\":\"Originatesoft wallet\",\"TP\":\"Payment_Payment\"}'),
(235, 91, 11, '0.0000', '1.0300', 'Online_payment_from', 'Stripe', '{\"FW\":\"Stripe Wallet\",\"TW\":\"Originatesoft wallet\",\"TP\":\"Wallet_Topup\"}'),
(236, 91, 11, '0.0300', '0.0000', 'Stripe_fee', '0.03', '{\"FW\":\"Originatesoft wallet\",\"TW\":\"Processing Fee Wallet\",\"TP\":\"Processing_Fee\"}'),
(237, 91, 18, '0.0000', '0.0300', 'Stripe_fee', '0.03', '{\"FW\":\"Stripe Wallet\",\"TW\":\"Processing Fee Wallet\",\"TP\":\"Processing_Fee\"}'),
(238, 92, 32, '1.0300', '0.0000', 'Online_payment_from', 'Stripe', '{\"FW\":\"Stripe Wallet\",\"TW\":\"Originatesoft wallet\",\"TP\":\"Payment_Payment\"}'),
(239, 92, 11, '0.0000', '1.0300', 'Online_payment_from', 'Stripe', '{\"FW\":\"Stripe Wallet\",\"TW\":\"Originatesoft wallet\",\"TP\":\"Wallet_Topup\"}'),
(240, 92, 11, '0.0300', '0.0000', 'Stripe_fee', '0.03', '{\"FW\":\"Originatesoft wallet\",\"TW\":\"Processing Fee Wallet\",\"TP\":\"Processing_Fee\"}'),
(241, 92, 18, '0.0000', '0.0300', 'Stripe_fee', '0.03', '{\"FW\":\"Stripe Wallet\",\"TW\":\"Processing Fee Wallet\",\"TP\":\"Processing_Fee\"}'),
(242, 93, 26, '499.0000', '0.0000', 'Payment_from', 'Bank', '{\"FW\":\"Bank Wallet\",\"TW\":\"Jenn wallet\",\"TP\":\"Payment_Payment\"}'),
(243, 93, 35, '0.0000', '499.0000', 'Payment_from', 'Bank', '{\"FW\":\"Bank Wallet\",\"TW\":\"Jenn wallet\",\"TP\":\"Wallet_Topup\"}'),
(244, 94, 11, '20.0000', '0.0000', 'Project_Payment', 'Escrow Deposit', '{\"FW\":\"Originatesoft wallet\",\"TW\":\"Escrow Wallet\",\"TP\":\"Ecrow_Payment\",\"PID\":\"23\",\"CID\":20}'),
(245, 94, 20, '0.0000', '20.0000', 'Project_Payment', 'Escrow Deposit', '{\"FW\":\"Originatesoft wallet\",\"TW\":\"Escrow Wallet\",\"TP\":\"Ecrow_Payment\",\"PID\":\"23\",\"CID\":20}'),
(246, 95, 20, '20.0000', '0.0000', 'Project_Payment', 'Escrow Release', '{\"FW\":\"Escrow Wallet\",\"TW\":\"Asim Patra wallet\",\"TP\":\"Ecrow_Payment\",\"PID\":\"23\",\"CID\":\"20\",\"CMID\":\"22\"}'),
(247, 95, 28, '0.0000', '20.0000', 'Project_Payment', 'Escrow Release', '{\"FW\":\"Escrow Wallet\",\"TW\":\"Asim Patra wallet\",\"TP\":\"Ecrow_Payment\",\"PID\":\"23\",\"CID\":\"20\",\"CMID\":\"22\"}'),
(248, 95, 28, '2.0000', '0.0000', 'Project_Commision_', '10%', '{\"FW\":\"Asim Patra wallet\",\"TW\":\"Site Profit Wallet\",\"TP\":\"Commission_Payment\",\"PID\":\"23\",\"CID\":\"20\",\"CMID\":\"22\"}'),
(249, 95, 17, '0.0000', '2.0000', 'Project_Commision', '10%', '{\"FW\":\"Asim Patra wallet\",\"TW\":\"Site Profit Wallet\",\"TP\":\"Commission_Payment\",\"PID\":\"23\",\"CID\":\"20\",\"CMID\":\"22\"}'),
(250, 96, 11, '23.0000', '0.0000', 'Project_Payment', 'Escrow Deposit', '{\"FW\":\"Originatesoft wallet\",\"TW\":\"Escrow Wallet\",\"TP\":\"Ecrow_Payment\",\"PID\":\"23\",\"CID\":\"20\"}'),
(251, 96, 20, '0.0000', '23.0000', 'Project_Payment', 'Escrow Deposit', '{\"FW\":\"Originatesoft wallet\",\"TW\":\"Escrow Wallet\",\"TP\":\"Ecrow_Payment\",\"PID\":\"23\",\"CID\":\"20\"}'),
(252, 97, 20, '23.0000', '0.0000', 'Project_Payment', 'Escrow Release', '{\"FW\":\"Escrow Wallet\",\"TW\":\"Asim Patra wallet\",\"TP\":\"Ecrow_Payment\",\"PID\":\"23\",\"CID\":\"20\",\"CMID\":\"23\"}'),
(253, 97, 28, '0.0000', '23.0000', 'Project_Payment', 'Escrow Release', '{\"FW\":\"Escrow Wallet\",\"TW\":\"Asim Patra wallet\",\"TP\":\"Ecrow_Payment\",\"PID\":\"23\",\"CID\":\"20\",\"CMID\":\"23\"}'),
(254, 97, 28, '2.3000', '0.0000', 'Project_Commision_', '10%', '{\"FW\":\"Asim Patra wallet\",\"TW\":\"Site Profit Wallet\",\"TP\":\"Commission_Payment\",\"PID\":\"23\",\"CID\":\"20\",\"CMID\":\"23\"}'),
(255, 97, 17, '0.0000', '2.3000', 'Project_Commision', '10%', '{\"FW\":\"Asim Patra wallet\",\"TW\":\"Site Profit Wallet\",\"TP\":\"Commission_Payment\",\"PID\":\"23\",\"CID\":\"20\",\"CMID\":\"23\"}'),
(256, 98, 11, '25.0000', '0.0000', 'Project_Payment', 'Escrow Deposit', '{\"FW\":\"Originatesoft wallet\",\"TW\":\"Escrow Wallet\",\"TP\":\"Ecrow_Payment\",\"PID\":\"23\",\"CID\":\"20\"}'),
(257, 98, 20, '0.0000', '25.0000', 'Project_Payment', 'Escrow Deposit', '{\"FW\":\"Originatesoft wallet\",\"TW\":\"Escrow Wallet\",\"TP\":\"Ecrow_Payment\",\"PID\":\"23\",\"CID\":\"20\"}'),
(258, 99, 20, '25.0000', '0.0000', 'Escrow_Payment', 'Dispute Deposit', '{\"FW\":\"Escrow Wallet\",\"TW\":\"Dispute Wallet\",\"TP\":\"Escrow_Dispute\",\"PID\":\"23\",\"CID\":\"20\",\"MID\":\"24\"}'),
(259, 99, 27, '0.0000', '25.0000', 'Dispute_Payment', 'Dispute Deposit', '{\"FW\":\"Escrow Wallet\",\"TW\":\"Dispute Wallet\",\"TP\":\"Escrow_Dispute\",\"PID\":\"23\",\"CID\":\"20\",\"MID\":\"24\"}'),
(260, 100, 27, '25.0000', '0.0000', 'Project_Payment', 'Dispute Release', '{\"FW\":\"Dispute Wallet\",\"TW\":\"Asim Patra wallet\",\"TP\":\"Ecrow_Payment\",\"PID\":\"23\",\"CID\":\"20\",\"CMID\":\"24\"}'),
(261, 100, 28, '0.0000', '25.0000', 'Project_Payment', 'Dispute Release', '{\"FW\":\"Dispute Wallet\",\"TW\":\"Asim Patra wallet\",\"TP\":\"Ecrow_Payment\",\"PID\":\"23\",\"CID\":\"20\",\"CMID\":\"24\"}'),
(262, 100, 28, '2.5000', '0.0000', 'Project_Commision', '10.00%', '{\"FW\":\"Asim Patra wallet\",\"TW\":\"Site Profit Wallet\",\"TP\":\"Commission_Payment\",\"PID\":\"23\",\"CID\":\"20\",\"CMID\":\"24\"}'),
(263, 100, 17, '0.0000', '2.5000', 'Project_Commision', '10.00%', '{\"FW\":\"Asim Patra wallet\",\"TW\":\"Site Profit Wallet\",\"TP\":\"Commission_Payment\",\"PID\":\"23\",\"CID\":\"20\",\"CMID\":\"24\"}'),
(264, 100, 28, '5.0000', '0.0000', 'Project_Dispute', 'Refund', '{\"FW\":\"Asim Patra wallet\",\"TW\":\"Originatesoft wallet\",\"TP\":\"Dispute_Refund\",\"PID\":\"23\",\"CID\":\"20\",\"CMID\":\"24\"}'),
(265, 100, 11, '0.0000', '5.0000', 'Project_Dispute', 'Refund', '{\"FW\":\"Asim Patra wallet\",\"TW\":\"Originatesoft wallet\",\"TP\":\"Dispute_Refund\",\"PID\":\"23\",\"CID\":\"20\",\"CMID\":\"24\"}'),
(266, 101, 11, '100.0000', '0.0000', 'Project_Payment', 'Escrow Deposit', '{\"FW\":\"Workwork wallet\",\"TW\":\"Escrow Wallet\",\"TP\":\"Ecrow_Payment\",\"PID\":\"27\",\"CID\":23}'),
(267, 101, 20, '0.0000', '100.0000', 'Project_Payment', 'Escrow Deposit', '{\"FW\":\"Workwork wallet\",\"TW\":\"Escrow Wallet\",\"TP\":\"Ecrow_Payment\",\"PID\":\"27\",\"CID\":23}'),
(268, 102, 19, '206.1000', '0.0000', 'Online_payment_from', 'Paypal', '{\"FW\":\"Paypal Wallet\",\"TW\":\"Workwork wallet\",\"TP\":\"Payment_Payment\"}'),
(269, 102, 11, '0.0000', '206.1000', 'Online_payment_from', 'Paypal', '{\"FW\":\"Paypal Wallet\",\"TW\":\"Workwork wallet\",\"TP\":\"Wallet_Topup\"}'),
(270, 102, 11, '6.1000', '0.0000', 'Paypal_fee', '6.10', '{\"FW\":\"Workwork wallet\",\"TW\":\"Processing Fee Wallet\",\"TP\":\"Processing_Fee\"}'),
(271, 102, 18, '0.0000', '6.1000', 'Paypal_fee', '6.10', '{\"FW\":\"Paypal Wallet\",\"TW\":\"Processing Fee Wallet\",\"TP\":\"Processing_Fee\"}'),
(272, 103, 11, '20.0000', '0.0000', 'Project_Payment', 'Escrow Deposit', '{\"FW\":\"Workwork wallet\",\"TW\":\"Escrow Wallet\",\"TP\":\"Ecrow_Payment\",\"PID\":\"31\",\"CID\":24}'),
(273, 103, 20, '0.0000', '20.0000', 'Project_Payment', 'Escrow Deposit', '{\"FW\":\"Workwork wallet\",\"TW\":\"Escrow Wallet\",\"TP\":\"Ecrow_Payment\",\"PID\":\"31\",\"CID\":24}'),
(274, 104, 19, '103.2000', '0.0000', 'Online_payment_from', 'Paypal', '{\"FW\":\"Paypal Wallet\",\"TW\":\"Workwork wallet\",\"TP\":\"Payment_Payment\"}');
INSERT INTO `pref_wallet_transaction_row` (`wallet_transaction_row_id`, `wallet_transaction_id`, `wallet_id`, `debit`, `credit`, `description_tkey`, `relational_data`, `ref_data_cell`) VALUES
(275, 104, 11, '0.0000', '103.2000', 'Online_payment_from', 'Paypal', '{\"FW\":\"Paypal Wallet\",\"TW\":\"Workwork wallet\",\"TP\":\"Wallet_Topup\"}'),
(276, 104, 11, '3.2000', '0.0000', 'Paypal_fee', '3.20', '{\"FW\":\"Workwork wallet\",\"TW\":\"Processing Fee Wallet\",\"TP\":\"Processing_Fee\"}'),
(277, 104, 18, '0.0000', '3.2000', 'Paypal_fee', '3.20', '{\"FW\":\"Paypal Wallet\",\"TW\":\"Processing Fee Wallet\",\"TP\":\"Processing_Fee\"}'),
(278, 105, 20, '20.0000', '0.0000', 'Project_Payment', 'Escrow Release', '{\"FW\":\"Escrow Wallet\",\"TW\":\"Asim Patra wallet\",\"TP\":\"Ecrow_Payment\",\"PID\":\"31\",\"CID\":\"24\",\"CMID\":\"26\"}'),
(279, 105, 28, '0.0000', '20.0000', 'Project_Payment', 'Escrow Release', '{\"FW\":\"Escrow Wallet\",\"TW\":\"Asim Patra wallet\",\"TP\":\"Ecrow_Payment\",\"PID\":\"31\",\"CID\":\"24\",\"CMID\":\"26\"}'),
(280, 105, 28, '0.0000', '0.0000', 'Project_Commision_', '0%', '{\"FW\":\"Asim Patra wallet\",\"TW\":\"Site Profit Wallet\",\"TP\":\"Commission_Payment\",\"PID\":\"31\",\"CID\":\"24\",\"CMID\":\"26\"}'),
(281, 105, 17, '0.0000', '0.0000', 'Project_Commision', '0%', '{\"FW\":\"Asim Patra wallet\",\"TW\":\"Site Profit Wallet\",\"TP\":\"Commission_Payment\",\"PID\":\"31\",\"CID\":\"24\",\"CMID\":\"26\"}'),
(282, 106, 11, '10.0000', '0.0000', 'Project_Payment', 'Escrow Deposit', '{\"FW\":\"Workwork wallet\",\"TW\":\"Escrow Wallet\",\"TP\":\"Ecrow_Payment\",\"PID\":\"31\",\"CID\":\"24\"}'),
(283, 106, 20, '0.0000', '10.0000', 'Project_Payment', 'Escrow Deposit', '{\"FW\":\"Workwork wallet\",\"TW\":\"Escrow Wallet\",\"TP\":\"Ecrow_Payment\",\"PID\":\"31\",\"CID\":\"24\"}'),
(284, 107, 11, '20.0000', '0.0000', 'Project_Payment', 'Escrow Deposit', '{\"FW\":\"Workwork wallet\",\"TW\":\"Escrow Wallet\",\"TP\":\"Ecrow_Payment\",\"PID\":\"31\",\"CID\":\"24\"}'),
(285, 107, 20, '0.0000', '20.0000', 'Project_Payment', 'Escrow Deposit', '{\"FW\":\"Workwork wallet\",\"TW\":\"Escrow Wallet\",\"TP\":\"Ecrow_Payment\",\"PID\":\"31\",\"CID\":\"24\"}'),
(286, 108, 20, '20.0000', '0.0000', 'Escrow_Payment', 'Dispute Deposit', '{\"FW\":\"Escrow Wallet\",\"TW\":\"Dispute Wallet\",\"TP\":\"Escrow_Dispute\",\"PID\":\"31\",\"CID\":\"24\",\"MID\":\"28\"}'),
(287, 108, 27, '0.0000', '20.0000', 'Dispute_Payment', 'Dispute Deposit', '{\"FW\":\"Escrow Wallet\",\"TW\":\"Dispute Wallet\",\"TP\":\"Escrow_Dispute\",\"PID\":\"31\",\"CID\":\"24\",\"MID\":\"28\"}'),
(288, 109, 27, '20.0000', '0.0000', 'Project_Payment', 'Dispute Release', '{\"FW\":\"Dispute Wallet\",\"TW\":\"Asim Patra wallet\",\"TP\":\"Ecrow_Payment\",\"PID\":\"31\",\"CID\":\"24\",\"CMID\":\"28\"}'),
(289, 109, 28, '0.0000', '20.0000', 'Project_Payment', 'Dispute Release', '{\"FW\":\"Dispute Wallet\",\"TW\":\"Asim Patra wallet\",\"TP\":\"Ecrow_Payment\",\"PID\":\"31\",\"CID\":\"24\",\"CMID\":\"28\"}'),
(290, 109, 28, '2.0000', '0.0000', 'Project_Commision', '10.00%', '{\"FW\":\"Asim Patra wallet\",\"TW\":\"Site Profit Wallet\",\"TP\":\"Commission_Payment\",\"PID\":\"31\",\"CID\":\"24\",\"CMID\":\"28\"}'),
(291, 109, 17, '0.0000', '2.0000', 'Project_Commision', '10.00%', '{\"FW\":\"Asim Patra wallet\",\"TW\":\"Site Profit Wallet\",\"TP\":\"Commission_Payment\",\"PID\":\"31\",\"CID\":\"24\",\"CMID\":\"28\"}'),
(292, 109, 28, '10.0000', '0.0000', 'Project_Dispute', 'Refund', '{\"FW\":\"Asim Patra wallet\",\"TW\":\"Workwork wallet\",\"TP\":\"Dispute_Refund\",\"PID\":\"31\",\"CID\":\"24\",\"CMID\":\"28\"}'),
(293, 109, 11, '0.0000', '10.0000', 'Project_Dispute', 'Refund', '{\"FW\":\"Asim Patra wallet\",\"TW\":\"Workwork wallet\",\"TP\":\"Dispute_Refund\",\"PID\":\"31\",\"CID\":\"24\",\"CMID\":\"28\"}'),
(294, 110, 20, '10.0000', '0.0000', 'Project_Payment', 'Escrow Release', '{\"FW\":\"Escrow Wallet\",\"TW\":\"Asim Patra wallet\",\"TP\":\"Ecrow_Payment\",\"PID\":\"31\",\"CID\":\"24\",\"CMID\":\"27\"}'),
(295, 110, 28, '0.0000', '10.0000', 'Project_Payment', 'Escrow Release', '{\"FW\":\"Escrow Wallet\",\"TW\":\"Asim Patra wallet\",\"TP\":\"Ecrow_Payment\",\"PID\":\"31\",\"CID\":\"24\",\"CMID\":\"27\"}'),
(296, 110, 28, '1.0000', '0.0000', 'Project_Commision_', '10%', '{\"FW\":\"Asim Patra wallet\",\"TW\":\"Site Profit Wallet\",\"TP\":\"Commission_Payment\",\"PID\":\"31\",\"CID\":\"24\",\"CMID\":\"27\"}'),
(297, 110, 17, '0.0000', '1.0000', 'Project_Commision', '10%', '{\"FW\":\"Asim Patra wallet\",\"TW\":\"Site Profit Wallet\",\"TP\":\"Commission_Payment\",\"PID\":\"31\",\"CID\":\"24\",\"CMID\":\"27\"}'),
(298, 111, 11, '100.0000', '0.0000', 'Project_Payment', 'Escrow Deposit', '{\"FW\":\"Workwork wallet\",\"TW\":\"Escrow Wallet\",\"TP\":\"Ecrow_Payment\",\"PID\":\"31\",\"CID\":25}'),
(299, 111, 20, '0.0000', '100.0000', 'Project_Payment', 'Escrow Deposit', '{\"FW\":\"Workwork wallet\",\"TW\":\"Escrow Wallet\",\"TP\":\"Ecrow_Payment\",\"PID\":\"31\",\"CID\":25}'),
(300, 112, 21, '100.0000', '0.0000', 'Paypal_Transfer', '{\"method\":\"Paypal\",\"to\":\"asish9735@gmail.com\"}', '{\"FW\":\"Asharam Pakhira New wallet\",\"TW\":\"Withdraw Wallet\",\"TP\":\"Withdraw\"}'),
(301, 112, 29, '0.0000', '100.0000', 'Transfer_from', 'Asharam Pakhira New', '{\"FW\":\"Asharam Pakhira New wallet\",\"TW\":\"Withdraw Wallet\",\"TP\":\"Withdraw\"}'),
(302, 113, 11, '11.0000', '0.0000', 'Project_Payment', 'Escrow Deposit', '{\"FW\":\"Workwork wallet\",\"TW\":\"Escrow Wallet\",\"TP\":\"Ecrow_Payment\",\"PID\":\"36\",\"CID\":26}'),
(303, 113, 20, '0.0000', '11.0000', 'Project_Payment', 'Escrow Deposit', '{\"FW\":\"Workwork wallet\",\"TW\":\"Escrow Wallet\",\"TP\":\"Ecrow_Payment\",\"PID\":\"36\",\"CID\":26}'),
(304, 114, 20, '11.0000', '0.0000', 'Project_Payment', 'Escrow Release', '{\"FW\":\"Escrow Wallet\",\"TW\":\"Asharam Pakhira New wallet\",\"TP\":\"Ecrow_Payment\",\"PID\":\"36\",\"CID\":\"26\",\"CMID\":\"30\"}'),
(305, 114, 21, '0.0000', '11.0000', 'Project_Payment', 'Escrow Release', '{\"FW\":\"Escrow Wallet\",\"TW\":\"Asharam Pakhira New wallet\",\"TP\":\"Ecrow_Payment\",\"PID\":\"36\",\"CID\":\"26\",\"CMID\":\"30\"}'),
(306, 114, 21, '0.0000', '0.0000', 'Project_Commision_', '0%', '{\"FW\":\"Asharam Pakhira New wallet\",\"TW\":\"Site Profit Wallet\",\"TP\":\"Commission_Payment\",\"PID\":\"36\",\"CID\":\"26\",\"CMID\":\"30\"}'),
(307, 114, 17, '0.0000', '0.0000', 'Project_Commision', '0%', '{\"FW\":\"Asharam Pakhira New wallet\",\"TW\":\"Site Profit Wallet\",\"TP\":\"Commission_Payment\",\"PID\":\"36\",\"CID\":\"26\",\"CMID\":\"30\"}'),
(308, 115, 11, '14.0000', '0.0000', 'Project_Payment', 'Escrow Deposit', '{\"FW\":\"Workwork wallet\",\"TW\":\"Escrow Wallet\",\"TP\":\"Ecrow_Payment\",\"PID\":\"37\",\"CID\":\"27\"}'),
(309, 115, 20, '0.0000', '14.0000', 'Project_Payment', 'Escrow Deposit', '{\"FW\":\"Workwork wallet\",\"TW\":\"Escrow Wallet\",\"TP\":\"Ecrow_Payment\",\"PID\":\"37\",\"CID\":\"27\"}'),
(310, 116, 11, '14.0000', '0.0000', 'Project_Payment', 'Escrow Deposit', '{\"FW\":\"Workwork wallet\",\"TW\":\"Escrow Wallet\",\"TP\":\"Ecrow_Payment\",\"PID\":\"37\",\"CID\":\"27\"}'),
(311, 116, 20, '0.0000', '14.0000', 'Project_Payment', 'Escrow Deposit', '{\"FW\":\"Workwork wallet\",\"TW\":\"Escrow Wallet\",\"TP\":\"Ecrow_Payment\",\"PID\":\"37\",\"CID\":\"27\"}'),
(312, 117, 20, '28.0000', '0.0000', 'Project_Payment', 'Escrow Release', '{\"FW\":\"Escrow Wallet\",\"TW\":\"Asharam Pakhira New wallet\",\"TP\":\"Ecrow_Payment\",\"PID\":\"37\",\"CID\":\"27\"}'),
(313, 117, 21, '0.0000', '28.0000', 'Project_Payment', 'Escrow Release', '{\"FW\":\"Escrow Wallet\",\"TW\":\"Asharam Pakhira New wallet\",\"TP\":\"Ecrow_Payment\",\"PID\":\"37\",\"CID\":\"27\"}'),
(314, 117, 21, '2.8000', '0.0000', 'Project_Commision_', '10%', '{\"FW\":\"Asharam Pakhira New wallet\",\"TW\":\"Site Profit Wallet\",\"TP\":\"Commission_Payment\",\"PID\":\"37\",\"CID\":\"27\"}'),
(315, 117, 17, '0.0000', '2.8000', 'Project_Commision', '10%', '{\"FW\":\"Asharam Pakhira New wallet\",\"TW\":\"Site Profit Wallet\",\"TP\":\"Commission_Payment\",\"PID\":\"37\",\"CID\":\"27\"}'),
(316, 118, 11, '14.0000', '0.0000', 'Project_Payment', 'Escrow Deposit', '{\"FW\":\"Workwork wallet\",\"TW\":\"Escrow Wallet\",\"TP\":\"Ecrow_Payment\",\"PID\":\"37\",\"CID\":\"27\"}'),
(317, 118, 20, '0.0000', '14.0000', 'Project_Payment', 'Escrow Deposit', '{\"FW\":\"Workwork wallet\",\"TW\":\"Escrow Wallet\",\"TP\":\"Ecrow_Payment\",\"PID\":\"37\",\"CID\":\"27\"}'),
(318, 119, 20, '14.0000', '0.0000', 'Project_Payment', 'Escrow Release', '{\"FW\":\"Escrow Wallet\",\"TW\":\"Asharam Pakhira New wallet\",\"TP\":\"Ecrow_Payment\",\"PID\":\"37\",\"CID\":\"27\"}'),
(319, 119, 21, '0.0000', '14.0000', 'Project_Payment', 'Escrow Release', '{\"FW\":\"Escrow Wallet\",\"TW\":\"Asharam Pakhira New wallet\",\"TP\":\"Ecrow_Payment\",\"PID\":\"37\",\"CID\":\"27\"}'),
(320, 119, 21, '1.4000', '0.0000', 'Project_Commision_', '10%', '{\"FW\":\"Asharam Pakhira New wallet\",\"TW\":\"Site Profit Wallet\",\"TP\":\"Commission_Payment\",\"PID\":\"37\",\"CID\":\"27\"}'),
(321, 119, 17, '0.0000', '1.4000', 'Project_Commision', '10%', '{\"FW\":\"Asharam Pakhira New wallet\",\"TW\":\"Site Profit Wallet\",\"TP\":\"Commission_Payment\",\"PID\":\"37\",\"CID\":\"27\"}'),
(322, 120, 11, '10.0000', '0.0000', 'Paypal_Transfer', '{\"method\":\"Paypal\",\"to\":\"asish9735_biz@gmail.com\"}', '{\"FW\":\"Asharam pakhira wallet\",\"TW\":\"Withdraw Wallet\",\"TP\":\"Withdraw\"}'),
(323, 120, 29, '0.0000', '10.0000', 'Transfer_from', 'Asharam pakhira', '{\"FW\":\"Asharam pakhira wallet\",\"TW\":\"Withdraw Wallet\",\"TP\":\"Withdraw\"}'),
(324, 121, 11, '11.0000', '0.0000', 'Project_Payment', 'Escrow Deposit', '{\"FW\":\"Workwork wallet\",\"TW\":\"Escrow Wallet\",\"TP\":\"Ecrow_Payment\",\"PID\":\"38\",\"CID\":28}'),
(325, 121, 20, '0.0000', '11.0000', 'Project_Payment', 'Escrow Deposit', '{\"FW\":\"Workwork wallet\",\"TW\":\"Escrow Wallet\",\"TP\":\"Ecrow_Payment\",\"PID\":\"38\",\"CID\":28}'),
(326, 122, 11, '15.0000', '0.0000', 'Project_Payment', 'Escrow Deposit', '{\"FW\":\"Workwork wallet\",\"TW\":\"Escrow Wallet\",\"TP\":\"Ecrow_Payment\",\"PID\":\"38\",\"CID\":29}'),
(327, 122, 20, '0.0000', '15.0000', 'Project_Payment', 'Escrow Deposit', '{\"FW\":\"Workwork wallet\",\"TW\":\"Escrow Wallet\",\"TP\":\"Ecrow_Payment\",\"PID\":\"38\",\"CID\":29}'),
(328, 123, 20, '15.0000', '0.0000', 'Project_Payment', 'Escrow Release', '{\"FW\":\"Escrow Wallet\",\"TW\":\"Asharam Pakhira New wallet\",\"TP\":\"Ecrow_Payment\",\"PID\":\"38\",\"CID\":\"29\",\"CMID\":\"32\"}'),
(329, 123, 21, '0.0000', '15.0000', 'Project_Payment', 'Escrow Release', '{\"FW\":\"Escrow Wallet\",\"TW\":\"Asharam Pakhira New wallet\",\"TP\":\"Ecrow_Payment\",\"PID\":\"38\",\"CID\":\"29\",\"CMID\":\"32\"}'),
(330, 123, 21, '1.5000', '0.0000', 'Project_Commision_', '10%', '{\"FW\":\"Asharam Pakhira New wallet\",\"TW\":\"Site Profit Wallet\",\"TP\":\"Commission_Payment\",\"PID\":\"38\",\"CID\":\"29\",\"CMID\":\"32\"}'),
(331, 123, 17, '0.0000', '1.5000', 'Project_Commision', '10%', '{\"FW\":\"Asharam Pakhira New wallet\",\"TW\":\"Site Profit Wallet\",\"TP\":\"Commission_Payment\",\"PID\":\"38\",\"CID\":\"29\",\"CMID\":\"32\"}'),
(332, 124, 21, '5.0000', '0.0000', 'Paypal_Transfer', '{\"method\":\"Paypal\",\"to\":\"asish9735@gmail.com\"}', '{\"FW\":\"Asharam Pakhira New wallet\",\"TW\":\"Withdraw Wallet\",\"TP\":\"Withdraw\"}'),
(333, 124, 29, '0.0000', '5.0000', 'Transfer_from', 'Asharam Pakhira New', '{\"FW\":\"Asharam Pakhira New wallet\",\"TW\":\"Withdraw Wallet\",\"TP\":\"Withdraw\"}'),
(334, 125, 11, '10.0000', '0.0000', 'Project_Payment', 'Escrow Deposit', '{\"FW\":\"Workwork wallet\",\"TW\":\"Escrow Wallet\",\"TP\":\"Ecrow_Payment\",\"PID\":\"41\",\"CID\":31}'),
(335, 125, 20, '0.0000', '10.0000', 'Project_Payment', 'Escrow Deposit', '{\"FW\":\"Workwork wallet\",\"TW\":\"Escrow Wallet\",\"TP\":\"Ecrow_Payment\",\"PID\":\"41\",\"CID\":31}'),
(336, 126, 20, '10.0000', '0.0000', 'Project_Payment', 'Escrow Release', '{\"FW\":\"Escrow Wallet\",\"TW\":\"Asharam Pakhira New wallet\",\"TP\":\"Ecrow_Payment\",\"PID\":\"41\",\"CID\":\"31\",\"CMID\":\"33\"}'),
(337, 126, 21, '0.0000', '10.0000', 'Project_Payment', 'Escrow Release', '{\"FW\":\"Escrow Wallet\",\"TW\":\"Asharam Pakhira New wallet\",\"TP\":\"Ecrow_Payment\",\"PID\":\"41\",\"CID\":\"31\",\"CMID\":\"33\"}'),
(338, 126, 21, '1.0000', '0.0000', 'Project_Commision_', '10%', '{\"FW\":\"Asharam Pakhira New wallet\",\"TW\":\"Site Profit Wallet\",\"TP\":\"Commission_Payment\",\"PID\":\"41\",\"CID\":\"31\",\"CMID\":\"33\"}'),
(339, 126, 17, '0.0000', '1.0000', 'Project_Commision', '10%', '{\"FW\":\"Asharam Pakhira New wallet\",\"TW\":\"Site Profit Wallet\",\"TP\":\"Commission_Payment\",\"PID\":\"41\",\"CID\":\"31\",\"CMID\":\"33\"}'),
(340, 127, 11, '6.0000', '0.0000', 'Project_Payment', 'Escrow Deposit', '{\"FW\":\"Workwork wallet\",\"TW\":\"Escrow Wallet\",\"TP\":\"Ecrow_Payment\",\"PID\":\"39\",\"CID\":\"30\"}'),
(341, 127, 20, '0.0000', '6.0000', 'Project_Payment', 'Escrow Deposit', '{\"FW\":\"Workwork wallet\",\"TW\":\"Escrow Wallet\",\"TP\":\"Ecrow_Payment\",\"PID\":\"39\",\"CID\":\"30\"}'),
(342, 128, 20, '6.0000', '0.0000', 'Project_Payment', 'Escrow Release', '{\"FW\":\"Escrow Wallet\",\"TW\":\"Asharam Pakhira New wallet\",\"TP\":\"Ecrow_Payment\",\"PID\":\"39\",\"CID\":\"30\"}'),
(343, 128, 21, '0.0000', '6.0000', 'Project_Payment', 'Escrow Release', '{\"FW\":\"Escrow Wallet\",\"TW\":\"Asharam Pakhira New wallet\",\"TP\":\"Ecrow_Payment\",\"PID\":\"39\",\"CID\":\"30\"}'),
(344, 128, 21, '0.0000', '0.0000', 'Project_Commision_', '0%', '{\"FW\":\"Asharam Pakhira New wallet\",\"TW\":\"Site Profit Wallet\",\"TP\":\"Commission_Payment\",\"PID\":\"39\",\"CID\":\"30\"}'),
(345, 128, 17, '0.0000', '0.0000', 'Project_Commision', '0%', '{\"FW\":\"Asharam Pakhira New wallet\",\"TW\":\"Site Profit Wallet\",\"TP\":\"Commission_Payment\",\"PID\":\"39\",\"CID\":\"30\"}'),
(346, 129, 11, '8.0000', '0.0000', 'Project_Payment', 'Escrow Deposit', '{\"FW\":\"Workwork wallet\",\"TW\":\"Escrow Wallet\",\"TP\":\"Ecrow_Payment\",\"PID\":\"41\",\"CID\":\"31\"}'),
(347, 129, 20, '0.0000', '8.0000', 'Project_Payment', 'Escrow Deposit', '{\"FW\":\"Workwork wallet\",\"TW\":\"Escrow Wallet\",\"TP\":\"Ecrow_Payment\",\"PID\":\"41\",\"CID\":\"31\"}'),
(348, 130, 20, '8.0000', '0.0000', 'Escrow_Payment', 'Dispute Deposit', '{\"FW\":\"Escrow Wallet\",\"TW\":\"Dispute Wallet\",\"TP\":\"Escrow_Dispute\",\"PID\":\"41\",\"CID\":\"31\",\"MID\":\"34\"}'),
(349, 130, 27, '0.0000', '8.0000', 'Dispute_Payment', 'Dispute Deposit', '{\"FW\":\"Escrow Wallet\",\"TW\":\"Dispute Wallet\",\"TP\":\"Escrow_Dispute\",\"PID\":\"41\",\"CID\":\"31\",\"MID\":\"34\"}'),
(350, 131, 26, '500.0000', '0.0000', 'Payment_from', 'Bank', '{\"FW\":\"Bank Wallet\",\"TW\":\"saad wallet\",\"TP\":\"Payment_Payment\"}'),
(351, 131, 46, '0.0000', '500.0000', 'Payment_from', 'Bank', '{\"FW\":\"Bank Wallet\",\"TW\":\"saad wallet\",\"TP\":\"Wallet_Topup\"}'),
(352, 132, 46, '30.0000', '0.0000', 'Project_Payment', 'Escrow Deposit', '{\"FW\":\"saad wallet\",\"TW\":\"Escrow Wallet\",\"TP\":\"Ecrow_Payment\",\"PID\":\"45\",\"CID\":32}'),
(353, 132, 20, '0.0000', '30.0000', 'Project_Payment', 'Escrow Deposit', '{\"FW\":\"saad wallet\",\"TW\":\"Escrow Wallet\",\"TP\":\"Ecrow_Payment\",\"PID\":\"45\",\"CID\":32}'),
(354, 133, 20, '30.0000', '0.0000', 'Project_Payment', 'Escrow Release', '{\"FW\":\"Escrow Wallet\",\"TW\":\"Asim Patra wallet\",\"TP\":\"Ecrow_Payment\",\"PID\":\"45\",\"CID\":\"32\",\"CMID\":\"35\"}'),
(355, 133, 28, '0.0000', '30.0000', 'Project_Payment', 'Escrow Release', '{\"FW\":\"Escrow Wallet\",\"TW\":\"Asim Patra wallet\",\"TP\":\"Ecrow_Payment\",\"PID\":\"45\",\"CID\":\"32\",\"CMID\":\"35\"}'),
(356, 133, 28, '0.0000', '0.0000', 'Project_Commision_', '0%', '{\"FW\":\"Asim Patra wallet\",\"TW\":\"Site Profit Wallet\",\"TP\":\"Commission_Payment\",\"PID\":\"45\",\"CID\":\"32\",\"CMID\":\"35\"}'),
(357, 133, 17, '0.0000', '0.0000', 'Project_Commision', '0%', '{\"FW\":\"Asim Patra wallet\",\"TW\":\"Site Profit Wallet\",\"TP\":\"Commission_Payment\",\"PID\":\"45\",\"CID\":\"32\",\"CMID\":\"35\"}'),
(358, 134, 46, '70.0000', '0.0000', 'Project_Payment', 'Escrow Deposit', '{\"FW\":\"saad wallet\",\"TW\":\"Escrow Wallet\",\"TP\":\"Ecrow_Payment\",\"PID\":\"46\",\"CID\":33}'),
(359, 134, 20, '0.0000', '70.0000', 'Project_Payment', 'Escrow Deposit', '{\"FW\":\"saad wallet\",\"TW\":\"Escrow Wallet\",\"TP\":\"Ecrow_Payment\",\"PID\":\"46\",\"CID\":33}'),
(360, 135, 26, '200.0000', '0.0000', 'Payment_from', 'Bank', '{\"FW\":\"Bank Wallet\",\"TW\":\"swim wallet\",\"TP\":\"Payment_Payment\"}'),
(361, 135, 47, '0.0000', '200.0000', 'Payment_from', 'Bank', '{\"FW\":\"Bank Wallet\",\"TW\":\"swim wallet\",\"TP\":\"Wallet_Topup\"}'),
(362, 136, 26, '200.0000', '0.0000', 'Payment_from', 'Bank', '{\"FW\":\"Bank Wallet\",\"TW\":\"swim wallet\",\"TP\":\"Payment_Payment\"}'),
(363, 136, 47, '0.0000', '200.0000', 'Payment_from', 'Bank', '{\"FW\":\"Bank Wallet\",\"TW\":\"swim wallet\",\"TP\":\"Wallet_Topup\"}'),
(364, 137, 46, '70.0000', '0.0000', 'Project_Payment', 'Escrow Deposit', '{\"FW\":\"saad wallet\",\"TW\":\"Escrow Wallet\",\"TP\":\"Ecrow_Payment\",\"PID\":\"46\",\"CID\":34}'),
(365, 137, 20, '0.0000', '70.0000', 'Project_Payment', 'Escrow Deposit', '{\"FW\":\"saad wallet\",\"TW\":\"Escrow Wallet\",\"TP\":\"Ecrow_Payment\",\"PID\":\"46\",\"CID\":34}'),
(366, 138, 20, '70.0000', '0.0000', 'Project_Payment', 'Escrow Release', '{\"FW\":\"Escrow Wallet\",\"TW\":\"swim wallet\",\"TP\":\"Ecrow_Payment\",\"PID\":\"46\",\"CID\":\"34\",\"CMID\":\"37\"}'),
(367, 138, 47, '0.0000', '70.0000', 'Project_Payment', 'Escrow Release', '{\"FW\":\"Escrow Wallet\",\"TW\":\"swim wallet\",\"TP\":\"Ecrow_Payment\",\"PID\":\"46\",\"CID\":\"34\",\"CMID\":\"37\"}'),
(368, 138, 47, '0.0000', '0.0000', 'Project_Commision_', '0%', '{\"FW\":\"swim wallet\",\"TW\":\"Site Profit Wallet\",\"TP\":\"Commission_Payment\",\"PID\":\"46\",\"CID\":\"34\",\"CMID\":\"37\"}'),
(369, 138, 17, '0.0000', '0.0000', 'Project_Commision', '0%', '{\"FW\":\"swim wallet\",\"TW\":\"Site Profit Wallet\",\"TP\":\"Commission_Payment\",\"PID\":\"46\",\"CID\":\"34\",\"CMID\":\"37\"}'),
(370, 139, 46, '99.9900', '0.0000', 'MSID', '3', '{\"FW\":\"saad wallet\",\"TW\":\"Site Profit Wallet\",\"TP\":\"Membership_Payment\"}'),
(371, 139, 17, '0.0000', '99.9900', 'MSID', '3', '{\"FW\":\"saad wallet\",\"TW\":\"Site Profit Wallet\",\"TP\":\"Membership_Payment\"}'),
(372, 140, 46, '200.0000', '0.0000', 'Bank_Transfer', '{\"method\":\"Bank\",\"to\":\"0172777333\",\"name\":\"hjjz\",\"swift\":\"71717\",\"iban\":\"IBAN71718282\"}', '{\"FW\":\"saad wallet\",\"TW\":\"Withdraw Wallet\",\"TP\":\"Withdraw\"}'),
(373, 140, 29, '0.0000', '200.0000', 'Transfer_from', 'saad', '{\"FW\":\"saad wallet\",\"TW\":\"Withdraw Wallet\",\"TP\":\"Withdraw\"}'),
(374, 141, 11, '2.0000', '0.0000', 'Project_Payment', 'Escrow Deposit', '{\"FW\":\"Workwork wallet\",\"TW\":\"Escrow Wallet\",\"TP\":\"Ecrow_Payment\",\"PID\":\"47\",\"CID\":35}'),
(375, 141, 20, '0.0000', '2.0000', 'Project_Payment', 'Escrow Deposit', '{\"FW\":\"Workwork wallet\",\"TW\":\"Escrow Wallet\",\"TP\":\"Ecrow_Payment\",\"PID\":\"47\",\"CID\":35}'),
(376, 142, 20, '2.0000', '0.0000', 'Escrow_Payment', 'Dispute Deposit', '{\"FW\":\"Escrow Wallet\",\"TW\":\"Dispute Wallet\",\"TP\":\"Escrow_Dispute\",\"PID\":\"47\",\"CID\":\"35\",\"MID\":\"38\"}'),
(377, 142, 27, '0.0000', '2.0000', 'Dispute_Payment', 'Dispute Deposit', '{\"FW\":\"Escrow Wallet\",\"TW\":\"Dispute Wallet\",\"TP\":\"Escrow_Dispute\",\"PID\":\"47\",\"CID\":\"35\",\"MID\":\"38\"}'),
(378, 143, 21, '5.0000', '0.0000', 'Paypal_Transfer', '{\"method\":\"Paypal\",\"to\":\"asish9735@gmail.com\"}', '{\"FW\":\"Asharam Pakhira New wallet\",\"TW\":\"Withdraw Wallet\",\"TP\":\"Withdraw\"}'),
(379, 143, 29, '0.0000', '5.0000', 'Transfer_from', 'Asharam Pakhira New', '{\"FW\":\"Asharam Pakhira New wallet\",\"TW\":\"Withdraw Wallet\",\"TP\":\"Withdraw\"}'),
(380, 144, 21, '5.0000', '0.0000', 'Paypal_Transfer', '{\"method\":\"Paypal\",\"to\":\"asish9735@gmail.com\"}', '{\"FW\":\"Asharam Pakhira New wallet\",\"TW\":\"Withdraw Wallet\",\"TP\":\"Withdraw\"}'),
(381, 144, 29, '0.0000', '5.0000', 'Transfer_from', 'Asharam Pakhira New', '{\"FW\":\"Asharam Pakhira New wallet\",\"TW\":\"Withdraw Wallet\",\"TP\":\"Withdraw\"}'),
(382, 145, 11, '8.0000', '0.0000', 'Project_Payment', 'Escrow Deposit', '{\"FW\":\"Workwork wallet\",\"TW\":\"Escrow Wallet\",\"TP\":\"Ecrow_Payment\",\"PID\":\"39\",\"CID\":\"30\"}'),
(383, 145, 20, '0.0000', '8.0000', 'Project_Payment', 'Escrow Deposit', '{\"FW\":\"Workwork wallet\",\"TW\":\"Escrow Wallet\",\"TP\":\"Ecrow_Payment\",\"PID\":\"39\",\"CID\":\"30\"}'),
(384, 146, 20, '8.0000', '0.0000', 'Project_Payment', 'Escrow Release', '{\"FW\":\"Escrow Wallet\",\"TW\":\"Asharam Pakhira New wallet\",\"TP\":\"Ecrow_Payment\",\"PID\":\"39\",\"CID\":\"30\"}'),
(385, 146, 21, '0.0000', '8.0000', 'Project_Payment', 'Escrow Release', '{\"FW\":\"Escrow Wallet\",\"TW\":\"Asharam Pakhira New wallet\",\"TP\":\"Ecrow_Payment\",\"PID\":\"39\",\"CID\":\"30\"}'),
(386, 146, 21, '0.8000', '0.0000', 'Project_Commision_', '10%', '{\"FW\":\"Asharam Pakhira New wallet\",\"TW\":\"Site Profit Wallet\",\"TP\":\"Commission_Payment\",\"PID\":\"39\",\"CID\":\"30\"}'),
(387, 146, 17, '0.0000', '0.8000', 'Project_Commision', '10%', '{\"FW\":\"Asharam Pakhira New wallet\",\"TW\":\"Site Profit Wallet\",\"TP\":\"Commission_Payment\",\"PID\":\"39\",\"CID\":\"30\"}'),
(388, 147, 27, '2.0000', '0.0000', 'Project_Payment', 'Dispute Release', '{\"FW\":\"Dispute Wallet\",\"TW\":\"Asharam Pakhira New wallet\",\"TP\":\"Ecrow_Payment\",\"PID\":\"47\",\"CID\":\"35\",\"CMID\":\"38\"}'),
(389, 147, 21, '0.0000', '2.0000', 'Project_Payment', 'Dispute Release', '{\"FW\":\"Dispute Wallet\",\"TW\":\"Asharam Pakhira New wallet\",\"TP\":\"Ecrow_Payment\",\"PID\":\"47\",\"CID\":\"35\",\"CMID\":\"38\"}'),
(390, 147, 21, '0.2000', '0.0000', 'Project_Commision', '10.00%', '{\"FW\":\"Asharam Pakhira New wallet\",\"TW\":\"Site Profit Wallet\",\"TP\":\"Commission_Payment\",\"PID\":\"47\",\"CID\":\"35\",\"CMID\":\"38\"}'),
(391, 147, 17, '0.0000', '0.2000', 'Project_Commision', '10.00%', '{\"FW\":\"Asharam Pakhira New wallet\",\"TW\":\"Site Profit Wallet\",\"TP\":\"Commission_Payment\",\"PID\":\"47\",\"CID\":\"35\",\"CMID\":\"38\"}'),
(392, 147, 21, '0.0000', '0.0000', 'Project_Dispute', 'Refund', '{\"FW\":\"Asharam Pakhira New wallet\",\"TW\":\"Workwork wallet\",\"TP\":\"Dispute_Refund\",\"PID\":\"47\",\"CID\":\"35\",\"CMID\":\"38\"}'),
(393, 147, 11, '0.0000', '0.0000', 'Project_Dispute', 'Refund', '{\"FW\":\"Asharam Pakhira New wallet\",\"TW\":\"Workwork wallet\",\"TP\":\"Dispute_Refund\",\"PID\":\"47\",\"CID\":\"35\",\"CMID\":\"38\"}'),
(394, 148, 11, '50.0000', '0.0000', 'Project_Payment', 'Escrow Deposit', '{\"FW\":\"Workwork wallet\",\"TW\":\"Escrow Wallet\",\"TP\":\"Ecrow_Payment\",\"PID\":\"47\",\"CID\":36}'),
(395, 148, 20, '0.0000', '50.0000', 'Project_Payment', 'Escrow Deposit', '{\"FW\":\"Workwork wallet\",\"TW\":\"Escrow Wallet\",\"TP\":\"Ecrow_Payment\",\"PID\":\"47\",\"CID\":36}'),
(396, 149, 20, '50.0000', '0.0000', 'Project_Payment', 'Escrow Release', '{\"FW\":\"Escrow Wallet\",\"TW\":\"Asharam Pakhira New wallet\",\"TP\":\"Ecrow_Payment\",\"PID\":\"47\",\"CID\":\"36\",\"CMID\":\"40\"}'),
(397, 149, 21, '0.0000', '50.0000', 'Project_Payment', 'Escrow Release', '{\"FW\":\"Escrow Wallet\",\"TW\":\"Asharam Pakhira New wallet\",\"TP\":\"Ecrow_Payment\",\"PID\":\"47\",\"CID\":\"36\",\"CMID\":\"40\"}'),
(398, 149, 21, '0.0000', '0.0000', 'Project_Commision_', '0%', '{\"FW\":\"Asharam Pakhira New wallet\",\"TW\":\"Site Profit Wallet\",\"TP\":\"Commission_Payment\",\"PID\":\"47\",\"CID\":\"36\",\"CMID\":\"40\"}'),
(399, 149, 17, '0.0000', '0.0000', 'Project_Commision', '0%', '{\"FW\":\"Asharam Pakhira New wallet\",\"TW\":\"Site Profit Wallet\",\"TP\":\"Commission_Payment\",\"PID\":\"47\",\"CID\":\"36\",\"CMID\":\"40\"}'),
(400, 150, 26, '7.2000', '0.0000', 'Payment_from', 'Bank', '{\"FW\":\"Bank Wallet\",\"TW\":\"Workwork wallet\",\"TP\":\"Payment_Payment\"}'),
(401, 150, 11, '0.0000', '7.2000', 'Payment_from', 'Bank', '{\"FW\":\"Bank Wallet\",\"TW\":\"Workwork wallet\",\"TP\":\"Wallet_Topup\"}'),
(402, 151, 27, '8.0000', '0.0000', 'Project_Payment', 'Dispute Release', '{\"FW\":\"Dispute Wallet\",\"TW\":\"Asharam Pakhira New wallet\",\"TP\":\"Ecrow_Payment\",\"PID\":\"41\",\"CID\":\"31\",\"CMID\":\"34\"}'),
(403, 151, 21, '0.0000', '8.0000', 'Project_Payment', 'Dispute Release', '{\"FW\":\"Dispute Wallet\",\"TW\":\"Asharam Pakhira New wallet\",\"TP\":\"Ecrow_Payment\",\"PID\":\"41\",\"CID\":\"31\",\"CMID\":\"34\"}'),
(404, 151, 21, '0.8000', '0.0000', 'Project_Commision', '10.00%', '{\"FW\":\"Asharam Pakhira New wallet\",\"TW\":\"Site Profit Wallet\",\"TP\":\"Commission_Payment\",\"PID\":\"41\",\"CID\":\"31\",\"CMID\":\"34\"}'),
(405, 151, 17, '0.0000', '0.8000', 'Project_Commision', '10.00%', '{\"FW\":\"Asharam Pakhira New wallet\",\"TW\":\"Site Profit Wallet\",\"TP\":\"Commission_Payment\",\"PID\":\"41\",\"CID\":\"31\",\"CMID\":\"34\"}'),
(406, 151, 21, '7.2000', '0.0000', 'Project_Dispute', 'Refund', '{\"FW\":\"Asharam Pakhira New wallet\",\"TW\":\"Workwork wallet\",\"TP\":\"Dispute_Refund\",\"PID\":\"41\",\"CID\":\"31\",\"CMID\":\"34\"}'),
(407, 151, 11, '0.0000', '7.2000', 'Project_Dispute', 'Refund', '{\"FW\":\"Asharam Pakhira New wallet\",\"TW\":\"Workwork wallet\",\"TP\":\"Dispute_Refund\",\"PID\":\"41\",\"CID\":\"31\",\"CMID\":\"34\"}'),
(408, 152, 26, '1000.0000', '0.0000', 'Payment_from', 'Bank', '{\"FW\":\"Bank Wallet\",\"TW\":\"Workwork wallet\",\"TP\":\"Payment_Payment\"}'),
(409, 152, 11, '0.0000', '1000.0000', 'Payment_from', 'Bank', '{\"FW\":\"Bank Wallet\",\"TW\":\"Workwork wallet\",\"TP\":\"Wallet_Topup\"}'),
(410, 153, 11, '50.0000', '0.0000', 'Project_Payment', 'Escrow Deposit', '{\"FW\":\"Workwork wallet\",\"TW\":\"Escrow Wallet\",\"TP\":\"Ecrow_Payment\",\"PID\":\"50\",\"CID\":37}'),
(411, 153, 20, '0.0000', '50.0000', 'Project_Payment', 'Escrow Deposit', '{\"FW\":\"Workwork wallet\",\"TW\":\"Escrow Wallet\",\"TP\":\"Ecrow_Payment\",\"PID\":\"50\",\"CID\":37}'),
(412, 154, 20, '50.0000', '0.0000', 'Escrow_Payment', 'Dispute Deposit', '{\"FW\":\"Escrow Wallet\",\"TW\":\"Dispute Wallet\",\"TP\":\"Escrow_Dispute\",\"PID\":\"50\",\"CID\":\"37\",\"MID\":\"42\"}'),
(413, 154, 27, '0.0000', '50.0000', 'Dispute_Payment', 'Dispute Deposit', '{\"FW\":\"Escrow Wallet\",\"TW\":\"Dispute Wallet\",\"TP\":\"Escrow_Dispute\",\"PID\":\"50\",\"CID\":\"37\",\"MID\":\"42\"}'),
(414, 155, 27, '50.0000', '0.0000', 'Project_Payment', 'Dispute Release', '{\"FW\":\"Dispute Wallet\",\"TW\":\"Asharam Pakhira New wallet\",\"TP\":\"Ecrow_Payment\",\"PID\":\"50\",\"CID\":\"37\",\"CMID\":\"42\"}'),
(415, 155, 21, '0.0000', '50.0000', 'Project_Payment', 'Dispute Release', '{\"FW\":\"Dispute Wallet\",\"TW\":\"Asharam Pakhira New wallet\",\"TP\":\"Ecrow_Payment\",\"PID\":\"50\",\"CID\":\"37\",\"CMID\":\"42\"}'),
(416, 155, 21, '5.0000', '0.0000', 'Project_Commision', '10.00%', '{\"FW\":\"Asharam Pakhira New wallet\",\"TW\":\"Site Profit Wallet\",\"TP\":\"Commission_Payment\",\"PID\":\"50\",\"CID\":\"37\",\"CMID\":\"42\"}'),
(417, 155, 17, '0.0000', '5.0000', 'Project_Commision', '10.00%', '{\"FW\":\"Asharam Pakhira New wallet\",\"TW\":\"Site Profit Wallet\",\"TP\":\"Commission_Payment\",\"PID\":\"50\",\"CID\":\"37\",\"CMID\":\"42\"}'),
(418, 155, 21, '0.0000', '0.0000', 'Project_Dispute', 'Refund', '{\"FW\":\"Asharam Pakhira New wallet\",\"TW\":\"Workwork wallet\",\"TP\":\"Dispute_Refund\",\"PID\":\"50\",\"CID\":\"37\",\"CMID\":\"42\"}'),
(419, 155, 11, '0.0000', '0.0000', 'Project_Dispute', 'Refund', '{\"FW\":\"Asharam Pakhira New wallet\",\"TW\":\"Workwork wallet\",\"TP\":\"Dispute_Refund\",\"PID\":\"50\",\"CID\":\"37\",\"CMID\":\"42\"}'),
(420, 156, 11, '50.0000', '0.0000', 'Project_Payment', 'Escrow Deposit', '{\"FW\":\"Workwork wallet\",\"TW\":\"Escrow Wallet\",\"TP\":\"Ecrow_Payment\",\"PID\":\"50\",\"CID\":\"37\"}'),
(421, 156, 20, '0.0000', '50.0000', 'Project_Payment', 'Escrow Deposit', '{\"FW\":\"Workwork wallet\",\"TW\":\"Escrow Wallet\",\"TP\":\"Ecrow_Payment\",\"PID\":\"50\",\"CID\":\"37\"}'),
(422, 157, 20, '50.0000', '0.0000', 'Escrow_Payment', 'Dispute Deposit', '{\"FW\":\"Escrow Wallet\",\"TW\":\"Dispute Wallet\",\"TP\":\"Escrow_Dispute\",\"PID\":\"50\",\"CID\":\"37\",\"MID\":\"43\"}'),
(423, 157, 27, '0.0000', '50.0000', 'Dispute_Payment', 'Dispute Deposit', '{\"FW\":\"Escrow Wallet\",\"TW\":\"Dispute Wallet\",\"TP\":\"Escrow_Dispute\",\"PID\":\"50\",\"CID\":\"37\",\"MID\":\"43\"}'),
(424, 158, 27, '50.0000', '0.0000', 'Project_Payment', 'Dispute Release', '{\"FW\":\"Dispute Wallet\",\"TW\":\"Asharam Pakhira New wallet\",\"TP\":\"Ecrow_Payment\",\"PID\":\"50\",\"CID\":\"37\",\"CMID\":\"43\"}'),
(425, 158, 21, '0.0000', '50.0000', 'Project_Payment', 'Dispute Release', '{\"FW\":\"Dispute Wallet\",\"TW\":\"Asharam Pakhira New wallet\",\"TP\":\"Ecrow_Payment\",\"PID\":\"50\",\"CID\":\"37\",\"CMID\":\"43\"}'),
(426, 158, 21, '5.0000', '0.0000', 'Project_Commision', '10.00%', '{\"FW\":\"Asharam Pakhira New wallet\",\"TW\":\"Site Profit Wallet\",\"TP\":\"Commission_Payment\",\"PID\":\"50\",\"CID\":\"37\",\"CMID\":\"43\"}'),
(427, 158, 17, '0.0000', '5.0000', 'Project_Commision', '10.00%', '{\"FW\":\"Asharam Pakhira New wallet\",\"TW\":\"Site Profit Wallet\",\"TP\":\"Commission_Payment\",\"PID\":\"50\",\"CID\":\"37\",\"CMID\":\"43\"}'),
(428, 158, 21, '22.5000', '0.0000', 'Project_Dispute', 'Refund', '{\"FW\":\"Asharam Pakhira New wallet\",\"TW\":\"Workwork wallet\",\"TP\":\"Dispute_Refund\",\"PID\":\"50\",\"CID\":\"37\",\"CMID\":\"43\"}'),
(429, 158, 11, '0.0000', '22.5000', 'Project_Dispute', 'Refund', '{\"FW\":\"Asharam Pakhira New wallet\",\"TW\":\"Workwork wallet\",\"TP\":\"Dispute_Refund\",\"PID\":\"50\",\"CID\":\"37\",\"CMID\":\"43\"}'),
(430, 159, 11, '60.0000', '0.0000', 'Project_Payment', 'Escrow Deposit', '{\"FW\":\"Workwork wallet\",\"TW\":\"Escrow Wallet\",\"TP\":\"Ecrow_Payment\",\"PID\":\"51\",\"CID\":38}'),
(431, 159, 20, '0.0000', '60.0000', 'Project_Payment', 'Escrow Deposit', '{\"FW\":\"Workwork wallet\",\"TW\":\"Escrow Wallet\",\"TP\":\"Ecrow_Payment\",\"PID\":\"51\",\"CID\":38}'),
(432, 160, 11, '25.0000', '0.0000', 'Project_Payment', 'Escrow Deposit', '{\"FW\":\"Workwork wallet\",\"TW\":\"Escrow Wallet\",\"TP\":\"Ecrow_Payment\",\"PID\":\"52\",\"CID\":39}'),
(433, 160, 20, '0.0000', '25.0000', 'Project_Payment', 'Escrow Deposit', '{\"FW\":\"Workwork wallet\",\"TW\":\"Escrow Wallet\",\"TP\":\"Ecrow_Payment\",\"PID\":\"52\",\"CID\":39}'),
(434, 161, 20, '25.0000', '0.0000', 'Project_Payment', 'Escrow Release', '{\"FW\":\"Escrow Wallet\",\"TW\":\"Asharam Pakhira New wallet\",\"TP\":\"Ecrow_Payment\",\"PID\":\"52\",\"CID\":\"39\",\"CMID\":\"45\"}'),
(435, 161, 21, '0.0000', '25.0000', 'Project_Payment', 'Escrow Release', '{\"FW\":\"Escrow Wallet\",\"TW\":\"Asharam Pakhira New wallet\",\"TP\":\"Ecrow_Payment\",\"PID\":\"52\",\"CID\":\"39\",\"CMID\":\"45\"}'),
(436, 161, 21, '0.0000', '0.0000', 'Project_Commision_', '0%', '{\"FW\":\"Asharam Pakhira New wallet\",\"TW\":\"Site Profit Wallet\",\"TP\":\"Commission_Payment\",\"PID\":\"52\",\"CID\":\"39\",\"CMID\":\"45\"}'),
(437, 161, 17, '0.0000', '0.0000', 'Project_Commision', '0%', '{\"FW\":\"Asharam Pakhira New wallet\",\"TW\":\"Site Profit Wallet\",\"TP\":\"Commission_Payment\",\"PID\":\"52\",\"CID\":\"39\",\"CMID\":\"45\"}'),
(438, 162, 11, '25.0000', '0.0000', 'Project_Payment', 'Escrow Deposit', '{\"FW\":\"Workwork wallet\",\"TW\":\"Escrow Wallet\",\"TP\":\"Ecrow_Payment\",\"PID\":\"52\",\"CID\":\"39\"}'),
(439, 162, 20, '0.0000', '25.0000', 'Project_Payment', 'Escrow Deposit', '{\"FW\":\"Workwork wallet\",\"TW\":\"Escrow Wallet\",\"TP\":\"Ecrow_Payment\",\"PID\":\"52\",\"CID\":\"39\"}'),
(440, 163, 20, '25.0000', '0.0000', 'Escrow_Payment', 'Dispute Deposit', '{\"FW\":\"Escrow Wallet\",\"TW\":\"Dispute Wallet\",\"TP\":\"Escrow_Dispute\",\"PID\":\"52\",\"CID\":\"39\",\"MID\":\"46\"}'),
(441, 163, 27, '0.0000', '25.0000', 'Dispute_Payment', 'Dispute Deposit', '{\"FW\":\"Escrow Wallet\",\"TW\":\"Dispute Wallet\",\"TP\":\"Escrow_Dispute\",\"PID\":\"52\",\"CID\":\"39\",\"MID\":\"46\"}'),
(442, 164, 27, '25.0000', '0.0000', 'Project_Payment', 'Dispute Release', '{\"FW\":\"Dispute Wallet\",\"TW\":\"Asharam Pakhira New wallet\",\"TP\":\"Ecrow_Payment\",\"PID\":\"52\",\"CID\":\"39\",\"CMID\":\"46\"}'),
(443, 164, 21, '0.0000', '25.0000', 'Project_Payment', 'Dispute Release', '{\"FW\":\"Dispute Wallet\",\"TW\":\"Asharam Pakhira New wallet\",\"TP\":\"Ecrow_Payment\",\"PID\":\"52\",\"CID\":\"39\",\"CMID\":\"46\"}'),
(444, 164, 21, '2.5000', '0.0000', 'Project_Commision', '10.00%', '{\"FW\":\"Asharam Pakhira New wallet\",\"TW\":\"Site Profit Wallet\",\"TP\":\"Commission_Payment\",\"PID\":\"52\",\"CID\":\"39\",\"CMID\":\"46\"}'),
(445, 164, 17, '0.0000', '2.5000', 'Project_Commision', '10.00%', '{\"FW\":\"Asharam Pakhira New wallet\",\"TW\":\"Site Profit Wallet\",\"TP\":\"Commission_Payment\",\"PID\":\"52\",\"CID\":\"39\",\"CMID\":\"46\"}'),
(446, 164, 21, '0.0000', '0.0000', 'Project_Dispute', 'Refund', '{\"FW\":\"Asharam Pakhira New wallet\",\"TW\":\"Workwork wallet\",\"TP\":\"Dispute_Refund\",\"PID\":\"52\",\"CID\":\"39\",\"CMID\":\"46\"}'),
(447, 164, 11, '0.0000', '0.0000', 'Project_Dispute', 'Refund', '{\"FW\":\"Asharam Pakhira New wallet\",\"TW\":\"Workwork wallet\",\"TP\":\"Dispute_Refund\",\"PID\":\"52\",\"CID\":\"39\",\"CMID\":\"46\"}'),
(448, 165, 21, '100.0000', '0.0000', 'Bank_Transfer', '{\"method\":\"Bank\",\"to\":\"52485324782\",\"name\":\"BNP\",\"swift\":\"FR52485425845255\",\"iban\":\"FEPTTSJSRT\"}', '{\"FW\":\"Asharam Pakhira New wallet\",\"TW\":\"Withdraw Wallet\",\"TP\":\"Withdraw\"}'),
(449, 165, 29, '0.0000', '100.0000', 'Transfer_from', 'Asharam Pakhira New', '{\"FW\":\"Asharam Pakhira New wallet\",\"TW\":\"Withdraw Wallet\",\"TP\":\"Withdraw\"}'),
(450, 166, 21, '15.0000', '0.0000', 'Paypal_Transfer', '{\"method\":\"Paypal\",\"to\":\"asish9735@gmail.com\"}', '{\"FW\":\"Asharam Pakhira New wallet\",\"TW\":\"Withdraw Wallet\",\"TP\":\"Withdraw\"}'),
(451, 166, 29, '0.0000', '15.0000', 'Transfer_from', 'Asharam Pakhira New', '{\"FW\":\"Asharam Pakhira New wallet\",\"TW\":\"Withdraw Wallet\",\"TP\":\"Withdraw\"}'),
(452, 167, 11, '10.0000', '0.0000', 'Project_Payment', 'Escrow Deposit', '{\"FW\":\"Workwork wallet\",\"TW\":\"Escrow Wallet\",\"TP\":\"Ecrow_Payment\",\"PID\":\"53\",\"CID\":40}'),
(453, 167, 20, '0.0000', '10.0000', 'Project_Payment', 'Escrow Deposit', '{\"FW\":\"Workwork wallet\",\"TW\":\"Escrow Wallet\",\"TP\":\"Ecrow_Payment\",\"PID\":\"53\",\"CID\":40}'),
(454, 168, 11, '2.0000', '0.0000', 'Project_Payment', 'Escrow Deposit', '{\"FW\":\"Workwork wallet\",\"TW\":\"Escrow Wallet\",\"TP\":\"Ecrow_Payment\",\"PID\":\"53\",\"CID\":41}'),
(455, 168, 20, '0.0000', '2.0000', 'Project_Payment', 'Escrow Deposit', '{\"FW\":\"Workwork wallet\",\"TW\":\"Escrow Wallet\",\"TP\":\"Ecrow_Payment\",\"PID\":\"53\",\"CID\":41}'),
(456, 169, 11, '5.0000', '0.0000', 'Project_Payment', 'Escrow Deposit', '{\"FW\":\"Workwork wallet\",\"TW\":\"Escrow Wallet\",\"TP\":\"Ecrow_Payment\",\"PID\":\"54\",\"CID\":42}'),
(457, 169, 20, '0.0000', '5.0000', 'Project_Payment', 'Escrow Deposit', '{\"FW\":\"Workwork wallet\",\"TW\":\"Escrow Wallet\",\"TP\":\"Ecrow_Payment\",\"PID\":\"54\",\"CID\":42}'),
(458, 170, 21, '40.0000', '0.0000', 'Bank_Transfer', '{\"method\":\"Bank\",\"to\":\"52485324782\",\"name\":\"BNP\",\"swift\":\"FR52485425845255\",\"iban\":\"FEPTTSJSRT\"}', '{\"FW\":\"Asharam Pakhira New wallet\",\"TW\":\"Withdraw Wallet\",\"TP\":\"Withdraw\"}'),
(459, 170, 29, '0.0000', '40.0000', 'Transfer_from', 'Asharam Pakhira New', '{\"FW\":\"Asharam Pakhira New wallet\",\"TW\":\"Withdraw Wallet\",\"TP\":\"Withdraw\"}'),
(460, 171, 11, '100.0000', '0.0000', 'Project_Payment', 'Escrow Deposit', '{\"FW\":\"Workwork wallet\",\"TW\":\"Escrow Wallet\",\"TP\":\"Ecrow_Payment\",\"PID\":\"55\",\"CID\":43}'),
(461, 171, 20, '0.0000', '100.0000', 'Project_Payment', 'Escrow Deposit', '{\"FW\":\"Workwork wallet\",\"TW\":\"Escrow Wallet\",\"TP\":\"Ecrow_Payment\",\"PID\":\"55\",\"CID\":43}'),
(462, 172, 11, '22.0000', '0.0000', 'Project_Payment', 'Escrow Deposit', '{\"FW\":\"Workwork wallet\",\"TW\":\"Escrow Wallet\",\"TP\":\"Ecrow_Payment\",\"PID\":\"55\",\"CID\":44}'),
(463, 172, 20, '0.0000', '22.0000', 'Project_Payment', 'Escrow Deposit', '{\"FW\":\"Workwork wallet\",\"TW\":\"Escrow Wallet\",\"TP\":\"Ecrow_Payment\",\"PID\":\"55\",\"CID\":44}'),
(464, 173, 19, '206.1000', '0.0000', 'Online_payment_from', 'Paypal', '{\"FW\":\"Paypal Wallet\",\"TW\":\"Workwork wallet\",\"TP\":\"Payment_Payment\"}'),
(465, 173, 11, '0.0000', '206.1000', 'Online_payment_from', 'Paypal', '{\"FW\":\"Paypal Wallet\",\"TW\":\"Workwork wallet\",\"TP\":\"Wallet_Topup\"}'),
(466, 173, 11, '6.1000', '0.0000', 'Paypal_fee', '6.10', '{\"FW\":\"Workwork wallet\",\"TW\":\"Processing Fee Wallet\",\"TP\":\"Processing_Fee\"}'),
(467, 173, 18, '0.0000', '6.1000', 'Paypal_fee', '6.10', '{\"FW\":\"Paypal Wallet\",\"TW\":\"Processing Fee Wallet\",\"TP\":\"Processing_Fee\"}'),
(468, 174, 19, '103.2000', '0.0000', 'Online_payment_from', 'Paypal', '{\"FW\":\"Paypal Wallet\",\"TW\":\"Workwork wallet\",\"TP\":\"Payment_Payment\"}'),
(469, 174, 11, '0.0000', '103.2000', 'Online_payment_from', 'Paypal', '{\"FW\":\"Paypal Wallet\",\"TW\":\"Workwork wallet\",\"TP\":\"Wallet_Topup\"}'),
(470, 174, 11, '3.2000', '0.0000', 'Paypal_fee', '3.20', '{\"FW\":\"Workwork wallet\",\"TW\":\"Processing Fee Wallet\",\"TP\":\"Processing_Fee\"}'),
(471, 174, 18, '0.0000', '3.2000', 'Paypal_fee', '3.20', '{\"FW\":\"Paypal Wallet\",\"TW\":\"Processing Fee Wallet\",\"TP\":\"Processing_Fee\"}'),
(472, 175, 32, '103.0000', '0.0000', 'Online_payment_from', 'Stripe', '{\"FW\":\"Stripe Wallet\",\"TW\":\"Workwork wallet\",\"TP\":\"Payment_Payment\"}'),
(473, 175, 11, '0.0000', '103.0000', 'Online_payment_from', 'Stripe', '{\"FW\":\"Stripe Wallet\",\"TW\":\"Workwork wallet\",\"TP\":\"Wallet_Topup\"}'),
(474, 175, 11, '3.0000', '0.0000', 'Stripe_fee', '3.00', '{\"FW\":\"Workwork wallet\",\"TW\":\"Processing Fee Wallet\",\"TP\":\"Processing_Fee\"}'),
(475, 175, 18, '0.0000', '3.0000', 'Stripe_fee', '3.00', '{\"FW\":\"Stripe Wallet\",\"TW\":\"Processing Fee Wallet\",\"TP\":\"Processing_Fee\"}'),
(476, 176, 26, '500.0000', '0.0000', 'Payment_from', 'Bank', '{\"FW\":\"Bank Wallet\",\"TW\":\"priyanka wallet\",\"TP\":\"Payment_Payment\"}'),
(477, 176, 54, '0.0000', '500.0000', 'Payment_from', 'Bank', '{\"FW\":\"Bank Wallet\",\"TW\":\"priyanka wallet\",\"TP\":\"Wallet_Topup\"}'),
(478, 177, 28, '56.0000', '0.0000', 'Paypal_Transfer', '{\"method\":\"Paypal\",\"to\":\"wasif788@gmail.com\"}', '{\"FW\":\"Asim Patra wallet\",\"TW\":\"Withdraw Wallet\",\"TP\":\"Withdraw\"}'),
(479, 177, 29, '0.0000', '56.0000', 'Transfer_from', 'Asim Patra', '{\"FW\":\"Asim Patra wallet\",\"TW\":\"Withdraw Wallet\",\"TP\":\"Withdraw\"}'),
(480, 178, 11, '30.0000', '0.0000', 'Project_Payment', 'Escrow Deposit', '{\"FW\":\"Workwork wallet\",\"TW\":\"Escrow Wallet\",\"TP\":\"Ecrow_Payment\",\"PID\":\"56\",\"CID\":46}'),
(481, 178, 20, '0.0000', '30.0000', 'Project_Payment', 'Escrow Deposit', '{\"FW\":\"Workwork wallet\",\"TW\":\"Escrow Wallet\",\"TP\":\"Ecrow_Payment\",\"PID\":\"56\",\"CID\":46}'),
(482, 179, 20, '30.0000', '0.0000', 'Project_Payment', 'Escrow Release', '{\"FW\":\"Escrow Wallet\",\"TW\":\"Asim Patra wallet\",\"TP\":\"Ecrow_Payment\",\"PID\":\"56\",\"CID\":\"46\",\"CMID\":\"52\"}'),
(483, 179, 28, '0.0000', '30.0000', 'Project_Payment', 'Escrow Release', '{\"FW\":\"Escrow Wallet\",\"TW\":\"Asim Patra wallet\",\"TP\":\"Ecrow_Payment\",\"PID\":\"56\",\"CID\":\"46\",\"CMID\":\"52\"}'),
(484, 179, 28, '0.0000', '0.0000', 'Project_Commision_', '0%', '{\"FW\":\"Asim Patra wallet\",\"TW\":\"Site Profit Wallet\",\"TP\":\"Commission_Payment\",\"PID\":\"56\",\"CID\":\"46\",\"CMID\":\"52\"}'),
(485, 179, 17, '0.0000', '0.0000', 'Project_Commision', '0%', '{\"FW\":\"Asim Patra wallet\",\"TW\":\"Site Profit Wallet\",\"TP\":\"Commission_Payment\",\"PID\":\"56\",\"CID\":\"46\",\"CMID\":\"52\"}'),
(486, 180, 11, '50.0000', '0.0000', 'Project_Payment', 'Escrow Deposit', '{\"FW\":\"Workwork wallet\",\"TW\":\"Escrow Wallet\",\"TP\":\"Ecrow_Payment\",\"PID\":\"60\",\"CID\":47}'),
(487, 180, 20, '0.0000', '50.0000', 'Project_Payment', 'Escrow Deposit', '{\"FW\":\"Workwork wallet\",\"TW\":\"Escrow Wallet\",\"TP\":\"Ecrow_Payment\",\"PID\":\"60\",\"CID\":47}'),
(488, 181, 11, '20.0000', '0.0000', 'Project_Payment', 'Escrow Deposit', '{\"FW\":\"Workwork wallet\",\"TW\":\"Escrow Wallet\",\"TP\":\"Ecrow_Payment\",\"PID\":\"69\",\"CID\":53}'),
(489, 181, 20, '0.0000', '20.0000', 'Project_Payment', 'Escrow Deposit', '{\"FW\":\"Workwork wallet\",\"TW\":\"Escrow Wallet\",\"TP\":\"Ecrow_Payment\",\"PID\":\"69\",\"CID\":53}'),
(490, 182, 26, '5000.0000', '0.0000', 'Payment_from', 'Bank', '{\"FW\":\"Bank Wallet\",\"TW\":\"Asharam Pakhira New wallet\",\"TP\":\"Payment_Payment\"}'),
(491, 182, 21, '0.0000', '5000.0000', 'Payment_from', 'Bank', '{\"FW\":\"Bank Wallet\",\"TW\":\"Asharam Pakhira New wallet\",\"TP\":\"Wallet_Topup\"}'),
(492, 183, 21, '499.9900', '0.0000', 'MSID', '2', '{\"FW\":\"Asharam Pakhira New wallet\",\"TW\":\"Site Profit Wallet\",\"TP\":\"Membership_Payment\"}'),
(493, 183, 17, '0.0000', '499.9900', 'MSID', '2', '{\"FW\":\"Asharam Pakhira New wallet\",\"TW\":\"Site Profit Wallet\",\"TP\":\"Membership_Payment\"}'),
(494, 184, 21, '90.0000', '0.0000', 'MSID', '4', '{\"FW\":\"Asharam Pakhira New wallet\",\"TW\":\"Site Profit Wallet\",\"TP\":\"Membership_Payment\"}'),
(495, 184, 17, '0.0000', '90.0000', 'MSID', '4', '{\"FW\":\"Asharam Pakhira New wallet\",\"TW\":\"Site Profit Wallet\",\"TP\":\"Membership_Payment\"}'),
(496, 185, 21, '5000.0000', '0.0000', 'MSID', '3', '{\"FW\":\"Asharam Pakhira New wallet\",\"TW\":\"Site Profit Wallet\",\"TP\":\"Membership_Payment\"}'),
(497, 185, 17, '0.0000', '5000.0000', 'MSID', '3', '{\"FW\":\"Asharam Pakhira New wallet\",\"TW\":\"Site Profit Wallet\",\"TP\":\"Membership_Payment\"}'),
(498, 186, 11, '200.0000', '0.0000', 'Project_Payment', 'Escrow Deposit', '{\"FW\":\"Workwork wallet\",\"TW\":\"Escrow Wallet\",\"TP\":\"Ecrow_Payment\",\"PID\":\"71\",\"CID\":54}'),
(499, 186, 20, '0.0000', '200.0000', 'Project_Payment', 'Escrow Deposit', '{\"FW\":\"Workwork wallet\",\"TW\":\"Escrow Wallet\",\"TP\":\"Ecrow_Payment\",\"PID\":\"71\",\"CID\":54}'),
(500, 187, 20, '200.0000', '0.0000', 'Project_Payment', 'Escrow Release', '{\"FW\":\"Escrow Wallet\",\"TW\":\"Asharam Pakhira New wallet\",\"TP\":\"Ecrow_Payment\",\"PID\":\"71\",\"CID\":\"54\",\"CMID\":\"57\"}'),
(501, 187, 21, '0.0000', '200.0000', 'Project_Payment', 'Escrow Release', '{\"FW\":\"Escrow Wallet\",\"TW\":\"Asharam Pakhira New wallet\",\"TP\":\"Ecrow_Payment\",\"PID\":\"71\",\"CID\":\"54\",\"CMID\":\"57\"}'),
(502, 187, 21, '20.0000', '0.0000', 'Project_Commision_', '10%', '{\"FW\":\"Asharam Pakhira New wallet\",\"TW\":\"Site Profit Wallet\",\"TP\":\"Commission_Payment\",\"PID\":\"71\",\"CID\":\"54\",\"CMID\":\"57\"}'),
(503, 187, 17, '0.0000', '20.0000', 'Project_Commision', '10%', '{\"FW\":\"Asharam Pakhira New wallet\",\"TW\":\"Site Profit Wallet\",\"TP\":\"Commission_Payment\",\"PID\":\"71\",\"CID\":\"54\",\"CMID\":\"57\"}'),
(504, 188, 21, '100.0000', '0.0000', 'Bank_Transfer', '{\"method\":\"Bank\",\"to\":\"52485324782\",\"name\":\"BNP\",\"swift\":\"FR52485425845255\",\"iban\":\"FEPTTSJSRT\"}', '{\"FW\":\"Asharam Pakhira New wallet\",\"TW\":\"Withdraw Wallet\",\"TP\":\"Withdraw\"}'),
(505, 188, 29, '0.0000', '100.0000', 'Transfer_from', 'Asharam Pakhira New', '{\"FW\":\"Asharam Pakhira New wallet\",\"TW\":\"Withdraw Wallet\",\"TP\":\"Withdraw\"}'),
(506, 189, 26, '100.0000', '0.0000', 'Payment_from', 'Bank', '{\"FW\":\"Bank Wallet\",\"TW\":\"\\u0647\\u0627\\u062f\\u064a \\u0627\\u0644\\u062f\\u0648\\u0633\\u0631\\u064a wallet\",\"TP\":\"Payment_Payment\"}'),
(507, 189, 66, '0.0000', '100.0000', 'Payment_from', 'Bank', '{\"FW\":\"Bank Wallet\",\"TW\":\"\\u0647\\u0627\\u062f\\u064a \\u0627\\u0644\\u062f\\u0648\\u0633\\u0631\\u064a wallet\",\"TP\":\"Wallet_Topup\"}'),
(508, 190, 26, '10.0000', '0.0000', 'Payment_from', 'Bank', '{\"FW\":\"Bank Wallet\",\"TW\":\"jelly wallet\",\"TP\":\"Payment_Payment\"}'),
(509, 190, 72, '0.0000', '10.0000', 'Payment_from', 'Bank', '{\"FW\":\"Bank Wallet\",\"TW\":\"jelly wallet\",\"TP\":\"Wallet_Topup\"}'),
(510, 191, 26, '-10.0000', '0.0000', 'Payment_from', 'Bank', '{\"FW\":\"Bank Wallet\",\"TW\":\"jelly wallet\",\"TP\":\"Payment_Payment\"}'),
(511, 191, 72, '0.0000', '-10.0000', 'Payment_from', 'Bank', '{\"FW\":\"Bank Wallet\",\"TW\":\"jelly wallet\",\"TP\":\"Wallet_Topup\"}'),
(512, 192, 26, '500.0000', '0.0000', 'Payment_from', 'Bank', '{\"FW\":\"Bank Wallet\",\"TW\":\"jelly wallet\",\"TP\":\"Payment_Payment\"}'),
(513, 192, 72, '0.0000', '500.0000', 'Payment_from', 'Bank', '{\"FW\":\"Bank Wallet\",\"TW\":\"jelly wallet\",\"TP\":\"Wallet_Topup\"}'),
(514, 193, 26, '-500.0000', '0.0000', 'Payment_from', 'Bank', '{\"FW\":\"Bank Wallet\",\"TW\":\"jelly wallet\",\"TP\":\"Payment_Payment\"}'),
(515, 193, 72, '0.0000', '-500.0000', 'Payment_from', 'Bank', '{\"FW\":\"Bank Wallet\",\"TW\":\"jelly wallet\",\"TP\":\"Wallet_Topup\"}'),
(516, 194, 28, '10.0000', '0.0000', 'Bank_Transfer', '{\"method\":\"Bank\",\"to\":\"3910023456789\",\"name\":\"SBI\",\"swift\":\"SBI00234\",\"iban\":\"3910023456789\"}', '{\"FW\":\"Asim Patra wallet\",\"TW\":\"Withdraw Wallet\",\"TP\":\"Withdraw\"}'),
(517, 194, 29, '0.0000', '10.0000', 'Transfer_from', 'Asim Patra', '{\"FW\":\"Asim Patra wallet\",\"TW\":\"Withdraw Wallet\",\"TP\":\"Withdraw\"}'),
(518, 195, 11, '11.0000', '0.0000', 'Project_Payment', 'Escrow Deposit', '{\"FW\":\"Workwork wallet\",\"TW\":\"Escrow Wallet\",\"TP\":\"Ecrow_Payment\",\"PID\":\"58\",\"CID\":58}'),
(519, 195, 20, '0.0000', '11.0000', 'Project_Payment', 'Escrow Deposit', '{\"FW\":\"Workwork wallet\",\"TW\":\"Escrow Wallet\",\"TP\":\"Ecrow_Payment\",\"PID\":\"58\",\"CID\":58}'),
(520, 196, 11, '100.0000', '0.0000', 'Project_Payment', 'Escrow Deposit', '{\"FW\":\"Workwork wallet\",\"TW\":\"Escrow Wallet\",\"TP\":\"Ecrow_Payment\",\"PID\":\"81\",\"CID\":\"60\"}'),
(521, 196, 20, '0.0000', '100.0000', 'Project_Payment', 'Escrow Deposit', '{\"FW\":\"Workwork wallet\",\"TW\":\"Escrow Wallet\",\"TP\":\"Ecrow_Payment\",\"PID\":\"81\",\"CID\":\"60\"}'),
(522, 197, 11, '100.0000', '0.0000', 'Project_Payment', 'Escrow Deposit', '{\"FW\":\"Workwork wallet\",\"TW\":\"Escrow Wallet\",\"TP\":\"Ecrow_Payment\",\"PID\":\"81\",\"CID\":\"59\"}'),
(523, 197, 20, '0.0000', '100.0000', 'Project_Payment', 'Escrow Deposit', '{\"FW\":\"Workwork wallet\",\"TW\":\"Escrow Wallet\",\"TP\":\"Ecrow_Payment\",\"PID\":\"81\",\"CID\":\"59\"}'),
(524, 198, 20, '100.0000', '0.0000', 'Project_Payment', 'Escrow Release', '{\"FW\":\"Escrow Wallet\",\"TW\":\"Asharam Pakhira New wallet\",\"TP\":\"Ecrow_Payment\",\"PID\":\"81\",\"CID\":\"59\"}'),
(525, 198, 21, '0.0000', '100.0000', 'Project_Payment', 'Escrow Release', '{\"FW\":\"Escrow Wallet\",\"TW\":\"Asharam Pakhira New wallet\",\"TP\":\"Ecrow_Payment\",\"PID\":\"81\",\"CID\":\"59\"}'),
(526, 198, 21, '10.0000', '0.0000', 'Project_Commision_', '10%', '{\"FW\":\"Asharam Pakhira New wallet\",\"TW\":\"Site Profit Wallet\",\"TP\":\"Commission_Payment\",\"PID\":\"81\",\"CID\":\"59\"}'),
(527, 198, 17, '0.0000', '10.0000', 'Project_Commision', '10%', '{\"FW\":\"Asharam Pakhira New wallet\",\"TW\":\"Site Profit Wallet\",\"TP\":\"Commission_Payment\",\"PID\":\"81\",\"CID\":\"59\"}'),
(528, 199, 21, '100.0000', '0.0000', 'Paypal_Transfer', '{\"method\":\"Paypal\",\"to\":\"asish9735@gmail.com\"}', '{\"FW\":\"Asharam Pakhira New wallet\",\"TW\":\"Withdraw Wallet\",\"TP\":\"Withdraw\"}'),
(529, 199, 29, '0.0000', '100.0000', 'Transfer_from', 'Asharam Pakhira New', '{\"FW\":\"Asharam Pakhira New wallet\",\"TW\":\"Withdraw Wallet\",\"TP\":\"Withdraw\"}'),
(530, 200, 28, '500.0000', '0.0000', 'Bank_Transfer', '{\"method\":\"Bank\",\"to\":\"3910023456789\",\"name\":\"SBI\",\"swift\":\"SBI00234\",\"iban\":\"3910023456789\"}', '{\"FW\":\"Asim Patra wallet\",\"TW\":\"Withdraw Wallet\",\"TP\":\"Withdraw\"}'),
(531, 200, 29, '0.0000', '500.0000', 'Transfer_from', 'Asim Patra', '{\"FW\":\"Asim Patra wallet\",\"TW\":\"Withdraw Wallet\",\"TP\":\"Withdraw\"}'),
(532, 201, 11, '200.0000', '0.0000', 'Project_Payment', 'Escrow Deposit', '{\"FW\":\"Workwork wallet\",\"TW\":\"Escrow Wallet\",\"TP\":\"Ecrow_Payment\",\"PID\":\"81\",\"CID\":61}'),
(533, 201, 20, '0.0000', '200.0000', 'Project_Payment', 'Escrow Deposit', '{\"FW\":\"Workwork wallet\",\"TW\":\"Escrow Wallet\",\"TP\":\"Ecrow_Payment\",\"PID\":\"81\",\"CID\":61}'),
(534, 202, 11, '200.0000', '0.0000', 'Project_Payment', 'Escrow Deposit', '{\"FW\":\"Workwork wallet\",\"TW\":\"Escrow Wallet\",\"TP\":\"Ecrow_Payment\",\"PID\":\"81\",\"CID\":62}'),
(535, 202, 20, '0.0000', '200.0000', 'Project_Payment', 'Escrow Deposit', '{\"FW\":\"Workwork wallet\",\"TW\":\"Escrow Wallet\",\"TP\":\"Ecrow_Payment\",\"PID\":\"81\",\"CID\":62}'),
(536, 203, 11, '100.0000', '0.0000', 'Project_Payment', 'Escrow Deposit', '{\"FW\":\"Workwork wallet\",\"TW\":\"Escrow Wallet\",\"TP\":\"Ecrow_Payment\",\"PID\":\"81\",\"CID\":65}'),
(537, 203, 20, '0.0000', '100.0000', 'Project_Payment', 'Escrow Deposit', '{\"FW\":\"Workwork wallet\",\"TW\":\"Escrow Wallet\",\"TP\":\"Ecrow_Payment\",\"PID\":\"81\",\"CID\":65}'),
(538, 204, 28, '49.9900', '0.0000', 'MSID', '2', '{\"FW\":\"Asim Patra wallet\",\"TW\":\"Site Profit Wallet\",\"TP\":\"Membership_Payment\"}'),
(539, 204, 17, '0.0000', '49.9900', 'MSID', '2', '{\"FW\":\"Asim Patra wallet\",\"TW\":\"Site Profit Wallet\",\"TP\":\"Membership_Payment\"}'),
(540, 205, 28, '49.9900', '0.0000', 'MSID', '2', '{\"FW\":\"Asim Patra wallet\",\"TW\":\"Site Profit Wallet\",\"TP\":\"Membership_Payment\"}'),
(541, 205, 17, '0.0000', '49.9900', 'MSID', '2', '{\"FW\":\"Asim Patra wallet\",\"TW\":\"Site Profit Wallet\",\"TP\":\"Membership_Payment\"}'),
(542, 206, 28, '49.9900', '0.0000', 'MSID', '2', '{\"FW\":\"Asim Patra wallet\",\"TW\":\"Site Profit Wallet\",\"TP\":\"Membership_Payment\"}'),
(543, 206, 17, '0.0000', '49.9900', 'MSID', '2', '{\"FW\":\"Asim Patra wallet\",\"TW\":\"Site Profit Wallet\",\"TP\":\"Membership_Payment\"}');
INSERT INTO `pref_wallet_transaction_row` (`wallet_transaction_row_id`, `wallet_transaction_id`, `wallet_id`, `debit`, `credit`, `description_tkey`, `relational_data`, `ref_data_cell`) VALUES
(544, 207, 11, '25.0000', '0.0000', 'Project_Payment', 'Escrow Deposit', '{\"FW\":\"Workwork wallet\",\"TW\":\"Escrow Wallet\",\"TP\":\"Ecrow_Payment\",\"PID\":\"93\",\"CID\":76}'),
(545, 207, 20, '0.0000', '25.0000', 'Project_Payment', 'Escrow Deposit', '{\"FW\":\"Workwork wallet\",\"TW\":\"Escrow Wallet\",\"TP\":\"Ecrow_Payment\",\"PID\":\"93\",\"CID\":76}'),
(546, 208, 28, '20.0000', '0.0000', 'Paypal_Transfer', '{\"method\":\"Paypal\",\"to\":\"wasif788@gmail.com\"}', '{\"FW\":\"Asim Patra wallet\",\"TW\":\"Withdraw Wallet\",\"TP\":\"Withdraw\"}'),
(547, 208, 29, '0.0000', '20.0000', 'Transfer_from', 'Asim Patra', '{\"FW\":\"Asim Patra wallet\",\"TW\":\"Withdraw Wallet\",\"TP\":\"Withdraw\"}'),
(548, 209, 11, '20.0000', '0.0000', 'Project_Payment', 'Escrow Deposit', '{\"FW\":\"Workwork wallet\",\"TW\":\"Escrow Wallet\",\"TP\":\"Ecrow_Payment\",\"PID\":\"81\",\"CID\":\"74\"}'),
(549, 209, 20, '0.0000', '20.0000', 'Project_Payment', 'Escrow Deposit', '{\"FW\":\"Workwork wallet\",\"TW\":\"Escrow Wallet\",\"TP\":\"Ecrow_Payment\",\"PID\":\"81\",\"CID\":\"74\"}'),
(550, 210, 11, '1.0000', '0.0000', 'Project_Payment', 'Escrow Deposit', '{\"FW\":\"Workwork wallet\",\"TW\":\"Escrow Wallet\",\"TP\":\"Ecrow_Payment\",\"PID\":\"81\",\"CID\":\"74\"}'),
(551, 210, 20, '0.0000', '1.0000', 'Project_Payment', 'Escrow Deposit', '{\"FW\":\"Workwork wallet\",\"TW\":\"Escrow Wallet\",\"TP\":\"Ecrow_Payment\",\"PID\":\"81\",\"CID\":\"74\"}'),
(552, 211, 26, '1000.0000', '0.0000', 'Payment_from', 'Bank', '{\"FW\":\"Bank Wallet\",\"TW\":\"Workwork wallet\",\"TP\":\"Payment_Payment\"}'),
(553, 211, 11, '0.0000', '1000.0000', 'Payment_from', 'Bank', '{\"FW\":\"Bank Wallet\",\"TW\":\"Workwork wallet\",\"TP\":\"Wallet_Topup\"}'),
(554, 212, 11, '120.0000', '0.0000', 'Project_Payment', 'Escrow Deposit', '{\"FW\":\"Workwork wallet\",\"TW\":\"Escrow Wallet\",\"TP\":\"Ecrow_Payment\",\"PID\":\"104\",\"CID\":79}'),
(555, 212, 20, '0.0000', '120.0000', 'Project_Payment', 'Escrow Deposit', '{\"FW\":\"Workwork wallet\",\"TW\":\"Escrow Wallet\",\"TP\":\"Ecrow_Payment\",\"PID\":\"104\",\"CID\":79}'),
(556, 213, 11, '50.0000', '0.0000', 'Project_Payment', 'Escrow Deposit', '{\"FW\":\"Workwork wallet\",\"TW\":\"Escrow Wallet\",\"TP\":\"Ecrow_Payment\",\"PID\":\"102\",\"CID\":80}'),
(557, 213, 20, '0.0000', '50.0000', 'Project_Payment', 'Escrow Deposit', '{\"FW\":\"Workwork wallet\",\"TW\":\"Escrow Wallet\",\"TP\":\"Ecrow_Payment\",\"PID\":\"102\",\"CID\":80}'),
(558, 214, 20, '50.0000', '0.0000', 'Project_Payment', 'Escrow Release', '{\"FW\":\"Escrow Wallet\",\"TW\":\"Asim Patra wallet\",\"TP\":\"Ecrow_Payment\",\"PID\":\"102\",\"CID\":\"80\",\"CMID\":\"64\"}'),
(559, 214, 28, '0.0000', '50.0000', 'Project_Payment', 'Escrow Release', '{\"FW\":\"Escrow Wallet\",\"TW\":\"Asim Patra wallet\",\"TP\":\"Ecrow_Payment\",\"PID\":\"102\",\"CID\":\"80\",\"CMID\":\"64\"}'),
(560, 214, 28, '5.0000', '0.0000', 'Project_Commision_', '10%', '{\"FW\":\"Asim Patra wallet\",\"TW\":\"Site Profit Wallet\",\"TP\":\"Commission_Payment\",\"PID\":\"102\",\"CID\":\"80\",\"CMID\":\"64\"}'),
(561, 214, 17, '0.0000', '5.0000', 'Project_Commision', '10%', '{\"FW\":\"Asim Patra wallet\",\"TW\":\"Site Profit Wallet\",\"TP\":\"Commission_Payment\",\"PID\":\"102\",\"CID\":\"80\",\"CMID\":\"64\"}'),
(562, 215, 11, '40.0000', '0.0000', 'Project_Payment', 'Escrow Deposit', '{\"FW\":\"Workwork wallet\",\"TW\":\"Escrow Wallet\",\"TP\":\"Ecrow_Payment\",\"PID\":\"108\",\"CID\":82}'),
(563, 215, 20, '0.0000', '40.0000', 'Project_Payment', 'Escrow Deposit', '{\"FW\":\"Workwork wallet\",\"TW\":\"Escrow Wallet\",\"TP\":\"Ecrow_Payment\",\"PID\":\"108\",\"CID\":82}'),
(564, 216, 20, '40.0000', '0.0000', 'Project_Payment', 'Escrow Release', '{\"FW\":\"Escrow Wallet\",\"TW\":\"Asim Patra wallet\",\"TP\":\"Ecrow_Payment\",\"PID\":\"108\",\"CID\":\"82\",\"CMID\":\"67\"}'),
(565, 216, 28, '0.0000', '40.0000', 'Project_Payment', 'Escrow Release', '{\"FW\":\"Escrow Wallet\",\"TW\":\"Asim Patra wallet\",\"TP\":\"Ecrow_Payment\",\"PID\":\"108\",\"CID\":\"82\",\"CMID\":\"67\"}'),
(566, 216, 28, '4.0000', '0.0000', 'Project_Commision_', '10%', '{\"FW\":\"Asim Patra wallet\",\"TW\":\"Site Profit Wallet\",\"TP\":\"Commission_Payment\",\"PID\":\"108\",\"CID\":\"82\",\"CMID\":\"67\"}'),
(567, 216, 17, '0.0000', '4.0000', 'Project_Commision', '10%', '{\"FW\":\"Asim Patra wallet\",\"TW\":\"Site Profit Wallet\",\"TP\":\"Commission_Payment\",\"PID\":\"108\",\"CID\":\"82\",\"CMID\":\"67\"}'),
(568, 217, 11, '40.0000', '0.0000', 'Project_Payment', 'Escrow Deposit', '{\"FW\":\"Workwork wallet\",\"TW\":\"Escrow Wallet\",\"TP\":\"Ecrow_Payment\",\"PID\":\"108\",\"CID\":\"82\"}'),
(569, 217, 20, '0.0000', '40.0000', 'Project_Payment', 'Escrow Deposit', '{\"FW\":\"Workwork wallet\",\"TW\":\"Escrow Wallet\",\"TP\":\"Ecrow_Payment\",\"PID\":\"108\",\"CID\":\"82\"}'),
(570, 218, 20, '40.0000', '0.0000', 'Escrow_Payment', 'Dispute Deposit', '{\"FW\":\"Escrow Wallet\",\"TW\":\"Dispute Wallet\",\"TP\":\"Escrow_Dispute\",\"PID\":\"108\",\"CID\":\"82\",\"MID\":\"68\"}'),
(571, 218, 27, '0.0000', '40.0000', 'Dispute_Payment', 'Dispute Deposit', '{\"FW\":\"Escrow Wallet\",\"TW\":\"Dispute Wallet\",\"TP\":\"Escrow_Dispute\",\"PID\":\"108\",\"CID\":\"82\",\"MID\":\"68\"}'),
(572, 219, 11, '50.0000', '0.0000', 'Project_Payment', 'Escrow Deposit', '{\"FW\":\"Workwork wallet\",\"TW\":\"Escrow Wallet\",\"TP\":\"Ecrow_Payment\",\"PID\":\"108\",\"CID\":\"82\"}'),
(573, 219, 20, '0.0000', '50.0000', 'Project_Payment', 'Escrow Deposit', '{\"FW\":\"Workwork wallet\",\"TW\":\"Escrow Wallet\",\"TP\":\"Ecrow_Payment\",\"PID\":\"108\",\"CID\":\"82\"}'),
(574, 220, 20, '50.0000', '0.0000', 'Escrow_Payment', 'Dispute Deposit', '{\"FW\":\"Escrow Wallet\",\"TW\":\"Dispute Wallet\",\"TP\":\"Escrow_Dispute\",\"PID\":\"108\",\"CID\":\"82\",\"MID\":\"69\"}'),
(575, 220, 27, '0.0000', '50.0000', 'Dispute_Payment', 'Dispute Deposit', '{\"FW\":\"Escrow Wallet\",\"TW\":\"Dispute Wallet\",\"TP\":\"Escrow_Dispute\",\"PID\":\"108\",\"CID\":\"82\",\"MID\":\"69\"}'),
(576, 221, 27, '40.0000', '0.0000', 'Project_Payment', 'Dispute Release', '{\"FW\":\"Dispute Wallet\",\"TW\":\"Asim Patra wallet\",\"TP\":\"Ecrow_Payment\",\"PID\":\"108\",\"CID\":\"82\",\"CMID\":\"68\"}'),
(577, 221, 28, '0.0000', '40.0000', 'Project_Payment', 'Dispute Release', '{\"FW\":\"Dispute Wallet\",\"TW\":\"Asim Patra wallet\",\"TP\":\"Ecrow_Payment\",\"PID\":\"108\",\"CID\":\"82\",\"CMID\":\"68\"}'),
(578, 221, 28, '4.0000', '0.0000', 'Project_Commision', '10.00%', '{\"FW\":\"Asim Patra wallet\",\"TW\":\"Site Profit Wallet\",\"TP\":\"Commission_Payment\",\"PID\":\"108\",\"CID\":\"82\",\"CMID\":\"68\"}'),
(579, 221, 17, '0.0000', '4.0000', 'Project_Commision', '10.00%', '{\"FW\":\"Asim Patra wallet\",\"TW\":\"Site Profit Wallet\",\"TP\":\"Commission_Payment\",\"PID\":\"108\",\"CID\":\"82\",\"CMID\":\"68\"}'),
(580, 221, 28, '20.0000', '0.0000', 'Project_Dispute', 'Refund', '{\"FW\":\"Asim Patra wallet\",\"TW\":\"Workwork wallet\",\"TP\":\"Dispute_Refund\",\"PID\":\"108\",\"CID\":\"82\",\"CMID\":\"68\"}'),
(581, 221, 11, '0.0000', '20.0000', 'Project_Dispute', 'Refund', '{\"FW\":\"Asim Patra wallet\",\"TW\":\"Workwork wallet\",\"TP\":\"Dispute_Refund\",\"PID\":\"108\",\"CID\":\"82\",\"CMID\":\"68\"}'),
(582, 222, 11, '30.0000', '0.0000', 'Project_Payment', 'Escrow Deposit', '{\"FW\":\"Workwork wallet\",\"TW\":\"Escrow Wallet\",\"TP\":\"Ecrow_Payment\",\"PID\":\"110\",\"CID\":85}'),
(583, 222, 20, '0.0000', '30.0000', 'Project_Payment', 'Escrow Deposit', '{\"FW\":\"Workwork wallet\",\"TW\":\"Escrow Wallet\",\"TP\":\"Ecrow_Payment\",\"PID\":\"110\",\"CID\":85}'),
(584, 223, 20, '30.0000', '0.0000', 'Project_Payment', 'Escrow Release', '{\"FW\":\"Escrow Wallet\",\"TW\":\"Asim Patra wallet\",\"TP\":\"Ecrow_Payment\",\"PID\":\"110\",\"CID\":\"85\",\"CMID\":\"70\"}'),
(585, 223, 28, '0.0000', '30.0000', 'Project_Payment', 'Escrow Release', '{\"FW\":\"Escrow Wallet\",\"TW\":\"Asim Patra wallet\",\"TP\":\"Ecrow_Payment\",\"PID\":\"110\",\"CID\":\"85\",\"CMID\":\"70\"}'),
(586, 223, 28, '3.0000', '0.0000', 'Project_Commision_', '10%', '{\"FW\":\"Asim Patra wallet\",\"TW\":\"Site Profit Wallet\",\"TP\":\"Commission_Payment\",\"PID\":\"110\",\"CID\":\"85\",\"CMID\":\"70\"}'),
(587, 223, 17, '0.0000', '3.0000', 'Project_Commision', '10%', '{\"FW\":\"Asim Patra wallet\",\"TW\":\"Site Profit Wallet\",\"TP\":\"Commission_Payment\",\"PID\":\"110\",\"CID\":\"85\",\"CMID\":\"70\"}'),
(588, 224, 11, '50.0000', '0.0000', 'Project_Payment', 'Escrow Deposit', '{\"FW\":\"Workwork wallet\",\"TW\":\"Escrow Wallet\",\"TP\":\"Ecrow_Payment\",\"PID\":\"110\",\"CID\":\"85\"}'),
(589, 224, 20, '0.0000', '50.0000', 'Project_Payment', 'Escrow Deposit', '{\"FW\":\"Workwork wallet\",\"TW\":\"Escrow Wallet\",\"TP\":\"Ecrow_Payment\",\"PID\":\"110\",\"CID\":\"85\"}'),
(590, 225, 20, '50.0000', '0.0000', 'Project_Payment', 'Escrow Release', '{\"FW\":\"Escrow Wallet\",\"TW\":\"Asim Patra wallet\",\"TP\":\"Ecrow_Payment\",\"PID\":\"110\",\"CID\":\"85\",\"CMID\":\"71\"}'),
(591, 225, 28, '0.0000', '50.0000', 'Project_Payment', 'Escrow Release', '{\"FW\":\"Escrow Wallet\",\"TW\":\"Asim Patra wallet\",\"TP\":\"Ecrow_Payment\",\"PID\":\"110\",\"CID\":\"85\",\"CMID\":\"71\"}'),
(592, 225, 28, '5.0000', '0.0000', 'Project_Commision_', '10%', '{\"FW\":\"Asim Patra wallet\",\"TW\":\"Site Profit Wallet\",\"TP\":\"Commission_Payment\",\"PID\":\"110\",\"CID\":\"85\",\"CMID\":\"71\"}'),
(593, 225, 17, '0.0000', '5.0000', 'Project_Commision', '10%', '{\"FW\":\"Asim Patra wallet\",\"TW\":\"Site Profit Wallet\",\"TP\":\"Commission_Payment\",\"PID\":\"110\",\"CID\":\"85\",\"CMID\":\"71\"}'),
(594, 226, 11, '45.0000', '0.0000', 'Project_Payment', 'Escrow Deposit', '{\"FW\":\"Workwork wallet\",\"TW\":\"Escrow Wallet\",\"TP\":\"Ecrow_Payment\",\"PID\":\"110\",\"CID\":\"85\"}'),
(595, 226, 20, '0.0000', '45.0000', 'Project_Payment', 'Escrow Deposit', '{\"FW\":\"Workwork wallet\",\"TW\":\"Escrow Wallet\",\"TP\":\"Ecrow_Payment\",\"PID\":\"110\",\"CID\":\"85\"}'),
(596, 227, 20, '45.0000', '0.0000', 'Project_Payment', 'Escrow Release', '{\"FW\":\"Escrow Wallet\",\"TW\":\"Asim Patra wallet\",\"TP\":\"Ecrow_Payment\",\"PID\":\"110\",\"CID\":\"85\",\"CMID\":\"72\"}'),
(597, 227, 28, '0.0000', '45.0000', 'Project_Payment', 'Escrow Release', '{\"FW\":\"Escrow Wallet\",\"TW\":\"Asim Patra wallet\",\"TP\":\"Ecrow_Payment\",\"PID\":\"110\",\"CID\":\"85\",\"CMID\":\"72\"}'),
(598, 227, 28, '4.5000', '0.0000', 'Project_Commision_', '10%', '{\"FW\":\"Asim Patra wallet\",\"TW\":\"Site Profit Wallet\",\"TP\":\"Commission_Payment\",\"PID\":\"110\",\"CID\":\"85\",\"CMID\":\"72\"}'),
(599, 227, 17, '0.0000', '4.5000', 'Project_Commision', '10%', '{\"FW\":\"Asim Patra wallet\",\"TW\":\"Site Profit Wallet\",\"TP\":\"Commission_Payment\",\"PID\":\"110\",\"CID\":\"85\",\"CMID\":\"72\"}'),
(600, 228, 26, '1500.0000', '0.0000', 'Payment_from', 'Bank', '{\"FW\":\"Bank Wallet\",\"TW\":\"Workwork wallet\",\"TP\":\"Payment_Payment\"}'),
(601, 228, 11, '0.0000', '1500.0000', 'Payment_from', 'Bank', '{\"FW\":\"Bank Wallet\",\"TW\":\"Workwork wallet\",\"TP\":\"Wallet_Topup\"}'),
(602, 229, 11, '100.0000', '0.0000', 'Project_Payment', 'Escrow Deposit', '{\"FW\":\"Workwork wallet\",\"TW\":\"Escrow Wallet\",\"TP\":\"Ecrow_Payment\",\"PID\":\"111\",\"CID\":\"86\"}'),
(603, 229, 20, '0.0000', '100.0000', 'Project_Payment', 'Escrow Deposit', '{\"FW\":\"Workwork wallet\",\"TW\":\"Escrow Wallet\",\"TP\":\"Ecrow_Payment\",\"PID\":\"111\",\"CID\":\"86\"}'),
(604, 230, 26, '10000.0000', '0.0000', 'Payment_from', 'Bank', '{\"FW\":\"Bank Wallet\",\"TW\":\"Workwork wallet\",\"TP\":\"Payment_Payment\"}'),
(605, 230, 11, '0.0000', '10000.0000', 'Payment_from', 'Bank', '{\"FW\":\"Bank Wallet\",\"TW\":\"Workwork wallet\",\"TP\":\"Wallet_Topup\"}'),
(606, 231, 11, '5000.0000', '0.0000', 'Project_Payment', 'Escrow Deposit', '{\"FW\":\"Workwork wallet\",\"TW\":\"Escrow Wallet\",\"TP\":\"Ecrow_Payment\",\"PID\":\"111\",\"CID\":\"86\"}'),
(607, 231, 20, '0.0000', '5000.0000', 'Project_Payment', 'Escrow Deposit', '{\"FW\":\"Workwork wallet\",\"TW\":\"Escrow Wallet\",\"TP\":\"Ecrow_Payment\",\"PID\":\"111\",\"CID\":\"86\"}'),
(608, 232, 20, '1600.0000', '0.0000', 'Project_Payment', 'Escrow Release', '{\"FW\":\"Escrow Wallet\",\"TW\":\"Asim Patra wallet\",\"TP\":\"Ecrow_Payment\",\"PID\":\"111\",\"CID\":\"86\"}'),
(609, 232, 28, '0.0000', '1600.0000', 'Project_Payment', 'Escrow Release', '{\"FW\":\"Escrow Wallet\",\"TW\":\"Asim Patra wallet\",\"TP\":\"Ecrow_Payment\",\"PID\":\"111\",\"CID\":\"86\"}'),
(610, 232, 28, '160.0000', '0.0000', 'Project_Commision_', '10%', '{\"FW\":\"Asim Patra wallet\",\"TW\":\"Site Profit Wallet\",\"TP\":\"Commission_Payment\",\"PID\":\"111\",\"CID\":\"86\"}'),
(611, 232, 17, '0.0000', '160.0000', 'Project_Commision', '10%', '{\"FW\":\"Asim Patra wallet\",\"TW\":\"Site Profit Wallet\",\"TP\":\"Commission_Payment\",\"PID\":\"111\",\"CID\":\"86\"}'),
(612, 233, 11, '550.0000', '0.0000', 'Project_Payment', 'Escrow Deposit', '{\"FW\":\"Workwork wallet\",\"TW\":\"Escrow Wallet\",\"TP\":\"Ecrow_Payment\",\"PID\":\"113\",\"CID\":\"87\"}'),
(613, 233, 20, '0.0000', '550.0000', 'Project_Payment', 'Escrow Deposit', '{\"FW\":\"Workwork wallet\",\"TW\":\"Escrow Wallet\",\"TP\":\"Ecrow_Payment\",\"PID\":\"113\",\"CID\":\"87\"}'),
(614, 234, 20, '550.0000', '0.0000', 'Project_Payment', 'Escrow Release', '{\"FW\":\"Escrow Wallet\",\"TW\":\"Asim Patra wallet\",\"TP\":\"Ecrow_Payment\",\"PID\":\"113\",\"CID\":\"87\"}'),
(615, 234, 28, '0.0000', '550.0000', 'Project_Payment', 'Escrow Release', '{\"FW\":\"Escrow Wallet\",\"TW\":\"Asim Patra wallet\",\"TP\":\"Ecrow_Payment\",\"PID\":\"113\",\"CID\":\"87\"}'),
(616, 234, 28, '55.0000', '0.0000', 'Project_Commision_', '10%', '{\"FW\":\"Asim Patra wallet\",\"TW\":\"Site Profit Wallet\",\"TP\":\"Commission_Payment\",\"PID\":\"113\",\"CID\":\"87\"}'),
(617, 234, 17, '0.0000', '55.0000', 'Project_Commision', '10%', '{\"FW\":\"Asim Patra wallet\",\"TW\":\"Site Profit Wallet\",\"TP\":\"Commission_Payment\",\"PID\":\"113\",\"CID\":\"87\"}'),
(618, 235, 11, '100.0000', '0.0000', 'Project_Payment', 'Escrow Deposit', '{\"FW\":\"Workwork wallet\",\"TW\":\"Escrow Wallet\",\"TP\":\"Ecrow_Payment\",\"PID\":\"114\",\"CID\":88}'),
(619, 235, 20, '0.0000', '100.0000', 'Project_Payment', 'Escrow Deposit', '{\"FW\":\"Workwork wallet\",\"TW\":\"Escrow Wallet\",\"TP\":\"Ecrow_Payment\",\"PID\":\"114\",\"CID\":88}'),
(620, 236, 11, '40.0000', '0.0000', 'Project_Payment', 'Escrow Deposit', '{\"FW\":\"Workwork wallet\",\"TW\":\"Escrow Wallet\",\"TP\":\"Ecrow_Payment\",\"PID\":\"116\",\"CID\":89}'),
(621, 236, 20, '0.0000', '40.0000', 'Project_Payment', 'Escrow Deposit', '{\"FW\":\"Workwork wallet\",\"TW\":\"Escrow Wallet\",\"TP\":\"Ecrow_Payment\",\"PID\":\"116\",\"CID\":89}'),
(622, 237, 20, '40.0000', '0.0000', 'Escrow_Payment', 'Dispute Deposit', '{\"FW\":\"Escrow Wallet\",\"TW\":\"Dispute Wallet\",\"TP\":\"Escrow_Dispute\",\"PID\":\"116\",\"CID\":\"89\",\"MID\":\"74\"}'),
(623, 237, 27, '0.0000', '40.0000', 'Dispute_Payment', 'Dispute Deposit', '{\"FW\":\"Escrow Wallet\",\"TW\":\"Dispute Wallet\",\"TP\":\"Escrow_Dispute\",\"PID\":\"116\",\"CID\":\"89\",\"MID\":\"74\"}'),
(624, 238, 11, '40.0000', '0.0000', 'Project_Payment', 'Escrow Deposit', '{\"FW\":\"Workwork wallet\",\"TW\":\"Escrow Wallet\",\"TP\":\"Ecrow_Payment\",\"PID\":\"116\",\"CID\":\"89\"}'),
(625, 238, 20, '0.0000', '40.0000', 'Project_Payment', 'Escrow Deposit', '{\"FW\":\"Workwork wallet\",\"TW\":\"Escrow Wallet\",\"TP\":\"Ecrow_Payment\",\"PID\":\"116\",\"CID\":\"89\"}'),
(626, 239, 20, '40.0000', '0.0000', 'Project_Payment', 'Escrow Release', '{\"FW\":\"Escrow Wallet\",\"TW\":\"Asim Patra wallet\",\"TP\":\"Ecrow_Payment\",\"PID\":\"116\",\"CID\":\"89\",\"CMID\":\"74\"}'),
(627, 239, 28, '0.0000', '40.0000', 'Project_Payment', 'Escrow Release', '{\"FW\":\"Escrow Wallet\",\"TW\":\"Asim Patra wallet\",\"TP\":\"Ecrow_Payment\",\"PID\":\"116\",\"CID\":\"89\",\"CMID\":\"74\"}'),
(628, 239, 28, '4.0000', '0.0000', 'Project_Commision_', '10%', '{\"FW\":\"Asim Patra wallet\",\"TW\":\"Site Profit Wallet\",\"TP\":\"Commission_Payment\",\"PID\":\"116\",\"CID\":\"89\",\"CMID\":\"74\"}'),
(629, 239, 17, '0.0000', '4.0000', 'Project_Commision', '10%', '{\"FW\":\"Asim Patra wallet\",\"TW\":\"Site Profit Wallet\",\"TP\":\"Commission_Payment\",\"PID\":\"116\",\"CID\":\"89\",\"CMID\":\"74\"}'),
(630, 240, 11, '50.0000', '0.0000', 'Project_Payment', 'Escrow Deposit', '{\"FW\":\"Workwork wallet\",\"TW\":\"Escrow Wallet\",\"TP\":\"Ecrow_Payment\",\"PID\":\"116\",\"CID\":\"89\"}'),
(631, 240, 20, '0.0000', '50.0000', 'Project_Payment', 'Escrow Deposit', '{\"FW\":\"Workwork wallet\",\"TW\":\"Escrow Wallet\",\"TP\":\"Ecrow_Payment\",\"PID\":\"116\",\"CID\":\"89\"}'),
(632, 241, 20, '50.0000', '0.0000', 'Escrow_Payment', 'Dispute Deposit', '{\"FW\":\"Escrow Wallet\",\"TW\":\"Dispute Wallet\",\"TP\":\"Escrow_Dispute\",\"PID\":\"116\",\"CID\":\"89\",\"MID\":\"75\"}'),
(633, 241, 27, '0.0000', '50.0000', 'Dispute_Payment', 'Dispute Deposit', '{\"FW\":\"Escrow Wallet\",\"TW\":\"Dispute Wallet\",\"TP\":\"Escrow_Dispute\",\"PID\":\"116\",\"CID\":\"89\",\"MID\":\"75\"}'),
(634, 242, 11, '40.0000', '0.0000', 'Project_Payment', 'Escrow Deposit', '{\"FW\":\"Workwork wallet\",\"TW\":\"Escrow Wallet\",\"TP\":\"Ecrow_Payment\",\"PID\":\"116\",\"CID\":\"89\"}'),
(635, 242, 20, '0.0000', '40.0000', 'Project_Payment', 'Escrow Deposit', '{\"FW\":\"Workwork wallet\",\"TW\":\"Escrow Wallet\",\"TP\":\"Ecrow_Payment\",\"PID\":\"116\",\"CID\":\"89\"}'),
(636, 243, 20, '40.0000', '0.0000', 'Escrow_Payment', 'Dispute Deposit', '{\"FW\":\"Escrow Wallet\",\"TW\":\"Dispute Wallet\",\"TP\":\"Escrow_Dispute\",\"PID\":\"116\",\"CID\":\"89\",\"MID\":\"76\"}'),
(637, 243, 27, '0.0000', '40.0000', 'Dispute_Payment', 'Dispute Deposit', '{\"FW\":\"Escrow Wallet\",\"TW\":\"Dispute Wallet\",\"TP\":\"Escrow_Dispute\",\"PID\":\"116\",\"CID\":\"89\",\"MID\":\"76\"}');

-- --------------------------------------------------------

--
-- Table structure for table `pref_wallet_transaction_type`
--

CREATE TABLE `pref_wallet_transaction_type` (
  `wallet_transaction_type_id` int(11) NOT NULL,
  `title_tkey` varchar(45) NOT NULL,
  `description_tkey` varchar(255) NOT NULL
) ENGINE=InnoDB DEFAULT CHARSET=utf8;

--
-- Dumping data for table `pref_wallet_transaction_type`
--

INSERT INTO `pref_wallet_transaction_type` (`wallet_transaction_type_id`, `title_tkey`, `description_tkey`) VALUES
(1, 'ADD_FUND_PAYPAL', 'Add Fund By Paypal'),
(2, 'WITHDRAW', 'Withdraw'),
(3, 'ESCROW_DEPOSIT', 'Project Payment Towards Escrow'),
(4, 'ESCROW_RELEASE', 'Project Payment Release From Escrow'),
(5, 'ADD_FUND_BY_ADMIN', 'Add Fund By Admin'),
(6, 'ESCROW_DISPUTE', 'Project Payment Towards dispute'),
(7, 'DISPUTE_RESOLVE', 'Project Payment Dispute Resolve'),
(8, 'ADD_FUND_STRIPE', 'Add fund by Stripe'),
(9, 'MEMBERSHIP_PAYMENT_PAYPAL', 'Membership payment by Paypal'),
(10, 'MEMBERSHIP_PAYMENT_STRIPE', 'Membership payment by Stripe'),
(11, 'MEMBERSHIP_PAYMENT_WALLET', 'Membership payment by Wallet');

--
-- Indexes for dumped tables
--

--
-- Indexes for table `pref_access_panel`
--
ALTER TABLE `pref_access_panel`
  ADD PRIMARY KEY (`access_user_id`),
  ADD UNIQUE KEY `user_email` (`access_user_email`);

--
-- Indexes for table `pref_admin`
--
ALTER TABLE `pref_admin`
  ADD PRIMARY KEY (`admin_id`);

--
-- Indexes for table `pref_adminmenu`
--
ALTER TABLE `pref_adminmenu`
  ADD PRIMARY KEY (`id`),
  ADD UNIQUE KEY `kid` (`name`,`parent_id`);

--
-- Indexes for table `pref_admin_notifications`
--
ALTER TABLE `pref_admin_notifications`
  ADD PRIMARY KEY (`id`);

--
-- Indexes for table `pref_admin_role`
--
ALTER TABLE `pref_admin_role`
  ADD PRIMARY KEY (`role_id`);

--
-- Indexes for table `pref_badges`
--
ALTER TABLE `pref_badges`
  ADD PRIMARY KEY (`badge_id`);

--
-- Indexes for table `pref_category`
--
ALTER TABLE `pref_category`
  ADD PRIMARY KEY (`category_id`),
  ADD UNIQUE KEY `category_key` (`category_key`);

--
-- Indexes for table `pref_category_subchild`
--
ALTER TABLE `pref_category_subchild`
  ADD PRIMARY KEY (`category_subchild_id`),
  ADD UNIQUE KEY `category_key` (`category_subchild_key`);

--
-- Indexes for table `pref_cms_help`
--
ALTER TABLE `pref_cms_help`
  ADD PRIMARY KEY (`cms_help_id`);

--
-- Indexes for table `pref_cms_help_article`
--
ALTER TABLE `pref_cms_help_article`
  ADD PRIMARY KEY (`cms_help_article_id`);

--
-- Indexes for table `pref_cms_temp`
--
ALTER TABLE `pref_cms_temp`
  ADD UNIQUE KEY `cms_key` (`cms_key`);

--
-- Indexes for table `pref_commission_slab`
--
ALTER TABLE `pref_commission_slab`
  ADD PRIMARY KEY (`commission_slab_id`);

--
-- Indexes for table `pref_contact`
--
ALTER TABLE `pref_contact`
  ADD PRIMARY KEY (`contact_id`);

--
-- Indexes for table `pref_content`
--
ALTER TABLE `pref_content`
  ADD PRIMARY KEY (`content_id`);

--
-- Indexes for table `pref_contract_reviews`
--
ALTER TABLE `pref_contract_reviews`
  ADD PRIMARY KEY (`review_id`);

--
-- Indexes for table `pref_conversations`
--
ALTER TABLE `pref_conversations`
  ADD PRIMARY KEY (`conversations_id`);

--
-- Indexes for table `pref_conversations_message`
--
ALTER TABLE `pref_conversations_message`
  ADD PRIMARY KEY (`message_id`);

--
-- Indexes for table `pref_conversations_message_edited`
--
ALTER TABLE `pref_conversations_message_edited`
  ADD PRIMARY KEY (`edit_id`),
  ADD KEY `mesage_id` (`mesage_id`);

--
-- Indexes for table `pref_conversations_message_favorite`
--
ALTER TABLE `pref_conversations_message_favorite`
  ADD UNIQUE KEY `message_id` (`message_id`,`member_id`);

--
-- Indexes for table `pref_country`
--
ALTER TABLE `pref_country`
  ADD PRIMARY KEY (`country_id`),
  ADD UNIQUE KEY `Code` (`country_code`),
  ADD UNIQUE KEY `Code_2` (`country_code`) USING BTREE;

--
-- Indexes for table `pref_country_names`
--
ALTER TABLE `pref_country_names`
  ADD KEY `country_code` (`country_code`);

--
-- Indexes for table `pref_experience_level`
--
ALTER TABLE `pref_experience_level`
  ADD PRIMARY KEY (`experience_level_id`);

--
-- Indexes for table `pref_files`
--
ALTER TABLE `pref_files`
  ADD PRIMARY KEY (`file_id`);

--
-- Indexes for table `pref_home_section_slider`
--
ALTER TABLE `pref_home_section_slider`
  ADD PRIMARY KEY (`slide_id`);

--
-- Indexes for table `pref_invoice`
--
ALTER TABLE `pref_invoice`
  ADD PRIMARY KEY (`invoice_id`);

--
-- Indexes for table `pref_invoice_row`
--
ALTER TABLE `pref_invoice_row`
  ADD PRIMARY KEY (`invoice_row_id`);

--
-- Indexes for table `pref_invoice_type`
--
ALTER TABLE `pref_invoice_type`
  ADD PRIMARY KEY (`invoice_type_id`);

--
-- Indexes for table `pref_language`
--
ALTER TABLE `pref_language`
  ADD PRIMARY KEY (`language_id`);

--
-- Indexes for table `pref_language_preference`
--
ALTER TABLE `pref_language_preference`
  ADD PRIMARY KEY (`language_preference_id`);

--
-- Indexes for table `pref_mailtemplate`
--
ALTER TABLE `pref_mailtemplate`
  ADD PRIMARY KEY (`template_id`);

--
-- Indexes for table `pref_mailtemplate_names`
--
ALTER TABLE `pref_mailtemplate_names`
  ADD UNIQUE KEY `template_id` (`template_id`,`lang`);

--
-- Indexes for table `pref_member`
--
ALTER TABLE `pref_member`
  ADD PRIMARY KEY (`member_id`);

--
-- Indexes for table `pref_membership`
--
ALTER TABLE `pref_membership`
  ADD PRIMARY KEY (`membership_id`);

--
-- Indexes for table `pref_membership_badge`
--
ALTER TABLE `pref_membership_badge`
  ADD UNIQUE KEY `membership_id` (`membership_id`,`badge_id`);

--
-- Indexes for table `pref_membership_names`
--
ALTER TABLE `pref_membership_names`
  ADD UNIQUE KEY `membership_id` (`membership_id`,`lang`);

--
-- Indexes for table `pref_member_address`
--
ALTER TABLE `pref_member_address`
  ADD PRIMARY KEY (`member_address_id`);

--
-- Indexes for table `pref_member_basic`
--
ALTER TABLE `pref_member_basic`
  ADD PRIMARY KEY (`member_basic_id`);

--
-- Indexes for table `pref_member_document_application`
--
ALTER TABLE `pref_member_document_application`
  ADD PRIMARY KEY (`document_id`);

--
-- Indexes for table `pref_member_education`
--
ALTER TABLE `pref_member_education`
  ADD PRIMARY KEY (`education_id`);

--
-- Indexes for table `pref_member_employment`
--
ALTER TABLE `pref_member_employment`
  ADD PRIMARY KEY (`employment_id`);

--
-- Indexes for table `pref_member_language`
--
ALTER TABLE `pref_member_language`
  ADD PRIMARY KEY (`member_language_id`);

--
-- Indexes for table `pref_member_logo`
--
ALTER TABLE `pref_member_logo`
  ADD PRIMARY KEY (`member_logo_id`);

--
-- Indexes for table `pref_member_membership`
--
ALTER TABLE `pref_member_membership`
  ADD UNIQUE KEY `member_id` (`member_id`);

--
-- Indexes for table `pref_member_membership_log`
--
ALTER TABLE `pref_member_membership_log`
  ADD PRIMARY KEY (`log_id`);

--
-- Indexes for table `pref_member_notifications`
--
ALTER TABLE `pref_member_notifications`
  ADD PRIMARY KEY (`notification_id`);

--
-- Indexes for table `pref_member_portfolio`
--
ALTER TABLE `pref_member_portfolio`
  ADD PRIMARY KEY (`portfolio_id`);

--
-- Indexes for table `pref_member_withdraw_account`
--
ALTER TABLE `pref_member_withdraw_account`
  ADD PRIMARY KEY (`account_id`);

--
-- Indexes for table `pref_notifications_template`
--
ALTER TABLE `pref_notifications_template`
  ADD PRIMARY KEY (`notification_template_id`);

--
-- Indexes for table `pref_notifications_template_names`
--
ALTER TABLE `pref_notifications_template_names`
  ADD UNIQUE KEY `notification_template_id` (`notification_template_id`,`lang`);

--
-- Indexes for table `pref_online_transaction_data`
--
ALTER TABLE `pref_online_transaction_data`
  ADD PRIMARY KEY (`online_id`);

--
-- Indexes for table `pref_organization`
--
ALTER TABLE `pref_organization`
  ADD PRIMARY KEY (`organization_id`);

--
-- Indexes for table `pref_organization_address`
--
ALTER TABLE `pref_organization_address`
  ADD PRIMARY KEY (`organization_address_id`);

--
-- Indexes for table `pref_organization_logo`
--
ALTER TABLE `pref_organization_logo`
  ADD PRIMARY KEY (`organization_logo_id`);

--
-- Indexes for table `pref_project`
--
ALTER TABLE `pref_project`
  ADD PRIMARY KEY (`project_id`),
  ADD UNIQUE KEY `project_url` (`project_url`);

--
-- Indexes for table `pref_project_additional`
--
ALTER TABLE `pref_project_additional`
  ADD PRIMARY KEY (`project_additional_id`);

--
-- Indexes for table `pref_project_bids`
--
ALTER TABLE `pref_project_bids`
  ADD PRIMARY KEY (`bid_id`);

--
-- Indexes for table `pref_project_bid_interview`
--
ALTER TABLE `pref_project_bid_interview`
  ADD PRIMARY KEY (`bid_interview_id`);

--
-- Indexes for table `pref_project_bid_invitation`
--
ALTER TABLE `pref_project_bid_invitation`
  ADD PRIMARY KEY (`invitation_id`);

--
-- Indexes for table `pref_project_contract`
--
ALTER TABLE `pref_project_contract`
  ADD PRIMARY KEY (`contract_id`);

--
-- Indexes for table `pref_project_contract_dispute`
--
ALTER TABLE `pref_project_contract_dispute`
  ADD PRIMARY KEY (`project_contract_dispute_id`);

--
-- Indexes for table `pref_project_contract_dispute_submission`
--
ALTER TABLE `pref_project_contract_dispute_submission`
  ADD PRIMARY KEY (`submission_id`);

--
-- Indexes for table `pref_project_contract_hour_log`
--
ALTER TABLE `pref_project_contract_hour_log`
  ADD PRIMARY KEY (`log_id`);

--
-- Indexes for table `pref_project_contract_invoice`
--
ALTER TABLE `pref_project_contract_invoice`
  ADD PRIMARY KEY (`project_contract_invoice_id`);

--
-- Indexes for table `pref_project_contract_milestone`
--
ALTER TABLE `pref_project_contract_milestone`
  ADD PRIMARY KEY (`contract_milestone_id`);

--
-- Indexes for table `pref_project_contract_milestone_submission`
--
ALTER TABLE `pref_project_contract_milestone_submission`
  ADD PRIMARY KEY (`submission_id`);

--
-- Indexes for table `pref_project_files`
--
ALTER TABLE `pref_project_files`
  ADD PRIMARY KEY (`project_file_id`);

--
-- Indexes for table `pref_project_owner`
--
ALTER TABLE `pref_project_owner`
  ADD PRIMARY KEY (`project_owner_id`);

--
-- Indexes for table `pref_project_payment_escrow`
--
ALTER TABLE `pref_project_payment_escrow`
  ADD PRIMARY KEY (`payment_escrow_id`);

--
-- Indexes for table `pref_project_question`
--
ALTER TABLE `pref_project_question`
  ADD PRIMARY KEY (`project_question_id`);

--
-- Indexes for table `pref_project_settings`
--
ALTER TABLE `pref_project_settings`
  ADD PRIMARY KEY (`project_settings_id`);

--
-- Indexes for table `pref_project_skills`
--
ALTER TABLE `pref_project_skills`
  ADD PRIMARY KEY (`project_skill_id`);

--
-- Indexes for table `pref_question`
--
ALTER TABLE `pref_question`
  ADD PRIMARY KEY (`question_id`);

--
-- Indexes for table `pref_reports`
--
ALTER TABLE `pref_reports`
  ADD PRIMARY KEY (`id`);

--
-- Indexes for table `pref_section_boxes`
--
ALTER TABLE `pref_section_boxes`
  ADD PRIMARY KEY (`box_id`);

--
-- Indexes for table `pref_settings`
--
ALTER TABLE `pref_settings`
  ADD PRIMARY KEY (`id`),
  ADD UNIQUE KEY `key` (`setting_key`);

--
-- Indexes for table `pref_setting_group`
--
ALTER TABLE `pref_setting_group`
  ADD PRIMARY KEY (`setting_group_id`);

--
-- Indexes for table `pref_skills`
--
ALTER TABLE `pref_skills`
  ADD PRIMARY KEY (`skill_id`),
  ADD UNIQUE KEY `skill_key` (`skill_key`);

--
-- Indexes for table `pref_testimonial`
--
ALTER TABLE `pref_testimonial`
  ADD PRIMARY KEY (`testimonial_id`);

--
-- Indexes for table `pref_wallet`
--
ALTER TABLE `pref_wallet`
  ADD PRIMARY KEY (`wallet_id`);

--
-- Indexes for table `pref_wallet_transaction`
--
ALTER TABLE `pref_wallet_transaction`
  ADD PRIMARY KEY (`wallet_transaction_id`);

--
-- Indexes for table `pref_wallet_transaction_row`
--
ALTER TABLE `pref_wallet_transaction_row`
  ADD PRIMARY KEY (`wallet_transaction_row_id`);

--
-- Indexes for table `pref_wallet_transaction_type`
--
ALTER TABLE `pref_wallet_transaction_type`
  ADD PRIMARY KEY (`wallet_transaction_type_id`);

--
-- AUTO_INCREMENT for dumped tables
--

--
-- AUTO_INCREMENT for table `pref_access_panel`
--
ALTER TABLE `pref_access_panel`
  MODIFY `access_user_id` int(11) NOT NULL AUTO_INCREMENT, AUTO_INCREMENT=74;

--
-- AUTO_INCREMENT for table `pref_admin`
--
ALTER TABLE `pref_admin`
  MODIFY `admin_id` int(11) UNSIGNED NOT NULL AUTO_INCREMENT, AUTO_INCREMENT=7;

--
-- AUTO_INCREMENT for table `pref_adminmenu`
--
ALTER TABLE `pref_adminmenu`
  MODIFY `id` int(4) NOT NULL AUTO_INCREMENT, AUTO_INCREMENT=99;

--
-- AUTO_INCREMENT for table `pref_admin_notifications`
--
ALTER TABLE `pref_admin_notifications`
  MODIFY `id` int(11) NOT NULL AUTO_INCREMENT, AUTO_INCREMENT=263;

--
-- AUTO_INCREMENT for table `pref_admin_role`
--
ALTER TABLE `pref_admin_role`
  MODIFY `role_id` int(11) NOT NULL AUTO_INCREMENT, AUTO_INCREMENT=5;

--
-- AUTO_INCREMENT for table `pref_badges`
--
ALTER TABLE `pref_badges`
  MODIFY `badge_id` int(11) NOT NULL AUTO_INCREMENT, AUTO_INCREMENT=5;

--
-- AUTO_INCREMENT for table `pref_category`
--
ALTER TABLE `pref_category`
  MODIFY `category_id` int(11) NOT NULL AUTO_INCREMENT, AUTO_INCREMENT=15;

--
-- AUTO_INCREMENT for table `pref_category_subchild`
--
ALTER TABLE `pref_category_subchild`
  MODIFY `category_subchild_id` int(11) NOT NULL AUTO_INCREMENT, AUTO_INCREMENT=12;

--
-- AUTO_INCREMENT for table `pref_cms_help`
--
ALTER TABLE `pref_cms_help`
  MODIFY `cms_help_id` int(11) NOT NULL AUTO_INCREMENT, AUTO_INCREMENT=15;

--
-- AUTO_INCREMENT for table `pref_cms_help_article`
--
ALTER TABLE `pref_cms_help_article`
  MODIFY `cms_help_article_id` int(11) NOT NULL AUTO_INCREMENT, AUTO_INCREMENT=10;

--
-- AUTO_INCREMENT for table `pref_commission_slab`
--
ALTER TABLE `pref_commission_slab`
  MODIFY `commission_slab_id` int(11) NOT NULL AUTO_INCREMENT, AUTO_INCREMENT=4;

--
-- AUTO_INCREMENT for table `pref_contact`
--
ALTER TABLE `pref_contact`
  MODIFY `contact_id` int(11) NOT NULL AUTO_INCREMENT, AUTO_INCREMENT=12;

--
-- AUTO_INCREMENT for table `pref_content`
--
ALTER TABLE `pref_content`
  MODIFY `content_id` int(11) NOT NULL AUTO_INCREMENT, AUTO_INCREMENT=17;

--
-- AUTO_INCREMENT for table `pref_contract_reviews`
--
ALTER TABLE `pref_contract_reviews`
  MODIFY `review_id` int(11) NOT NULL AUTO_INCREMENT, AUTO_INCREMENT=52;

--
-- AUTO_INCREMENT for table `pref_conversations`
--
ALTER TABLE `pref_conversations`
  MODIFY `conversations_id` int(11) NOT NULL AUTO_INCREMENT, AUTO_INCREMENT=57;

--
-- AUTO_INCREMENT for table `pref_conversations_message`
--
ALTER TABLE `pref_conversations_message`
  MODIFY `message_id` int(11) NOT NULL AUTO_INCREMENT, AUTO_INCREMENT=221;

--
-- AUTO_INCREMENT for table `pref_conversations_message_edited`
--
ALTER TABLE `pref_conversations_message_edited`
  MODIFY `edit_id` int(11) NOT NULL AUTO_INCREMENT, AUTO_INCREMENT=8;

--
-- AUTO_INCREMENT for table `pref_country`
--
ALTER TABLE `pref_country`
  MODIFY `country_id` int(11) NOT NULL AUTO_INCREMENT, AUTO_INCREMENT=240;

--
-- AUTO_INCREMENT for table `pref_experience_level`
--
ALTER TABLE `pref_experience_level`
  MODIFY `experience_level_id` int(11) NOT NULL AUTO_INCREMENT, AUTO_INCREMENT=4;

--
-- AUTO_INCREMENT for table `pref_files`
--
ALTER TABLE `pref_files`
  MODIFY `file_id` int(11) NOT NULL AUTO_INCREMENT, AUTO_INCREMENT=46;

--
-- AUTO_INCREMENT for table `pref_home_section_slider`
--
ALTER TABLE `pref_home_section_slider`
  MODIFY `slide_id` int(100) NOT NULL AUTO_INCREMENT, AUTO_INCREMENT=23;

--
-- AUTO_INCREMENT for table `pref_invoice`
--
ALTER TABLE `pref_invoice`
  MODIFY `invoice_id` int(11) NOT NULL AUTO_INCREMENT, AUTO_INCREMENT=58;

--
-- AUTO_INCREMENT for table `pref_invoice_row`
--
ALTER TABLE `pref_invoice_row`
  MODIFY `invoice_row_id` int(11) NOT NULL AUTO_INCREMENT, AUTO_INCREMENT=61;

--
-- AUTO_INCREMENT for table `pref_invoice_type`
--
ALTER TABLE `pref_invoice_type`
  MODIFY `invoice_type_id` int(11) NOT NULL AUTO_INCREMENT, AUTO_INCREMENT=2;

--
-- AUTO_INCREMENT for table `pref_language`
--
ALTER TABLE `pref_language`
  MODIFY `language_id` int(11) NOT NULL AUTO_INCREMENT, AUTO_INCREMENT=5;

--
-- AUTO_INCREMENT for table `pref_language_preference`
--
ALTER TABLE `pref_language_preference`
  MODIFY `language_preference_id` int(11) NOT NULL AUTO_INCREMENT, AUTO_INCREMENT=5;

--
-- AUTO_INCREMENT for table `pref_mailtemplate`
--
ALTER TABLE `pref_mailtemplate`
  MODIFY `template_id` int(11) NOT NULL AUTO_INCREMENT, AUTO_INCREMENT=36;

--
-- AUTO_INCREMENT for table `pref_member`
--
ALTER TABLE `pref_member`
  MODIFY `member_id` int(11) NOT NULL AUTO_INCREMENT, AUTO_INCREMENT=74;

--
-- AUTO_INCREMENT for table `pref_membership`
--
ALTER TABLE `pref_membership`
  MODIFY `membership_id` int(11) NOT NULL AUTO_INCREMENT, AUTO_INCREMENT=5;

--
-- AUTO_INCREMENT for table `pref_member_address`
--
ALTER TABLE `pref_member_address`
  MODIFY `member_address_id` int(11) NOT NULL AUTO_INCREMENT, AUTO_INCREMENT=54;

--
-- AUTO_INCREMENT for table `pref_member_basic`
--
ALTER TABLE `pref_member_basic`
  MODIFY `member_basic_id` int(11) NOT NULL AUTO_INCREMENT, AUTO_INCREMENT=15;

--
-- AUTO_INCREMENT for table `pref_member_document_application`
--
ALTER TABLE `pref_member_document_application`
  MODIFY `document_id` int(11) NOT NULL AUTO_INCREMENT, AUTO_INCREMENT=11;

--
-- AUTO_INCREMENT for table `pref_member_education`
--
ALTER TABLE `pref_member_education`
  MODIFY `education_id` int(11) NOT NULL AUTO_INCREMENT, AUTO_INCREMENT=10;

--
-- AUTO_INCREMENT for table `pref_member_employment`
--
ALTER TABLE `pref_member_employment`
  MODIFY `employment_id` int(11) NOT NULL AUTO_INCREMENT, AUTO_INCREMENT=11;

--
-- AUTO_INCREMENT for table `pref_member_language`
--
ALTER TABLE `pref_member_language`
  MODIFY `member_language_id` int(11) NOT NULL AUTO_INCREMENT, AUTO_INCREMENT=21;

--
-- AUTO_INCREMENT for table `pref_member_logo`
--
ALTER TABLE `pref_member_logo`
  MODIFY `member_logo_id` int(11) NOT NULL AUTO_INCREMENT, AUTO_INCREMENT=10;

--
-- AUTO_INCREMENT for table `pref_member_membership_log`
--
ALTER TABLE `pref_member_membership_log`
  MODIFY `log_id` int(11) NOT NULL AUTO_INCREMENT, AUTO_INCREMENT=18;

--
-- AUTO_INCREMENT for table `pref_member_notifications`
--
ALTER TABLE `pref_member_notifications`
  MODIFY `notification_id` int(11) NOT NULL AUTO_INCREMENT, AUTO_INCREMENT=536;

--
-- AUTO_INCREMENT for table `pref_member_portfolio`
--
ALTER TABLE `pref_member_portfolio`
  MODIFY `portfolio_id` int(11) NOT NULL AUTO_INCREMENT, AUTO_INCREMENT=19;

--
-- AUTO_INCREMENT for table `pref_member_withdraw_account`
--
ALTER TABLE `pref_member_withdraw_account`
  MODIFY `account_id` int(11) NOT NULL AUTO_INCREMENT, AUTO_INCREMENT=11;

--
-- AUTO_INCREMENT for table `pref_notifications_template`
--
ALTER TABLE `pref_notifications_template`
  MODIFY `notification_template_id` int(11) NOT NULL AUTO_INCREMENT, AUTO_INCREMENT=33;

--
-- AUTO_INCREMENT for table `pref_online_transaction_data`
--
ALTER TABLE `pref_online_transaction_data`
  MODIFY `online_id` int(11) NOT NULL AUTO_INCREMENT, AUTO_INCREMENT=150;

--
-- AUTO_INCREMENT for table `pref_organization`
--
ALTER TABLE `pref_organization`
  MODIFY `organization_id` int(11) NOT NULL AUTO_INCREMENT, AUTO_INCREMENT=22;

--
-- AUTO_INCREMENT for table `pref_organization_address`
--
ALTER TABLE `pref_organization_address`
  MODIFY `organization_address_id` int(11) NOT NULL AUTO_INCREMENT, AUTO_INCREMENT=21;

--
-- AUTO_INCREMENT for table `pref_organization_logo`
--
ALTER TABLE `pref_organization_logo`
  MODIFY `organization_logo_id` int(11) NOT NULL AUTO_INCREMENT, AUTO_INCREMENT=5;

--
-- AUTO_INCREMENT for table `pref_project`
--
ALTER TABLE `pref_project`
  MODIFY `project_id` int(11) NOT NULL AUTO_INCREMENT, AUTO_INCREMENT=117;

--
-- AUTO_INCREMENT for table `pref_project_additional`
--
ALTER TABLE `pref_project_additional`
  MODIFY `project_additional_id` int(11) NOT NULL AUTO_INCREMENT, AUTO_INCREMENT=117;

--
-- AUTO_INCREMENT for table `pref_project_bids`
--
ALTER TABLE `pref_project_bids`
  MODIFY `bid_id` int(11) NOT NULL AUTO_INCREMENT, AUTO_INCREMENT=77;

--
-- AUTO_INCREMENT for table `pref_project_bid_interview`
--
ALTER TABLE `pref_project_bid_interview`
  MODIFY `bid_interview_id` int(11) NOT NULL AUTO_INCREMENT;

--
-- AUTO_INCREMENT for table `pref_project_bid_invitation`
--
ALTER TABLE `pref_project_bid_invitation`
  MODIFY `invitation_id` int(11) NOT NULL AUTO_INCREMENT, AUTO_INCREMENT=54;

--
-- AUTO_INCREMENT for table `pref_project_contract`
--
ALTER TABLE `pref_project_contract`
  MODIFY `contract_id` int(11) NOT NULL AUTO_INCREMENT, AUTO_INCREMENT=90;

--
-- AUTO_INCREMENT for table `pref_project_contract_dispute`
--
ALTER TABLE `pref_project_contract_dispute`
  MODIFY `project_contract_dispute_id` int(11) NOT NULL AUTO_INCREMENT, AUTO_INCREMENT=17;

--
-- AUTO_INCREMENT for table `pref_project_contract_dispute_submission`
--
ALTER TABLE `pref_project_contract_dispute_submission`
  MODIFY `submission_id` int(11) NOT NULL AUTO_INCREMENT, AUTO_INCREMENT=20;

--
-- AUTO_INCREMENT for table `pref_project_contract_hour_log`
--
ALTER TABLE `pref_project_contract_hour_log`
  MODIFY `log_id` int(11) NOT NULL AUTO_INCREMENT, AUTO_INCREMENT=27;

--
-- AUTO_INCREMENT for table `pref_project_contract_invoice`
--
ALTER TABLE `pref_project_contract_invoice`
  MODIFY `project_contract_invoice_id` int(11) NOT NULL AUTO_INCREMENT, AUTO_INCREMENT=58;

--
-- AUTO_INCREMENT for table `pref_project_contract_milestone`
--
ALTER TABLE `pref_project_contract_milestone`
  MODIFY `contract_milestone_id` int(11) NOT NULL AUTO_INCREMENT, AUTO_INCREMENT=77;

--
-- AUTO_INCREMENT for table `pref_project_contract_milestone_submission`
--
ALTER TABLE `pref_project_contract_milestone_submission`
  MODIFY `submission_id` int(11) NOT NULL AUTO_INCREMENT, AUTO_INCREMENT=51;

--
-- AUTO_INCREMENT for table `pref_project_files`
--
ALTER TABLE `pref_project_files`
  MODIFY `project_file_id` int(11) NOT NULL AUTO_INCREMENT, AUTO_INCREMENT=52;

--
-- AUTO_INCREMENT for table `pref_project_owner`
--
ALTER TABLE `pref_project_owner`
  MODIFY `project_owner_id` int(11) NOT NULL AUTO_INCREMENT, AUTO_INCREMENT=117;

--
-- AUTO_INCREMENT for table `pref_project_payment_escrow`
--
ALTER TABLE `pref_project_payment_escrow`
  MODIFY `payment_escrow_id` int(11) NOT NULL AUTO_INCREMENT, AUTO_INCREMENT=153;

--
-- AUTO_INCREMENT for table `pref_project_question`
--
ALTER TABLE `pref_project_question`
  MODIFY `project_question_id` int(11) NOT NULL AUTO_INCREMENT, AUTO_INCREMENT=49;

--
-- AUTO_INCREMENT for table `pref_project_settings`
--
ALTER TABLE `pref_project_settings`
  MODIFY `project_settings_id` int(11) NOT NULL AUTO_INCREMENT, AUTO_INCREMENT=115;

--
-- AUTO_INCREMENT for table `pref_project_skills`
--
ALTER TABLE `pref_project_skills`
  MODIFY `project_skill_id` int(11) NOT NULL AUTO_INCREMENT, AUTO_INCREMENT=211;

--
-- AUTO_INCREMENT for table `pref_question`
--
ALTER TABLE `pref_question`
  MODIFY `question_id` int(11) NOT NULL AUTO_INCREMENT, AUTO_INCREMENT=38;

--
-- AUTO_INCREMENT for table `pref_reports`
--
ALTER TABLE `pref_reports`
  MODIFY `id` int(10) NOT NULL AUTO_INCREMENT, AUTO_INCREMENT=3;

--
-- AUTO_INCREMENT for table `pref_section_boxes`
--
ALTER TABLE `pref_section_boxes`
  MODIFY `box_id` int(10) NOT NULL AUTO_INCREMENT, AUTO_INCREMENT=5;

--
-- AUTO_INCREMENT for table `pref_settings`
--
ALTER TABLE `pref_settings`
  MODIFY `id` int(11) NOT NULL AUTO_INCREMENT, AUTO_INCREMENT=72;

--
-- AUTO_INCREMENT for table `pref_setting_group`
--
ALTER TABLE `pref_setting_group`
  MODIFY `setting_group_id` int(11) NOT NULL AUTO_INCREMENT, AUTO_INCREMENT=10;

--
-- AUTO_INCREMENT for table `pref_skills`
--
ALTER TABLE `pref_skills`
  MODIFY `skill_id` int(11) NOT NULL AUTO_INCREMENT, AUTO_INCREMENT=25;

--
-- AUTO_INCREMENT for table `pref_testimonial`
--
ALTER TABLE `pref_testimonial`
  MODIFY `testimonial_id` int(11) NOT NULL AUTO_INCREMENT, AUTO_INCREMENT=5;

--
-- AUTO_INCREMENT for table `pref_wallet`
--
ALTER TABLE `pref_wallet`
  MODIFY `wallet_id` int(11) NOT NULL AUTO_INCREMENT, AUTO_INCREMENT=88;

--
-- AUTO_INCREMENT for table `pref_wallet_transaction`
--
ALTER TABLE `pref_wallet_transaction`
  MODIFY `wallet_transaction_id` int(11) NOT NULL AUTO_INCREMENT, AUTO_INCREMENT=244;

--
-- AUTO_INCREMENT for table `pref_wallet_transaction_row`
--
ALTER TABLE `pref_wallet_transaction_row`
  MODIFY `wallet_transaction_row_id` int(11) NOT NULL AUTO_INCREMENT, AUTO_INCREMENT=638;

--
-- AUTO_INCREMENT for table `pref_wallet_transaction_type`
--
ALTER TABLE `pref_wallet_transaction_type`
  MODIFY `wallet_transaction_type_id` int(11) NOT NULL AUTO_INCREMENT, AUTO_INCREMENT=12;
COMMIT;

/*!40101 SET CHARACTER_SET_CLIENT=@OLD_CHARACTER_SET_CLIENT */;
/*!40101 SET CHARACTER_SET_RESULTS=@OLD_CHARACTER_SET_RESULTS */;
/*!40101 SET COLLATION_CONNECTION=@OLD_COLLATION_CONNECTION */;
